Timestamp,User Count,Type,Name,Requests/s,Failures/s,50%,66%,75%,80%,90%,95%,98%,99%,99.9%,99.99%,100%,Total Request Count,Total Failure Count,Total Median Response Time,Total Average Response Time,Total Min Response Time,Total Max Response Time,Total Average Content Size
1764632597,0,,Aggregated,0.000000,0.000000,N/A,N/A,N/A,N/A,N/A,N/A,N/A,N/A,N/A,N/A,N/A,0,0,0,0.0,0,0,0
1764632598,10,,Aggregated,0.000000,0.000000,560,570,730,800,870,900,900,900,900,900,900,15,0,560.0,502.1370933332946,151.83620000607334,904.8630999968736,8434.466666666667
1764632599,12,,Aggregated,0.000000,0.000000,270,560,570,720,800,870,900,900,900,900,900,21,0,270.0,412.6491999999243,71.12040000356501,904.8630999968736,6716.380952380952
1764632600,14,,Aggregated,0.000000,0.000000,220,270,560,570,800,870,900,900,900,900,900,30,0,210.0,327.2197766663642,55.61880000459496,904.8630999968736,5345.566666666667
1764632601,16,,Aggregated,10.000000,0.000000,220,290,390,560,730,870,900,900,900,900,900,38,0,210.0,303.74652631546365,55.61880000459496,904.8630999968736,4562.210526315789
1764632602,18,,Aggregated,8.000000,0.000000,210,270,350,480,730,870,4700,4700,4700,4700,4700,46,1,200.0,372.42696739090405,53.86549999821,4675.944000002346,4128.673913043478
1764632603,20,,Aggregated,8.000000,0.000000,200,250,340,480,720,870,900,4700,4700,4700,4700,55,1,200.0,337.5135872723397,53.86549999821,4675.944000002346,3839.4545454545455
1764632604,22,,Aggregated,7.800000,0.000000,170,220,270,350,570,800,900,4700,4700,4700,4700,65,1,170.0,305.7093046152239,53.86549999821,4675.944000002346,3556.230769230769
1764632605,24,,Aggregated,8.166667,0.166667,160,220,250,340,560,800,900,4700,4700,4700,4700,75,1,160.0,283.78082933302113,50.81079999945359,4675.944000002346,3407.2933333333335
1764632606,26,,Aggregated,8.571429,0.142857,150,210,250,290,560,730,900,4700,4700,4700,4700,89,1,150.0,259.04897752815066,50.81079999945359,4675.944000002346,3023.932584269663
1764632607,28,,Aggregated,8.625000,0.125000,150,200,230,270,480,720,870,900,4700,4700,4700,101,1,150.0,244.02989504942704,50.81079999945359,4675.944000002346,2940.227722772277
1764632608,30,,Aggregated,8.777778,0.111111,150,180,220,250,440,720,870,900,4700,4700,4700,113,1,150.0,228.96208053089543,49.77540000254521,4675.944000002346,2796.0619469026547
1764632609,32,,Aggregated,9.400000,0.100000,140,160,210,240,420,570,870,900,4700,4700,4700,129,1,140.0,210.93565193795672,49.77540000254521,4675.944000002346,2662.294573643411
1764632610,34,,Aggregated,10.500000,0.100000,140,160,220,250,350,560,870,900,4700,4700,4700,146,1,140.0,203.03872054795,49.77540000254521,4675.944000002346,2529.595890410959
1764632611,36,,Aggregated,9.700000,0.100000,140,160,220,250,340,560,800,900,4700,4700,4700,160,1,130.0,196.80800500009354,49.77540000254521,4675.944000002346,2498.775
1764632612,38,,Aggregated,11.100000,0.100000,130,160,220,250,320,560,800,900,4700,4700,4700,173,1,130.0,191.55027976889107,47.30070000368869,4675.944000002346,2504.3872832369943
1764632613,40,,Aggregated,11.900000,0.100000,96,160,210,240,290,510,800,900,4700,4700,4700,194,1,89,183.80062680417845,47.30070000368869,4675.944000002346,2472.2061855670104
1764632614,42,,Aggregated,12.200000,0.100000,89,160,210,240,280,480,730,870,4700,4700,4700,211,1,89,178.78179952608596,47.30070000368869,4675.944000002346,2456.5355450236966
1764632615,44,,Aggregated,12.600000,0.000000,78,160,210,240,290,440,730,870,4700,4700,4700,229,1,78,173.09514279476662,47.30070000368869,4675.944000002346,2392.5109170305677
1764632616,46,,Aggregated,13.500000,0.000000,74,160,200,230,280,420,720,870,4700,4700,4700,251,1,74,165.94791035864742,47.30070000368869,4675.944000002346,2306.239043824701
1764632617,48,,Aggregated,14.300000,0.000000,73,150,180,220,280,390,720,870,4700,4700,4700,268,1,73,161.25142873145828,47.30070000368869,4675.944000002346,2328.14552238806
1764632618,50,,Aggregated,15.700000,0.000000,72,150,180,220,270,350,720,870,4700,4700,4700,296,1,72,157.17643040541688,47.30070000368869,4675.944000002346,2305.4087837837837
1764632619,52,,Aggregated,15.900000,0.000000,72,150,180,220,270,330,570,800,4700,4700,4700,322,1,72,154.36453229816587,47.30070000368869,4675.944000002346,2234.3757763975154
1764632620,54,,Aggregated,16.800000,0.000000,71,150,180,220,270,320,570,800,4700,4700,4700,343,1,71,151.21680670557,47.30070000368869,4675.944000002346,2157.3586005830903
1764632621,56,,Aggregated,18.400000,0.000000,71,150,180,220,270,320,560,800,4700,4700,4700,364,1,71,148.98532362643053,47.30070000368869,4675.944000002346,2165.813186813187
1764632622,58,,Aggregated,18.800000,0.000000,70,150,170,210,270,310,560,800,4700,4700,4700,389,1,70,145.3707640103322,47.207999996317085,4675.944000002346,2143.377892030848
1764632623,60,,Aggregated,19.600000,0.000000,70,150,160,210,270,310,560,730,4700,4700,4700,409,1,70,143.307969926748,47.0805000004475,4675.944000002346,2174.926650366748
1764632624,62,,Aggregated,20.600000,0.000000,70,150,170,210,270,310,560,730,4700,4700,4700,433,1,70,142.8735090070337,47.0805000004475,4675.944000002346,2240.5450346420325
1764632625,64,,Aggregated,21.600000,0.000000,69,150,170,210,270,300,510,730,4700,4700,4700,468,1,69,140.25585299162378,47.0805000004475,4675.944000002346,2214.3205128205127
1764632626,66,,Aggregated,21.900000,0.000000,69,150,170,210,270,300,510,730,4700,4700,4700,496,1,69,138.9746250001002,46.80709999956889,4675.944000002346,2206.0221774193546
1764632627,68,,Aggregated,22.600000,0.000000,69,150,160,210,270,290,480,720,4700,4700,4700,518,1,69,137.64820463331355,46.80709999956889,4675.944000002346,2211.546332046332
1764632628,70,,Aggregated,23.500000,0.000000,69,150,160,200,260,290,440,720,4700,4700,4700,556,1,69,135.03592841733598,45.456399995600805,4675.944000002346,2255.609712230216
1764632629,72,,Aggregated,24.500000,0.000000,68,150,160,210,260,280,440,720,4700,4700,4700,585,1,68,134.07967059837472,45.456399995600805,4675.944000002346,2226.7504273504273
1764632630,76,,Aggregated,25.000000,0.000000,68,150,160,200,260,280,420,570,4700,4700,4700,617,1,68,133.36612901141075,45.456399995600805,4675.944000002346,2217.424635332253
1764632631,76,,Aggregated,25.800000,0.000000,68,150,160,190,260,280,420,570,4700,4700,4700,648,1,68,131.62988750005798,45.456399995600805,4675.944000002346,2213.7808641975307
1764632632,80,,Aggregated,26.400000,0.000000,68,150,160,180,260,280,390,570,4700,4700,4700,679,1,68,129.7407324006528,44.645599999057595,4675.944000002346,2205.9617083946982
1764632633,82,,Aggregated,27.100000,0.000000,68,150,160,180,260,280,350,560,4700,4700,4700,719,1,68,128.2780154381856,44.645599999057595,4675.944000002346,2211.3616133518776
1764632634,82,,Aggregated,28.400000,0.000000,67,150,160,180,260,280,350,560,4700,4700,4700,750,1,67,127.58088000012019,44.05640000186395,4675.944000002346,2185.1826666666666
1764632635,84,,Aggregated,29.100000,0.000000,67,150,160,180,260,280,350,560,4700,4700,4700,789,1,67,126.64362053242897,44.05640000186395,4675.944000002346,2199.589353612167
1764632636,86,,Aggregated,30.600000,0.000000,67,150,160,180,260,280,340,560,4700,4700,4700,819,1,67,126.37694529926677,44.05640000186395,4675.944000002346,2206.3601953601956
1764632637,88,,Aggregated,31.400000,0.000000,67,140,160,180,260,280,330,560,4700,4700,4700,861,1,67,125.42172741010633,44.05640000186395,4675.944000002346,2176.954703832753
1764632638,90,,Aggregated,31.900000,0.000000,67,140,160,180,260,280,330,560,4700,4700,4700,898,1,67,124.59256113598897,44.05640000186395,4675.944000002346,2161.1681514476613
1764632639,92,,Aggregated,32.200000,0.000000,67,140,160,180,260,280,320,510,4700,4700,4700,927,1,67,124.15911467111268,44.05640000186395,4675.944000002346,2151.4250269687163
1764632640,94,,Aggregated,34.200000,0.000000,66,140,160,170,260,280,320,510,4700,4700,4700,964,1,66,122.94252365157931,44.05640000186395,4675.944000002346,2141.76867219917
1764632642,96,,Aggregated,33.900000,0.000000,66,140,160,180,260,280,320,480,900,4700,4700,1007,1,66,123.1047515393584,44.05640000186395,4675.944000002346,2114.1390268123137
1764632643,98,,Aggregated,34.700000,0.000000,66,140,160,170,260,280,320,480,900,4700,4700,1050,1,66,121.83165723820345,44.05640000186395,4675.944000002346,2123.8885714285716
1764632644,100,,Aggregated,34.700000,0.000000,66,140,160,170,260,280,320,480,900,4700,4700,1088,1,66,121.14568079054527,44.05640000186395,4675.944000002346,2116.140625
1764632645,102,,Aggregated,35.600000,0.000000,66,140,160,170,260,280,320,440,900,4700,4700,1129,1,66,121.04313188672957,44.05640000186395,4675.944000002346,2095.571302037201
1764632646,104,,Aggregated,36.800000,0.000000,66,140,160,170,260,280,310,440,900,4700,4700,1173,1,66,120.06900673494468,44.05640000186395,4675.944000002346,2090.074168797954
1764632647,106,,Aggregated,37.700000,0.000000,66,140,160,170,260,280,310,420,900,4700,4700,1215,1,66,119.34069580256094,44.05640000186395,4675.944000002346,2095.0395061728395
1764632648,108,,Aggregated,37.700000,0.000000,66,140,160,170,260,280,310,420,900,4700,4700,1255,1,66,119.45316039849155,44.05640000186395,4675.944000002346,2098.8167330677293
1764632649,110,,Aggregated,39.400000,0.000000,66,140,160,170,260,280,310,420,900,4700,4700,1300,1,66,119.49928138471688,44.05640000186395,4675.944000002346,2075.81
1764632650,112,,Aggregated,39.000000,0.000000,66,140,160,170,260,280,310,410,900,4700,4700,1352,1,66,119.89438846163713,44.05640000186395,4675.944000002346,2064.5495562130177
1764632651,116,,Aggregated,40.100000,0.000000,66,140,160,170,260,280,310,400,900,4700,4700,1401,1,66,119.75465124920918,44.05640000186395,4675.944000002346,2066.5467523197717
1764632652,116,,Aggregated,42.300000,0.000000,66,140,160,170,260,280,310,400,900,4700,4700,1432,1,66,119.9168111732982,44.05640000186395,4675.944000002346,2065.9120111731845
1764632653,118,,Aggregated,43.100000,0.000000,66,140,160,170,260,280,310,400,900,4700,4700,1486,1,66,118.98440181706592,44.05640000186395,4675.944000002346,2071.4448183041723
1764632654,122,,Aggregated,42.300000,0.000000,66,140,160,170,260,280,310,390,900,4700,4700,1541,1,66,118.06179357570858,44.05640000186395,4675.944000002346,2049.0597014925374
1764632655,122,,Aggregated,43.300000,0.000000,66,130,160,170,260,280,300,390,900,4700,4700,1596,1,66,117.37306929836292,44.05640000186395,4675.944000002346,2056.7274436090224
1764632656,124,,Aggregated,44.700000,0.000000,65,130,160,170,260,280,300,350,900,4700,4700,1653,1,65,116.44086581982947,44.05640000186395,4675.944000002346,2042.8977616454931
1764632657,126,,Aggregated,46.400000,0.000000,65,130,160,170,260,280,300,350,900,4700,4700,1696,1,65,116.44576733500078,44.05640000186395,4675.944000002346,2041.5813679245282
1764632658,128,,Aggregated,47.600000,0.000000,65,130,160,170,260,280,310,340,900,4700,4700,1746,1,65,116.68317892335492,44.05640000186395,4675.944000002346,2048.908361970218
1764632659,130,,Aggregated,47.900000,0.000000,65,130,160,170,260,280,300,340,900,4700,4700,1801,1,65,116.70003892291301,44.05640000186395,4675.944000002346,2070.5752359800113
1764632660,134,,Aggregated,48.800000,0.000000,65,130,160,170,260,280,310,340,900,4700,4700,1845,1,65,116.90893365865018,44.05640000186395,4675.944000002346,2060.266666666667
1764632661,134,,Aggregated,49.400000,0.000000,65,130,160,170,260,280,310,340,900,4700,4700,1912,1,65,116.43128007331694,44.05640000186395,4675.944000002346,2059.6307531380753
1764632662,136,,Aggregated,49.300000,0.000000,66,130,160,170,260,280,310,390,900,4700,4700,1968,1,65,117.81951148384728,44.05640000186395,4675.944000002346,2052.345020325203
1764632663,138,,Aggregated,51.000000,0.000000,65,130,160,170,260,280,310,380,870,4700,4700,2017,1,65,117.62273564709375,44.05640000186395,4675.944000002346,2047.026276648488
1764632664,140,,Aggregated,52.300000,0.000000,65,130,160,170,260,280,310,380,870,4700,4700,2071,1,65,116.84242322556372,44.05640000186395,4675.944000002346,2050.736359246741
1764632665,142,,Aggregated,52.800000,0.000000,65,130,160,170,260,280,310,370,870,4700,4700,2125,1,65,116.69903270594489,44.05640000186395,4675.944000002346,2058.569411764706
1764632666,144,,Aggregated,52.700000,0.000000,65,130,160,170,260,280,310,380,870,4700,4700,2191,1,65,116.9140432223335,44.05640000186395,4675.944000002346,2058.7649475125513
1764632667,148,,Aggregated,52.100000,0.000000,65,130,160,170,260,280,310,370,870,4700,4700,2243,1,65,116.88735568441147,44.05640000186395,4675.944000002346,2058.7922425323227
1764632668,150,,Aggregated,53.500000,0.000000,65,130,160,170,260,280,310,360,870,4700,4700,2302,1,65,116.6120794961478,44.05640000186395,4675.944000002346,2056.880973066898
1764632669,150,,Aggregated,53.800000,0.000000,65,130,160,170,260,280,310,360,870,4700,4700,2366,1,65,116.69731005922362,44.05640000186395,4675.944000002346,2055.286136939983
1764632670,152,,Aggregated,55.000000,0.000000,65,130,160,170,260,280,310,350,870,4700,4700,2427,1,65,116.3767862794178,44.05640000186395,4675.944000002346,2062.097651421508
1764632671,154,,Aggregated,56.000000,0.000000,65,130,160,170,260,280,310,350,870,4700,4700,2488,1,65,116.27326619780497,44.05640000186395,4675.944000002346,2053.008038585209
1764632672,158,,Aggregated,57.600000,0.000000,66,130,160,170,260,280,310,350,870,4700,4700,2548,1,66,116.28592291999038,44.05640000186395,4675.944000002346,2050.517660910518
1764632673,160,,Aggregated,57.000000,0.000000,66,130,160,170,260,280,310,350,870,4700,4700,2607,1,66,115.76808296898186,44.05640000186395,4675.944000002346,2056.1139240506327
1764632674,160,,Aggregated,58.800000,0.000000,66,130,160,170,260,280,310,350,870,4700,4700,2674,1,66,115.6931830591467,44.05640000186395,4675.944000002346,2057.112939416604
1764632675,163,,Aggregated,58.700000,0.000000,66,130,160,170,260,280,310,350,870,4700,4700,2741,1,66,115.44665012775768,44.05640000186395,4675.944000002346,2054.187887632251
1764632676,165,,Aggregated,60.000000,0.000000,66,130,160,170,260,280,310,340,870,4700,4700,2802,1,66,115.64537580307062,44.05640000186395,4675.944000002346,2059.001784439686
1764632677,169,,Aggregated,61.200000,0.000000,66,130,160,170,260,280,310,340,870,4700,4700,2879,1,66,115.66752160479929,44.05640000186395,4675.944000002346,2066.8346648141714
1764632678,169,,Aggregated,61.100000,0.000000,66,130,160,170,260,280,310,340,870,4700,4700,2943,1,66,115.44221695555947,44.05640000186395,4675.944000002346,2066.549099558274
1764632679,171,,Aggregated,63.200000,0.000000,66,130,160,170,260,280,310,340,800,4700,4700,3002,1,66,115.81803864097554,44.05640000186395,4675.944000002346,2069.3520986009325
1764632680,173,,Aggregated,63.700000,0.000000,66,130,160,170,260,280,310,350,800,4700,4700,3081,1,66,116.23744238888702,44.05640000186395,4675.944000002346,2065.2142161635834
1764632681,175,,Aggregated,63.700000,0.000000,66,130,160,170,260,280,310,350,800,4700,4700,3159,1,66,115.84200246918981,44.05640000186395,4675.944000002346,2064.954732510288
1764632682,177,,Aggregated,64.700000,0.000000,66,130,160,170,260,280,310,350,800,4700,4700,3231,1,66,115.9364269885976,44.05640000186395,4675.944000002346,2069.870318786753
1764632683,179,,Aggregated,66.500000,0.000000,66,130,160,170,260,280,310,350,800,4700,4700,3295,1,66,115.65058880126058,44.05640000186395,4675.944000002346,2075.583611532625
1764632684,181,,Aggregated,66.500000,0.000000,66,130,160,170,260,280,310,350,800,4700,4700,3357,1,66,115.40314277634042,44.05640000186395,4675.944000002346,2080.91599642538
1764632685,185,,Aggregated,68.500000,0.000000,66,130,160,170,260,280,310,350,800,4700,4700,3430,1,66,115.42788620997639,44.05640000186395,4675.944000002346,2069.9985422740524
1764632686,187,,Aggregated,68.200000,0.000000,66,130,160,170,260,280,310,350,800,4700,4700,3513,1,66,115.71802570458614,44.05640000186395,4675.944000002346,2075.210930828352
1764632687,189,,Aggregated,69.100000,0.000000,66,130,160,170,260,280,310,350,800,4700,4700,3580,1,66,115.63093371513884,44.05640000186395,4675.944000002346,2072.1564245810055
1764632688,191,,Aggregated,70.500000,0.000000,66,130,160,170,260,280,310,350,800,4700,4700,3657,1,66,115.56825326777377,44.05640000186395,4675.944000002346,2062.9360131255125
1764632689,193,,Aggregated,70.100000,0.000000,66,130,160,170,260,280,310,350,800,4700,4700,3735,1,66,115.38484752349191,44.05640000186395,4675.944000002346,2083.2819277108433
1764632690,195,,Aggregated,70.600000,0.000000,66,130,160,170,260,280,310,350,800,4700,4700,3806,1,66,115.22131376780206,44.05640000186395,4675.944000002346,2087.600105097215
1764632691,197,,Aggregated,72.200000,0.000000,66,130,160,170,260,280,310,360,800,4700,4700,3885,1,66,115.141309112039,44.05640000186395,4675.944000002346,2090.0427284427283
1764632692,199,,Aggregated,72.800000,0.000000,66,130,160,170,260,280,310,370,800,4700,4700,3964,1,66,115.54595060552204,44.05640000186395,4675.944000002346,2086.495206861756
1764632693,201,,Aggregated,72.300000,0.000000,66,130,160,170,260,280,310,360,730,4700,4700,4046,1,66,115.63467708855444,44.05640000186395,4675.944000002346,2084.7656945130993
1764632694,203,,Aggregated,73.500000,0.000000,66,130,160,170,260,280,310,360,730,4700,4700,4110,1,66,115.66771092464415,44.05640000186395,4675.944000002346,2088.7126520681263
1764632695,205,,Aggregated,74.800000,0.000000,66,130,160,170,260,280,310,360,730,4700,4700,4193,1,66,115.3905198426606,44.05640000186395,4675.944000002346,2088.6952062962077
1764632696,207,,Aggregated,74.800000,0.000000,66,130,160,170,260,280,310,360,730,4700,4700,4276,1,66,115.40955304027321,44.05640000186395,4675.944000002346,2085.867165575304
1764632697,209,,Aggregated,75.700000,0.000000,66,130,160,170,260,280,310,360,730,4700,4700,4356,1,66,115.4137278926133,44.05640000186395,4675.944000002346,2085.4628099173556
1764632698,211,,Aggregated,75.900000,0.000000,66,130,160,170,260,280,310,350,730,4700,4700,4438,1,66,115.31018346107706,44.05640000186395,4675.944000002346,2088.7422262280306
1764632699,213,,Aggregated,77.200000,0.000000,66,130,160,170,260,280,310,350,730,4700,4700,4522,1,66,115.24268168957194,44.05640000186395,4675.944000002346,2096.3973905351613
1764632700,215,,Aggregated,77.700000,0.000000,66,130,160,170,260,280,310,360,730,4700,4700,4612,1,66,115.53474689944515,44.05640000186395,4675.944000002346,2097.2304856895057
1764632701,217,,Aggregated,79.000000,0.000000,66,130,160,170,260,280,310,360,730,4700,4700,4688,1,66,115.24506002564858,44.05640000186395,4675.944000002346,2097.794581911263
1764632702,219,,Aggregated,79.400000,0.000000,66,130,160,170,260,280,320,360,730,4700,4700,4771,1,66,115.45996638026922,44.05640000186395,4675.944000002346,2094.571787885139
1764632703,221,,Aggregated,80.700000,0.000000,66,120,160,170,260,280,310,360,730,4700,4700,4860,1,66,115.23763705767038,44.05640000186395,4675.944000002346,2096.2543209876544
1764632704,223,,Aggregated,80.100000,0.000000,66,120,160,170,260,280,310,360,730,4700,4700,4950,1,66,115.18035795965879,44.05640000186395,4675.944000002346,2095.266060606061
1764632705,225,,Aggregated,80.500000,0.000000,66,120,160,170,260,280,310,360,720,4700,4700,5035,1,66,115.31113201595562,44.05640000186395,4675.944000002346,2097.2573982125123
1764632706,227,,Aggregated,83.500000,0.000000,66,120,160,170,260,280,310,360,720,4700,4700,5137,1,66,115.34454233995243,44.05640000186395,4675.944000002346,2093.609499708001
1764632707,229,,Aggregated,84.200000,0.000000,66,120,160,180,260,290,310,350,720,4700,4700,5217,2,66,115.32173931385171,44.05640000186395,4675.944000002346,2099.7682576193215
1764632708,231,,Aggregated,84.000000,0.000000,66,120,160,170,260,280,310,350,720,4700,4700,5303,11,66,115.08575932497628,34.90410000085831,4675.944000002346,2093.049405996606
1764632709,233,,Aggregated,85.300000,0.000000,66,120,160,180,260,290,320,370,720,4700,4700,5360,13,66,115.6101169030583,34.90410000085831,4675.944000002346,2090.535820895522
1764632710,235,,Aggregated,86.300000,0.900000,66,130,160,180,260,290,320,380,720,4700,4700,5429,17,66,116.2898175723721,34.113699999579694,4675.944000002346,2094.6135568244613
1764632711,237,,Aggregated,83.600000,1.100000,66,130,160,180,270,290,320,390,720,4700,4700,5499,19,66,116.87650909263861,34.113699999579694,4675.944000002346,2093.4882705946534
1764632712,239,,Aggregated,81.800000,1.500000,67,130,160,180,270,290,330,400,800,4700,4700,5549,23,67,119.2989276627162,34.113699999579694,4675.944000002346,2094.034600828978
1764632713,241,,Aggregated,81.000000,1.800000,67,140,160,180,270,290,360,450,4500,4700,4700,5637,38,67,132.9381897818724,34.113699999579694,4675.944000002346,2090.0463012240552
1764632714,243,,Aggregated,78.800000,1.900000,67,140,170,190,270,300,390,560,4500,4700,4700,5712,61,67,151.13375213592764,34.113699999579694,4675.944000002346,2086.644257703081
1764632715,245,,Aggregated,76.900000,3.500000,67,140,170,190,270,300,410,730,4500,4700,4700,5815,72,67,159.75845606197637,34.113699999579694,4675.944000002346,2078.335683576956
1764632716,247,,Aggregated,75.900000,5.000000,67,140,170,190,270,310,450,4500,4500,4700,4700,5897,81,67,167.00711850099657,34.113699999579694,4675.944000002346,2077.3206715278957
1764632717,249,,Aggregated,76.300000,6.700000,68,140,170,200,280,310,460,4500,4500,4700,4700,5995,87,68,171.44833841540776,34.113699999579694,4675.944000002346,2080.788990825688
1764632718,251,,Aggregated,77.200000,8.000000,68,140,170,200,280,310,460,4500,4500,4700,4700,6083,91,68,173.94437300680514,34.113699999579694,4675.944000002346,2072.261384185435
1764632719,253,,Aggregated,77.500000,8.500000,68,150,170,200,280,310,460,4500,4500,4700,4700,6196,94,68,175.32378821827626,34.113699999579694,4675.944000002346,2081.0290510006457
1764632720,255,,Aggregated,77.400000,7.900000,68,150,170,200,280,310,460,4500,4500,4700,4700,6279,97,68,176.63889706966668,34.113699999579694,4675.944000002346,2080.5981844242715
1764632721,257,,Aggregated,81.100000,8.200000,68,140,170,200,280,310,460,4500,4500,4700,4700,6350,97,68,175.86922574810006,34.113699999579694,4675.944000002346,2079.6083464566927
1764632722,259,,Aggregated,85.000000,8.100000,68,150,170,200,280,310,460,4500,4500,4700,4700,6441,97,68,175.5124231796913,34.113699999579694,4675.944000002346,2086.5315944729077
1764632723,261,,Aggregated,84.500000,7.800000,68,140,170,200,280,310,460,4500,4500,4700,4700,6529,99,68,175.8049875325991,34.113699999579694,4675.944000002346,2087.8264665339257
1764632724,263,,Aggregated,87.700000,7.700000,68,140,170,200,280,320,470,4500,4500,4700,4700,6615,110,68,182.3132509599886,34.113699999579694,4675.944000002346,2078.9356009070293
1764632725,265,,Aggregated,88.300000,6.100000,68,150,170,200,280,320,510,4500,4500,4700,4700,6717,124,68,190.4982564091604,34.113699999579694,4675.944000002346,2074.035730236713
1764632726,267,,Aggregated,89.500000,5.200000,68,150,170,200,280,320,570,4500,4500,4700,4700,6804,135,68,196.62198012937273,34.113699999579694,4675.944000002346,2070.774250440917
1764632727,269,,Aggregated,90.700000,5.000000,68,150,170,200,280,320,600,4500,4500,4700,4700,6918,144,68,200.87199986994023,34.113699999579694,4675.944000002346,2065.5592656837234
1764632728,271,,Aggregated,90.300000,4.900000,68,150,170,200,280,330,620,4500,4500,4700,4700,7034,149,68,203.03358268413453,34.113699999579694,4675.944000002346,2062.4037531987487
1764632729,273,,Aggregated,91.200000,5.300000,68,150,170,200,280,330,630,4500,4500,4700,4700,7127,152,68,203.96798807355395,34.113699999579694,4675.944000002346,2060.4917917777466
1764632730,275,,Aggregated,93.200000,6.000000,68,150,170,200,280,330,610,4500,4500,4700,4700,7240,152,68,202.92208379837555,34.113699999579694,4675.944000002346,2063.816988950276
1764632731,277,,Aggregated,93.800000,5.700000,68,150,170,200,280,330,600,4500,4500,4700,4700,7333,152,68,201.81223561983757,34.113699999579694,4675.944000002346,2067.215600709123
1764632732,279,,Aggregated,93.300000,5.500000,68,150,170,200,280,320,590,4500,4500,4700,4700,7440,152,68,200.51750774196617,34.113699999579694,4675.944000002346,2063.2540322580644
1764632733,281,,Aggregated,96.800000,5.500000,68,150,170,200,280,320,590,4500,4500,4700,4700,7550,152,68,199.1120606490411,34.113699999579694,4675.944000002346,2059.0037086092716
1764632734,283,,Aggregated,98.400000,5.500000,68,150,170,200,280,320,570,4500,4500,4700,4700,7659,152,68,197.96747726861196,34.113699999579694,4675.944000002346,2065.8712625669145
1764632735,285,,Aggregated,101.600000,5.500000,68,140,170,200,280,320,560,4500,4500,4700,4700,7768,152,68,196.58516023433143,34.113699999579694,4675.944000002346,2062.9553295571577
1764632736,287,,Aggregated,103.300000,4.900000,68,140,170,200,280,320,560,4500,4500,4700,4700,7886,152,68,195.14781560998122,34.113699999579694,4675.944000002346,2064.497971088004
1764632737,289,,Aggregated,103.800000,3.400000,68,140,170,200,280,320,540,4500,4500,4700,4700,8006,152,68,193.9600028104248,34.113699999579694,4675.944000002346,2062.539970022483
1764632738,291,,Aggregated,107.200000,2.200000,68,140,170,200,280,320,520,4500,4500,4700,4700,8108,152,68,192.9242263073811,34.113699999579694,4675.944000002346,2063.5017266896893
1764632739,293,,Aggregated,107.600000,1.300000,68,140,170,200,280,320,510,4500,4500,4700,4700,8240,152,68,191.78163728157904,34.113699999579694,4675.944000002346,2067.6183252427186
1764632740,295,,Aggregated,108.200000,0.300000,68,140,170,200,280,320,510,4500,4500,4700,4700,8332,152,68,191.0369391142856,34.113699999579694,4675.944000002346,2072.6497839654344
1764632741,297,,Aggregated,107.900000,0.100000,68,140,170,200,280,320,490,4500,4500,4700,4700,8453,152,68,190.29992115227844,34.113699999579694,4675.944000002346,2072.373003667337
1764632742,299,,Aggregated,110.000000,0.000000,69,140,170,200,280,330,570,4500,4500,4700,4700,8577,152,69,191.47033047687526,34.113699999579694,4675.944000002346,2072.249737670514
1764632743,301,,Aggregated,111.600000,0.000000,69,140,170,200,280,320,560,4500,4500,4700,4700,8696,152,69,190.42715680774697,34.113699999579694,4675.944000002346,2074.8317617295306
1764632744,303,,Aggregated,110.800000,0.000000,68,140,170,200,280,320,560,4500,4500,4700,4700,8813,152,68,189.44904509249167,34.113699999579694,4675.944000002346,2077.49824123454
1764632745,305,,Aggregated,113.800000,0.000000,69,140,170,200,280,320,550,4500,4500,4700,4700,8928,152,69,188.8226742271643,34.113699999579694,4675.944000002346,2080.4644937275984
1764632746,307,,Aggregated,113.800000,0.000000,69,140,170,200,280,320,530,4500,4500,4700,4700,9051,152,69,188.05262494752628,34.113699999579694,4675.944000002346,2082.4094575185063
1764632747,309,,Aggregated,114.700000,0.000000,69,140,170,200,280,320,520,4500,4500,4700,4700,9170,152,69,187.1869662050221,34.113699999579694,4675.944000002346,2085.552126499455
1764632748,311,,Aggregated,114.800000,0.000000,69,140,170,200,280,320,510,4500,4500,4700,4700,9292,152,69,186.33501594920673,34.113699999579694,4675.944000002346,2087.4032501076194
1764632749,313,,Aggregated,115.200000,0.000000,69,140,170,200,280,320,510,4500,4500,4700,4700,9408,152,69,185.4037786777199,34.113699999579694,4675.944000002346,2093.8364158163267
1764632750,315,,Aggregated,116.400000,0.000000,69,140,170,200,280,320,490,4500,4500,4700,4700,9537,152,69,184.40675525846103,34.113699999579694,4675.944000002346,2092.5671594841147
1764632751,317,,Aggregated,117.700000,0.000000,69,140,170,200,280,320,490,4500,4500,4700,4700,9637,152,69,183.67223372418042,34.113699999579694,4675.944000002346,2092.1795164470273
1764632752,319,,Aggregated,117.200000,0.000000,69,140,170,200,280,320,480,4500,4500,4700,4700,9768,152,69,182.8794491912316,34.113699999579694,4675.944000002346,2096.7067977067977
1764632753,321,,Aggregated,118.000000,0.000000,69,140,170,200,280,320,480,4500,4500,4700,4700,9884,152,69,181.85508395385824,34.113699999579694,4675.944000002346,2096.4582152974504
1764632754,323,,Aggregated,119.900000,0.000000,69,140,170,200,280,320,470,4500,4500,4600,4700,10007,152,69,181.3026976116657,34.113699999579694,4675.944000002346,2098.5901868691917
1764632755,325,,Aggregated,118.300000,0.000000,69,140,170,200,280,320,470,4500,4500,4600,4700,10142,152,69,180.86968754682758,34.113699999579694,4675.944000002346,2094.3906527312165
1764632756,327,,Aggregated,118.700000,0.000000,69,140,170,200,280,320,460,4500,4500,4600,4700,10277,152,69,180.12632037559294,34.113699999579694,4675.944000002346,2098.687457429211
1764632757,329,,Aggregated,119.900000,0.000000,69,140,170,200,280,320,460,4500,4500,4600,4700,10387,152,69,179.32570682583878,34.113699999579694,4675.944000002346,2097.411860980071
1764632758,331,,Aggregated,120.800000,0.000000,69,140,170,200,280,320,460,4500,4500,4600,4700,10521,152,69,178.69276955612523,34.113699999579694,4675.944000002346,2096.57247409942
1764632759,333,,Aggregated,121.300000,0.000000,69,140,170,200,280,320,460,4500,4500,4600,4700,10643,152,69,177.88579269002943,34.113699999579694,4675.944000002346,2096.5131072066147
1764632760,335,,Aggregated,120.600000,0.000000,69,140,170,200,280,320,460,4500,4500,4600,4700,10775,152,69,177.432941670535,34.113699999579694,4675.944000002346,2092.0042691415315
1764632761,337,,Aggregated,123.100000,0.000000,69,140,170,200,280,320,460,4500,4500,4600,4700,10915,152,69,176.68403716903723,34.113699999579694,4675.944000002346,2095.2224461749884
1764632762,339,,Aggregated,124.400000,0.000000,69,140,170,200,280,320,460,4500,4500,4600,4700,11039,152,69,176.1485961953144,34.113699999579694,4675.944000002346,2095.2162333544707
1764632763,341,,Aggregated,124.400000,0.000000,69,140,170,200,280,320,450,4500,4500,4600,4700,11165,152,69,175.54140835648178,34.113699999579694,4675.944000002346,2097.1249440214956
1764632764,343,,Aggregated,126.600000,0.000000,69,140,170,200,280,320,450,4500,4500,4600,4700,11304,152,69,175.12628538571713,34.113699999579694,4675.944000002346,2099.4485138004247
1764632765,345,,Aggregated,127.700000,0.000000,69,140,170,200,280,320,450,4500,4500,4600,4700,11440,152,69,174.55051329547206,34.113699999579694,4675.944000002346,2102.789160839161
1764632766,347,,Aggregated,127.800000,0.000000,69,140,170,200,280,320,450,4500,4500,4600,4700,11565,152,69,174.1579485170964,34.113699999579694,4675.944000002346,2104.5028102031993
1764632767,349,,Aggregated,128.800000,0.000000,69,140,170,200,280,320,450,4500,4500,4600,4700,11710,152,69,174.0628975149667,34.113699999579694,4675.944000002346,2106.896242527754
1764632768,351,,Aggregated,128.600000,0.000000,70,140,170,210,280,330,460,4500,4500,4600,4700,11832,152,70,175.01133621537278,34.113699999579694,4675.944000002346,2104.6284651791752
1764632769,353,,Aggregated,129.900000,0.000000,70,150,180,210,280,330,480,4500,4500,4600,4700,11952,152,70,176.34399421020163,34.113699999579694,4675.944000002346,2103.7801204819275
1764632770,355,,Aggregated,130.600000,0.000000,70,150,180,210,290,340,500,4500,4500,4600,4700,12095,152,70,177.29296949155687,34.113699999579694,4675.944000002346,2103.5960314179415
1764632771,357,,Aggregated,129.600000,0.000000,71,150,180,210,290,340,510,4500,4500,4600,4700,12234,152,71,177.7434300719626,34.113699999579694,4675.944000002346,2102.8306359326466
1764632772,359,,Aggregated,129.200000,0.000000,71,150,180,220,290,340,510,4500,4500,4600,4700,12379,152,71,177.60637237260013,34.113699999579694,4675.944000002346,2099.355359883674
1764632773,361,,Aggregated,129.700000,0.000000,71,150,180,220,290,340,500,4500,4500,4600,4700,12520,152,71,177.11286432111692,34.113699999579694,4675.944000002346,2096.69768370607
1764632774,363,,Aggregated,130.800000,0.000000,71,150,180,220,290,340,500,4500,4500,4600,4700,12653,152,71,176.70322286417718,34.113699999579694,4675.944000002346,2100.419742353592
1764632775,365,,Aggregated,132.600000,0.000000,71,150,180,220,290,340,490,4500,4500,4600,4700,12788,152,71,176.2634507741998,34.113699999579694,4675.944000002346,2100.211526431029
1764632776,367,,Aggregated,134.500000,0.000000,71,150,180,220,290,340,490,4500,4500,4600,4700,12948,152,71,175.89074151996684,34.113699999579694,4675.944000002346,2103.773324065493
1764632777,369,,Aggregated,134.700000,0.000000,71,150,180,220,290,340,490,4500,4500,4600,4700,13073,152,71,175.70977734265298,34.113699999579694,4675.944000002346,2101.939799586935
1764632778,371,,Aggregated,135.300000,0.000000,71,150,180,220,290,340,490,1100,4500,4600,4700,13211,152,71,175.7348576489642,34.113699999579694,4675.944000002346,2104.9816062372265
1764632779,373,,Aggregated,137.500000,0.000000,71,150,180,220,290,340,490,1100,4500,4600,4700,13363,152,71,175.29614152514537,34.113699999579694,4675.944000002346,2110.716231385168
1764632780,375,,Aggregated,136.700000,0.000000,71,150,180,220,290,340,490,1000,4500,4600,4700,13509,152,71,174.59580960104208,34.113699999579694,4675.944000002346,2110.6774742764082
1764632781,377,,Aggregated,140.100000,0.000000,71,150,180,220,290,340,490,1000,4500,4600,4700,13655,152,71,174.1481189088568,34.113699999579694,4675.944000002346,2110.451922372757
1764632782,379,,Aggregated,140.100000,0.000000,71,150,180,220,290,340,490,970,4500,4600,4700,13793,152,71,173.8079437468604,34.113699999579694,4675.944000002346,2111.109765823244
1764632783,381,,Aggregated,143.600000,0.000000,71,150,180,220,290,340,490,920,4500,4600,4700,13941,152,71,173.11505034075594,34.113699999579694,4675.944000002346,2111.8487196040455
1764632784,383,,Aggregated,143.100000,0.000000,71,150,180,220,290,340,490,910,4500,4600,4700,14098,152,71,172.5003321819011,34.113699999579694,4675.944000002346,2112.8869343169245
1764632785,385,,Aggregated,141.800000,0.000000,71,150,180,220,290,340,480,880,4500,4600,4700,14241,152,71,172.00744458257518,34.113699999579694,4675.944000002346,2114.709570957096
1764632786,387,,Aggregated,142.800000,0.000000,71,150,180,220,290,340,490,870,4500,4600,4700,14391,152,71,172.15916326179328,34.113699999579694,4675.944000002346,2115.9529567090544
1764632787,389,,Aggregated,143.600000,0.000000,71,150,180,220,290,340,490,850,4500,4600,4700,14542,152,71,171.6272820795248,34.113699999579694,4675.944000002346,2114.0655343144
1764632788,391,,Aggregated,144.400000,0.000000,71,150,180,220,290,340,490,820,4500,4600,4700,14696,152,71,171.09060706318195,34.113699999579694,4675.944000002346,2115.9394393032117
1764632789,393,,Aggregated,143.900000,0.000000,71,150,180,220,290,340,490,810,4500,4600,4700,14831,152,71,170.69017397347415,34.113699999579694,4675.944000002346,2116.0762591868383
1764632790,395,,Aggregated,147.900000,0.000000,71,150,180,220,290,340,490,810,4500,4600,4700,14995,152,71,170.3800510237118,34.113699999579694,4675.944000002346,2114.8787595865288
1764632791,397,,Aggregated,145.700000,0.000000,71,150,180,220,290,340,490,800,4500,4600,4700,15141,152,71,170.15174213727633,34.113699999579694,4675.944000002346,2117.6558351495937
1764632792,399,,Aggregated,147.400000,0.000000,71,150,180,220,290,340,480,800,4500,4600,4700,15301,152,71,169.70440834589274,34.113699999579694,4675.944000002346,2119.0250310437227
1764632793,401,,Aggregated,146.900000,0.000000,71,150,180,220,290,340,480,790,4500,4600,4700,15459,152,71,169.1619273174569,34.113699999579694,4675.944000002346,2121.101623649654
1764632794,403,,Aggregated,147.700000,0.000000,71,150,190,220,290,340,480,780,4500,4600,4700,15606,152,71,169.01745376782173,34.113699999579694,4675.944000002346,2122.9689222094066
1764632795,405,,Aggregated,149.000000,0.000000,71,150,180,220,290,340,480,780,4500,4600,4700,15747,152,71,168.51043532740135,34.113699999579694,4675.944000002346,2121.2180732838
1764632796,407,,Aggregated,149.400000,0.000000,71,150,180,220,290,340,480,780,4500,4600,4700,15917,152,71,168.00668255328478,34.113699999579694,4675.944000002346,2122.863856254319
1764632797,409,,Aggregated,149.500000,0.000000,71,150,180,220,290,340,480,780,4500,4600,4700,16077,152,71,167.31291700569824,34.113699999579694,4675.944000002346,2121.454997822977
1764632798,411,,Aggregated,149.500000,0.000000,71,150,180,220,290,340,470,760,4500,4600,4700,16234,152,71,166.86344648272825,34.113699999579694,4675.944000002346,2123.7065418257976
1764632799,413,,Aggregated,152.200000,0.000000,71,150,180,220,290,340,470,750,4500,4600,4700,16393,152,71,166.4676730861128,34.113699999579694,4675.944000002346,2124.596230098213
1764632800,415,,Aggregated,152.100000,0.000000,71,150,180,220,290,330,470,750,4500,4600,4700,16549,152,71,165.956498670656,34.113699999579694,4675.944000002346,2122.669526859629
1764632801,417,,Aggregated,153.900000,0.000000,71,150,180,220,290,330,470,740,4500,4600,4700,16718,152,71,165.65427947724703,34.113699999579694,4675.944000002346,2123.01399688958
1764632802,419,,Aggregated,154.700000,0.000000,71,150,180,220,290,330,470,730,4500,4600,4700,16875,152,71,165.07172900744445,34.113699999579694,4675.944000002346,2123.247940740741
1764632803,421,,Aggregated,155.000000,0.000000,71,150,180,220,290,330,470,730,4500,4600,4700,17043,152,71,164.45974488063402,34.113699999579694,4675.944000002346,2122.861644076747
1764632804,423,,Aggregated,156.600000,0.000000,71,150,180,220,290,330,460,730,4500,4600,4700,17193,152,71,164.0653980166719,34.113699999579694,4675.944000002346,2123.4725760483916
1764632805,425,,Aggregated,157.200000,0.000000,71,150,180,220,290,330,460,720,4500,4600,4700,17348,152,71,163.98490044965519,34.113699999579694,4675.944000002346,2123.9293866728153
1764632806,427,,Aggregated,158.700000,0.000000,71,150,180,220,290,330,460,710,4500,4600,4700,17516,152,71,163.49885288310992,34.113699999579694,4675.944000002346,2122.7992692395524
1764632807,429,,Aggregated,158.000000,0.000000,71,150,180,220,290,330,460,700,4500,4600,4700,17677,152,71,163.01706496014702,34.113699999579694,4675.944000002346,2122.5097584431746
1764632808,431,,Aggregated,160.600000,0.000000,71,150,180,220,290,330,460,690,4500,4600,4700,17853,152,71,163.05522812415435,34.113699999579694,4675.944000002346,2125.601075449504
1764632809,433,,Aggregated,159.200000,0.000000,71,150,180,220,290,330,460,680,4500,4600,4700,18024,152,71,162.65271126279316,34.113699999579694,4675.944000002346,2131.7263648468706
1764632810,435,,Aggregated,159.800000,0.000000,71,150,180,220,290,330,460,680,4500,4600,4700,18182,152,71,162.5056296392367,34.113699999579694,4675.944000002346,2131.920195798042
1764632811,437,,Aggregated,162.600000,0.000000,71,150,190,220,290,330,460,660,4500,4600,4700,18347,152,71,162.3987487218937,34.113699999579694,4675.944000002346,2131.966806562381
1764632812,439,,Aggregated,163.900000,0.000000,71,150,190,220,290,330,460,660,4500,4600,4700,18511,152,71,162.37023064667522,34.113699999579694,4675.944000002346,2133.8260493760467
1764632813,441,,Aggregated,162.200000,0.000000,71,150,190,220,290,340,460,670,4500,4600,4700,18696,152,71,162.55122296751205,34.113699999579694,4675.944000002346,2137.1559157038937
1764632814,443,,Aggregated,162.000000,0.000000,71,150,190,220,290,340,460,660,4500,4600,4700,18858,152,71,162.24090807087768,34.113699999579694,4675.944000002346,2137.0346272139145
1764632815,445,,Aggregated,162.400000,0.000000,72,150,190,220,290,340,460,660,4500,4600,4700,19024,152,72,162.2582291053706,34.113699999579694,4675.944000002346,2138.5691757779646
1764632816,447,,Aggregated,163.400000,0.000000,72,150,190,220,290,340,460,660,4500,4600,4700,19221,152,72,162.00435259874928,34.113699999579694,4675.944000002346,2140.91113885854
1764632817,449,,Aggregated,165.800000,0.000000,72,150,190,220,290,340,460,660,4500,4600,4700,19389,152,72,161.85014597454992,34.113699999579694,4675.944000002346,2139.3081644231265
1764632818,451,,Aggregated,165.800000,0.000000,72,150,190,220,290,340,460,650,4500,4600,4700,19570,152,72,161.71799421055417,34.113699999579694,4675.944000002346,2139.0628513030147
1764632819,453,,Aggregated,169.600000,0.000000,72,150,190,220,290,340,460,650,4500,4600,4700,19737,152,72,161.44161009274572,34.113699999579694,4675.944000002346,2140.235598115215
1764632820,455,,Aggregated,169.600000,0.000000,72,150,190,220,290,340,450,640,4500,4600,4700,19917,152,72,161.0854447306585,34.113699999579694,4675.944000002346,2141.182306572275
1764632821,457,,Aggregated,169.400000,0.000000,72,150,190,220,290,340,460,650,4500,4500,4700,20088,152,72,161.37548621567657,34.113699999579694,4675.944000002346,2140.376493428913
1764632822,459,,Aggregated,168.700000,0.000000,72,150,190,220,290,340,460,660,4500,4500,4700,20269,152,72,161.5773070600669,34.113699999579694,4675.944000002346,2143.546351571365
1764632823,461,,Aggregated,172.200000,0.000000,72,150,190,220,290,340,460,660,4500,4500,4700,20450,152,72,161.28275103669876,34.113699999579694,4675.944000002346,2143.650366748166
1764632825,463,,Aggregated,172.200000,0.000000,72,150,190,220,290,340,460,660,4500,4500,4700,20639,152,72,160.93934876207436,34.113699999579694,4675.944000002346,2142.4785115557925
1764632826,465,,Aggregated,174.700000,0.000000,72,150,190,220,290,340,460,650,4500,4500,4700,20851,152,72,160.57513169634288,34.113699999579694,4675.944000002346,2145.3095774782983
1764632827,467,,Aggregated,176.500000,0.000000,72,150,190,220,290,340,460,650,4500,4500,4700,21016,152,72,160.28368682910434,34.113699999579694,4675.944000002346,2142.96602588504
1764632828,469,,Aggregated,176.500000,0.000000,72,150,190,220,290,340,460,650,4500,4500,4700,21179,152,72,159.98912126165018,34.113699999579694,4675.944000002346,2141.8511733320743
1764632829,471,,Aggregated,177.000000,0.000000,72,150,190,220,290,340,460,640,4500,4500,4700,21352,152,72,160.02068539717618,34.113699999579694,4675.944000002346,2140.733467590858
1764632830,473,,Aggregated,177.800000,0.000000,72,150,190,220,290,340,460,640,4500,4500,4700,21535,152,72,159.7867390852378,34.113699999579694,4675.944000002346,2144.129185047597
1764632831,475,,Aggregated,176.200000,0.000000,72,150,190,220,290,340,460,630,4500,4500,4700,21699,152,72,159.46540953042216,34.113699999579694,4675.944000002346,2145.8350615235727
1764632832,477,,Aggregated,178.500000,0.000000,72,150,190,220,290,340,460,630,4500,4500,4700,21892,152,72,159.60869422166476,34.113699999579694,4675.944000002346,2146.4337657591814
1764632833,479,,Aggregated,176.800000,0.000000,73,150,190,220,290,340,460,630,4500,4500,4700,22068,152,73,159.77285549667414,34.113699999579694,4675.944000002346,2147.4481149175276
1764632834,481,,Aggregated,180.000000,0.000000,73,150,190,220,290,340,460,630,4500,4500,4700,22244,152,73,159.6199666741886,34.113699999579694,4675.944000002346,2147.417281064557
1764632835,483,,Aggregated,179.600000,0.000000,73,150,190,230,290,340,460,620,4500,4500,4700,22409,152,73,159.89463741803152,34.113699999579694,4675.944000002346,2147.429604176893
1764632836,485,,Aggregated,178.800000,0.000000,73,150,190,230,290,350,470,650,4500,4500,4700,22582,152,73,160.7717431892929,34.113699999579694,4675.944000002346,2148.094677176512
1764632837,488,,Aggregated,176.600000,0.000000,74,150,190,230,300,350,500,720,4500,4500,4700,22790,152,74,162.71244445373435,34.113699999579694,4675.944000002346,2148.2250548486177
1764632838,490,,Aggregated,172.200000,0.000000,74,150,200,230,300,360,500,720,4500,4500,4700,22958,152,74,163.27947573397714,34.113699999579694,4675.944000002346,2149.8676278421467
1764632839,492,,Aggregated,177.400000,0.000000,74,150,200,230,300,360,500,720,4500,4500,4700,23147,152,74,163.52895886294914,34.113699999579694,4675.944000002346,2151.9362336371883
1764632840,494,,Aggregated,177.500000,0.000000,75,150,200,230,300,360,510,720,4500,4500,4700,23321,152,75,164.45093712965746,34.113699999579694,4675.944000002346,2151.36666523734
1764632841,496,,Aggregated,178.700000,0.000000,75,160,200,240,300,370,530,750,4500,4500,4700,23538,152,75,165.58905805509605,34.113699999579694,4675.944000002346,2152.7422040955053
1764632842,498,,Aggregated,176.900000,0.000000,75,160,200,240,300,370,530,750,4500,4500,4700,23711,152,75,165.7093631858991,34.113699999579694,4675.944000002346,2153.4391210830418
1764632843,500,,Aggregated,182.100000,0.000000,75,160,200,240,300,370,530,750,4500,4500,4700,23900,152,75,165.582388016773,34.113699999579694,4675.944000002346,2153.2305020920503
1764632844,502,,Aggregated,178.900000,0.000000,76,160,200,240,300,370,530,750,4500,4500,4700,24054,152,76,165.9547711316579,34.113699999579694,4675.944000002346,2151.151201463374
1764632845,504,,Aggregated,179.900000,0.000000,76,160,200,240,310,380,550,780,4500,4500,4700,24254,152,76,167.68503808035427,34.113699999579694,4675.944000002346,2151.4153541683845
1764632846,506,,Aggregated,179.000000,0.000000,76,160,210,240,310,380,580,820,4500,4500,4700,24444,152,76,169.39074666588758,34.113699999579694,4675.944000002346,2152.2792096219932
1764632847,508,,Aggregated,182.400000,0.000000,77,160,210,240,310,390,590,850,4500,4500,4700,24650,152,77,170.0052746045007,34.113699999579694,4675.944000002346,2155.103204868154
1764632848,510,,Aggregated,184.300000,0.000000,77,160,210,240,310,390,590,840,4500,4500,4700,24835,152,77,169.8093005557022,34.113699999579694,4675.944000002346,2155.942661566338
1764632849,512,,Aggregated,183.300000,0.000000,76,160,210,240,310,390,590,830,4500,4500,4700,25043,152,76,169.48328600810368,34.113699999579694,4675.944000002346,2154.7392484925927
1764632850,514,,Aggregated,185.200000,0.000000,76,160,210,240,310,390,580,830,4500,4500,4700,25236,152,76,169.2121619987717,34.113699999579694,4675.944000002346,2155.2300285306706
1764632851,516,,Aggregated,187.900000,0.000000,76,160,210,250,310,390,580,820,4500,4500,4700,25431,152,76,169.02850132519043,34.113699999579694,4675.944000002346,2155.3889347646573
1764632852,518,,Aggregated,190.500000,0.000000,76,160,210,250,310,390,580,810,4500,4500,4700,25620,152,76,168.80444200237687,34.113699999579694,4675.944000002346,2155.8828649492584
1764632853,520,,Aggregated,187.600000,0.000000,76,160,210,240,310,380,580,810,4500,4500,4700,25814,152,76,168.49241553036185,34.113699999579694,4675.944000002346,2155.906794762532
1764632854,522,,Aggregated,189.900000,0.000000,76,160,210,250,310,380,580,810,4500,4500,4700,26012,152,76,168.28667862143473,34.113699999579694,4675.944000002346,2156.367099800092
1764632855,524,,Aggregated,192.400000,0.000000,77,160,210,250,310,390,580,810,4500,4500,4700,26211,152,77,168.44943928887935,34.113699999579694,4675.944000002346,2154.6638815764372
1764632856,526,,Aggregated,194.200000,0.000000,77,160,210,250,310,390,580,810,4500,4500,4700,26412,152,77,168.82082315617131,34.113699999579694,4675.944000002346,2156.4418824776617
1764632857,528,,Aggregated,194.500000,0.000000,77,160,210,250,310,390,580,810,4500,4500,4700,26604,152,77,168.6270478612536,34.113699999579694,4675.944000002346,2157.1706510299205
1764632858,530,,Aggregated,196.300000,0.000000,77,160,210,250,310,390,580,810,4500,4500,4700,26812,152,77,168.33771968897537,34.113699999579694,4675.944000002346,2156.6636207668207
1764632859,532,,Aggregated,194.300000,0.000000,77,160,210,250,310,390,580,810,4500,4500,4700,27004,152,77,168.3757449637339,34.113699999579694,4675.944000002346,2156.7488890534737
1764632860,534,,Aggregated,196.600000,0.000000,77,160,210,250,310,390,580,810,4500,4500,4700,27208,152,77,168.49435064322012,34.113699999579694,4675.944000002346,2159.3375845339606
1764632861,536,,Aggregated,194.200000,0.000000,77,160,210,250,310,390,570,810,4500,4500,4700,27427,152,77,168.1256636854466,34.113699999579694,4675.944000002346,2159.049804936741
1764632862,538,,Aggregated,196.500000,0.000000,77,160,210,250,310,390,570,810,4500,4500,4700,27631,152,77,167.8512442148566,34.113699999579694,4675.944000002346,2157.908508559227
1764632863,540,,Aggregated,198.000000,0.000000,77,160,210,250,310,390,570,810,4500,4500,4700,27847,152,77,167.5278512335513,34.113699999579694,4675.944000002346,2158.9008151686
1764632864,542,,Aggregated,201.400000,0.000000,77,160,210,250,310,390,580,810,4500,4500,4700,28032,152,77,167.55295509777005,34.113699999579694,4675.944000002346,2159.642194634703
1764632865,544,,Aggregated,200.400000,0.000000,77,160,210,250,310,390,580,810,4500,4500,4700,28232,152,77,167.36962803913036,34.113699999579694,4675.944000002346,2161.558869368093
1764632866,546,,Aggregated,201.300000,0.000000,77,160,210,250,310,390,570,810,4500,4500,4700,28454,152,77,167.35492405639908,34.113699999579694,4675.944000002346,2162.2092148731285
1764632867,548,,Aggregated,201.500000,0.000000,77,160,210,250,310,390,570,810,4500,4500,4700,28672,152,77,167.06312235982224,34.113699999579694,4675.944000002346,2159.752511160714
1764632868,550,,Aggregated,202.700000,0.000000,77,160,210,250,310,390,570,810,4500,4500,4700,28870,152,77,166.91169136130384,34.113699999579694,4675.944000002346,2161.5614825077937
1764632869,552,,Aggregated,205.400000,0.000000,77,160,210,250,310,390,570,810,4500,4500,4700,29092,152,77,166.6915509418683,34.113699999579694,4675.944000002346,2163.1162175168433
1764632870,554,,Aggregated,204.600000,0.000000,77,160,210,250,310,390,570,800,4500,4500,4700,29284,152,77,166.53280988938718,34.113699999579694,4675.944000002346,2164.9458065838
1764632871,556,,Aggregated,207.500000,0.000000,77,160,210,250,310,390,570,810,4500,4500,4700,29510,152,77,166.60152638091623,34.113699999579694,4675.944000002346,2166.9453066757033
1764632872,558,,Aggregated,207.100000,0.000000,77,160,210,250,310,390,570,800,4500,4500,4700,29709,152,77,166.54409609885295,34.113699999579694,4675.944000002346,2166.572755730587
1764632873,560,,Aggregated,207.600000,0.000000,77,160,210,250,310,390,570,800,4500,4500,4700,29928,152,77,166.4313342255009,34.113699999579694,4675.944000002346,2166.113205025394
1764632874,562,,Aggregated,206.000000,0.000000,76,160,210,250,310,390,570,800,4500,4500,4700,30136,152,76,166.1918251626229,34.113699999579694,4675.944000002346,2165.879346960446
1764632875,564,,Aggregated,207.900000,0.000000,76,160,210,250,310,390,570,800,4500,4500,4700,30348,152,76,165.9802804732046,34.113699999579694,4675.944000002346,2166.4855344668513
1764632876,566,,Aggregated,210.500000,0.000000,76,160,210,250,310,390,570,800,4500,4500,4700,30592,152,76,166.12542633370992,34.113699999579694,4675.944000002346,2168.8829759414225
1764632877,568,,Aggregated,211.100000,0.000000,76,160,210,250,310,390,570,790,4500,4500,4700,30795,152,76,165.9559187693065,34.113699999579694,4675.944000002346,2168.166325702224
1764632878,570,,Aggregated,213.200000,0.000000,76,160,210,250,310,390,570,790,4500,4500,4700,30998,152,76,165.79087797925,34.113699999579694,4675.944000002346,2168.9678043744757
1764632879,572,,Aggregated,212.300000,0.000000,76,160,210,250,310,390,570,790,4500,4500,4700,31226,152,76,165.7650347851421,34.113699999579694,4675.944000002346,2170.338115672837
1764632880,574,,Aggregated,212.100000,0.000000,76,160,210,250,310,390,570,780,4500,4500,4700,31459,152,76,165.6863634953707,34.113699999579694,4675.944000002346,2172.5152738485012
1764632881,576,,Aggregated,213.100000,0.000000,76,160,210,250,310,390,570,780,4500,4500,4700,31667,152,76,165.52715743521154,34.113699999579694,4675.944000002346,2172.11614614583
1764632882,578,,Aggregated,215.700000,0.000000,76,160,210,250,310,390,570,780,4500,4500,4700,31887,152,76,165.6844008122704,34.113699999579694,4675.944000002346,2173.2168908959766
1764632883,580,,Aggregated,214.400000,0.000000,76,160,210,250,310,390,570,790,4500,4500,4700,32112,152,76,165.75485451235843,34.113699999579694,4675.944000002346,2173.8266068759344
1764632884,582,,Aggregated,216.500000,0.000000,76,160,210,250,310,400,570,780,4500,4500,4700,32326,152,76,165.95132222362284,34.113699999579694,4675.944000002346,2172.645115386995
1764632885,584,,Aggregated,216.700000,0.000000,76,160,210,250,310,400,580,810,4500,4500,4700,32556,152,76,166.42495828421383,34.113699999579694,4675.944000002346,2173.5880636441825
1764632886,586,,Aggregated,216.100000,0.000000,76,160,210,260,320,400,590,810,4500,4500,4700,32798,152,76,166.6013509208149,34.113699999579694,4675.944000002346,2174.290901884261
1764632887,588,,Aggregated,217.400000,0.000000,76,160,210,260,320,400,590,810,4500,4500,4700,33003,152,76,166.37234714422448,34.113699999579694,4675.944000002346,2173.1257158440144
1764632888,590,,Aggregated,217.600000,0.000000,77,160,210,260,320,400,600,810,4500,4500,4700,33231,152,77,166.660299341003,34.113699999579694,4675.944000002346,2173.356895669706
1764632889,592,,Aggregated,219.100000,0.000000,77,160,210,260,320,400,600,830,4500,4500,4700,33405,152,77,167.21268794195137,34.113699999579694,4675.944000002346,2173.653465050142
1764632890,594,,Aggregated,219.800000,0.000000,77,160,210,260,320,410,620,860,4500,4500,4700,33641,152,77,167.8302653696684,34.113699999579694,4675.944000002346,2171.8502125382715
1764632891,596,,Aggregated,218.200000,0.000000,77,160,210,260,320,410,640,910,4500,4500,4700,33877,152,77,168.93223732624094,34.113699999579694,4675.944000002346,2173.0247955840246
1764632892,598,,Aggregated,216.600000,0.000000,77,160,210,260,320,420,650,930,4500,4500,4700,34123,152,77,169.63892535243156,34.113699999579694,4675.944000002346,2175.3167951235237
1764632893,600,,Aggregated,219.500000,0.000000,77,160,210,260,320,410,650,930,4500,4500,4700,34346,152,77,169.3531270541269,34.113699999579694,4675.944000002346,2176.2751703255108
1764632894,602,,Aggregated,220.200000,0.000000,77,160,210,260,320,420,650,920,4500,4500,4700,34585,152,77,169.25434229871263,34.113699999579694,4675.944000002346,2175.8116524504844
1764632895,604,,Aggregated,221.000000,0.000000,77,160,210,260,320,420,650,920,4500,4500,4700,34804,152,77,169.39503093325604,34.113699999579694,4675.944000002346,2176.231841167682
1764632896,606,,Aggregated,223.900000,0.000000,77,160,220,260,320,420,660,920,4500,4500,4700,35045,152,77,169.482973713828,34.113699999579694,4675.944000002346,2177.742074475674
1764632897,608,,Aggregated,225.400000,0.000000,77,160,220,260,320,420,650,920,4500,4500,4700,35283,152,77,169.3466608962145,34.113699999579694,4675.944000002346,2178.17169741802
1764632898,610,,Aggregated,223.200000,0.000000,77,160,220,260,320,420,650,910,4500,4500,4700,35517,152,77,169.267842129153,34.113699999579694,4675.944000002346,2177.8737224427737
1764632899,612,,Aggregated,225.000000,0.000000,77,160,210,260,320,420,650,910,4500,4500,4700,35756,152,77,168.88751338519901,34.113699999579694,4675.944000002346,2178.9209083790133
1764632900,614,,Aggregated,228.900000,0.000000,77,160,210,260,320,420,650,910,4500,4500,4700,35984,152,77,168.70612414409644,34.113699999579694,4675.944000002346,2179.1225266785236
1764632901,616,,Aggregated,231.100000,0.000000,77,160,210,260,320,420,650,900,4500,4500,4700,36216,152,77,168.60967315002028,34.113699999579694,4675.944000002346,2178.6027170311463
1764632902,618,,Aggregated,231.700000,0.000000,77,160,220,260,320,420,650,900,4500,4500,4700,36428,152,77,168.9073177501145,34.113699999579694,4675.944000002346,2178.9586856264414
1764632903,620,,Aggregated,232.600000,0.000000,77,160,220,260,320,420,650,900,4500,4500,4700,36657,152,77,169.0368265597619,34.113699999579694,4675.944000002346,2179.2094552200124
1764632904,622,,Aggregated,231.200000,0.000000,77,160,220,260,320,420,650,900,4500,4500,4700,36899,152,77,169.27193785471496,34.113699999579694,4675.944000002346,2179.9498631399224
1764632905,624,,Aggregated,230.100000,0.000000,77,160,220,260,320,420,650,900,4500,4500,4700,37121,152,77,169.23868347569123,34.113699999579694,4675.944000002346,2179.760593734005
1764632906,626,,Aggregated,230.400000,0.000000,77,160,220,260,320,420,650,900,4500,4500,4700,37338,152,77,169.1065279822453,34.113699999579694,4675.944000002346,2179.5796775403073
1764632907,628,,Aggregated,229.500000,0.000000,77,160,220,260,320,430,650,900,4500,4500,4700,37567,152,77,169.42665224801226,34.113699999579694,4675.944000002346,2178.451247105172
1764632908,630,,Aggregated,229.800000,0.000000,77,160,220,260,320,430,660,900,4500,4500,4700,37804,152,77,169.69290449955238,34.113699999579694,4675.944000002346,2179.1418897471167
1764632909,632,,Aggregated,229.500000,0.000000,77,160,220,260,320,430,680,930,4500,4500,4700,38034,152,77,170.36522187256327,34.113699999579694,4675.944000002346,2178.7825103854448
1764632910,634,,Aggregated,227.300000,0.000000,77,160,220,260,330,430,690,960,4500,4500,4700,38319,152,77,170.86009121587463,34.113699999579694,4675.944000002346,2179.6412745635325
1764632911,636,,Aggregated,227.500000,0.000000,77,160,220,260,330,430,680,960,4500,4500,4700,38515,152,77,170.74981248087857,34.113699999579694,4675.944000002346,2179.746955731533
1764632912,638,,Aggregated,231.200000,0.000000,78,160,220,260,330,430,680,950,4500,4500,4700,38765,152,78,170.91508227269435,34.113699999579694,4675.944000002346,2180.4212304914226
1764632913,640,,Aggregated,230.400000,0.000000,78,160,220,260,330,430,680,940,4500,4500,4700,39006,152,78,170.91280150492247,34.113699999579694,4675.944000002346,2182.414167051223
1764632914,642,,Aggregated,229.200000,0.000000,78,160,220,260,330,440,680,940,4500,4500,4700,39237,152,78,171.0394876596324,34.113699999579694,4675.944000002346,2182.93959782858
1764632915,644,,Aggregated,234.300000,0.000000,78,160,220,260,330,440,700,950,4500,4500,4700,39482,152,78,171.36100270505432,34.113699999579694,4675.944000002346,2181.631857555342
1764632916,646,,Aggregated,233.500000,0.000000,78,160,220,270,330,440,710,960,4500,4500,4700,39745,152,78,171.69340699713013,34.113699999579694,4675.944000002346,2181.4019373506103
1764632917,648,,Aggregated,234.000000,0.000000,78,160,220,270,330,440,710,960,4500,4500,4700,39992,152,78,171.4856046009446,34.113699999579694,4675.944000002346,2181.60599619924
1764632918,650,,Aggregated,236.200000,0.000000,78,160,220,260,330,440,710,960,4500,4500,4700,40227,152,78,171.29359860046705,34.113699999579694,4675.944000002346,2180.7618266338527
1764632919,652,,Aggregated,238.500000,0.000000,78,160,220,270,330,440,700,950,4500,4500,4700,40473,152,78,171.2559625355424,34.113699999579694,4675.944000002346,2181.811158055988
1764632920,654,,Aggregated,239.800000,0.000000,78,160,220,270,330,440,700,940,4500,4500,4700,40726,154,78,171.34237564457513,34.113699999579694,4675.944000002346,2181.0980700289742
1764632921,656,,Aggregated,242.000000,0.000000,78,160,220,270,330,440,700,940,4500,4500,4700,40957,154,78,171.42634970581298,34.113699999579694,4675.944000002346,2181.017652660107
1764632922,658,,Aggregated,240.100000,0.000000,78,160,220,270,330,450,710,940,4500,4500,4700,41192,154,78,171.86841254129357,34.113699999579694,4675.944000002346,2179.6914692173236
1764632923,660,,Aggregated,243.300000,0.200000,78,160,220,270,330,450,720,970,4500,4500,4700,41423,154,78,172.44048631197427,34.113699999579694,4675.944000002346,2178.556961108563
1764632924,662,,Aggregated,245.200000,0.200000,78,160,220,270,330,450,720,980,4500,4500,4700,41656,154,78,172.82565173806665,34.113699999579694,4675.944000002346,2177.525158440561
1764632925,664,,Aggregated,242.000000,0.200000,79,160,220,270,330,450,740,1000,4500,4500,4700,41867,154,79,174.3439233573186,34.113699999579694,4675.944000002346,2176.547877803521
1764632926,666,,Aggregated,241.700000,0.200000,79,160,220,270,330,460,760,1100,4500,4500,4700,42142,154,79,176.62742744057786,34.113699999579694,4675.944000002346,2178.1275686963127
1764632927,668,,Aggregated,238.000000,0.200000,79,160,220,270,330,460,770,1100,4500,4500,4700,42380,154,79,178.2600171307425,34.113699999579694,4675.944000002346,2178.5576451156207
1764632928,670,,Aggregated,238.900000,0.200000,79,160,220,270,330,460,790,1100,4500,4500,4700,42631,154,79,179.20595315617365,34.113699999579694,4675.944000002346,2179.9939949801787
1764632929,672,,Aggregated,238.300000,0.200000,79,160,220,270,340,470,810,1200,4500,4500,4700,42858,154,79,179.92815946849558,34.113699999579694,4675.944000002346,2181.2065192029495
1764632930,674,,Aggregated,240.000000,0.200000,80,160,220,270,340,470,820,1200,4500,4500,4700,43135,154,80,180.85680686914932,34.113699999579694,4675.944000002346,2181.237765155906
1764632931,676,,Aggregated,238.900000,0.200000,80,160,220,270,340,470,830,1200,4500,4500,4700,43343,154,80,181.25864137232716,34.113699999579694,4675.944000002346,2180.666612832522
1764632932,678,,Aggregated,238.300000,0.200000,80,160,220,270,340,480,850,1200,4500,4500,4700,43598,154,80,182.09464915135558,34.113699999579694,4675.944000002346,2180.4193999724757
1764632933,680,,Aggregated,237.500000,0.000000,80,160,220,270,340,480,860,1300,4500,4500,4700,43831,154,80,182.61006801580479,34.113699999579694,4675.944000002346,2180.2016381100134
1764632934,682,,Aggregated,237.900000,0.000000,80,160,220,270,340,480,880,1300,4500,4500,4700,44054,154,80,183.46762969538963,34.113699999579694,4675.944000002346,2179.923344077723
1764632935,684,,Aggregated,238.100000,0.000000,80,160,220,270,340,490,900,1300,4500,4500,4700,44269,154,80,184.6734951794867,34.113699999579694,4675.944000002346,2180.3480765321106
1764632936,686,,Aggregated,235.900000,0.000000,80,160,220,270,340,490,910,1400,4500,4500,4700,44497,154,80,186.47030014159702,34.113699999579694,4675.944000002346,2180.146751466391
1764632937,688,,Aggregated,240.600000,0.000000,81,160,220,270,340,490,940,1500,4500,4500,4700,44739,154,81,188.4869689041022,34.113699999579694,4675.944000002346,2180.019155546615
1764632938,690,,Aggregated,237.800000,0.000000,81,160,230,270,340,500,970,1600,4500,4500,4700,44990,154,81,190.47438943766778,34.113699999579694,4675.944000002346,2181.4863080684595
1764632939,692,,Aggregated,233.900000,0.000000,81,160,230,270,340,500,1000,1800,4500,4500,4700,45210,154,81,192.14605826367293,34.113699999579694,4675.944000002346,2181.945211236452
1764632940,694,,Aggregated,234.000000,0.000000,81,160,230,270,340,500,1000,2000,4500,4500,4700,45471,154,81,193.87263982979735,34.113699999579694,4675.944000002346,2181.9767544149017
1764632941,696,,Aggregated,234.800000,0.000000,81,160,230,270,340,510,1000,2100,4500,4500,4700,45708,154,81,194.6310715914225,34.113699999579694,4675.944000002346,2180.9392666491644
1764632942,698,,Aggregated,233.300000,0.000000,81,160,230,270,350,510,1100,2100,4500,4500,4700,45969,154,81,196.3559034066591,34.113699999579694,4675.944000002346,2181.258848354326
1764632943,700,,Aggregated,233.400000,0.000000,82,160,230,270,350,520,1100,2200,4500,4500,4700,46199,154,82,197.8946668066573,34.113699999579694,4675.944000002346,2182.4714820667114
1764632944,702,,Aggregated,236.000000,0.000000,82,160,230,270,350,520,1100,2200,4500,4500,4700,46438,154,82,198.5627240579,34.113699999579694,4675.944000002346,2182.0953744777985
1764632945,704,,Aggregated,235.500000,0.000000,82,160,230,270,350,520,1200,2200,4500,4500,4700,46685,154,82,199.83567804863918,34.113699999579694,4675.944000002346,2182.179415229731
1764632946,706,,Aggregated,238.500000,0.000000,82,160,230,270,350,530,1200,2200,4500,4500,4700,46940,154,82,200.7413350916199,34.113699999579694,4675.944000002346,2181.23285044738
1764632947,708,,Aggregated,238.700000,0.000000,82,160,230,270,350,530,1300,2200,4500,4500,4700,47188,154,82,202.17187011529637,34.113699999579694,4675.944000002346,2180.9590573874716
1764632948,710,,Aggregated,241.500000,0.000000,82,160,230,270,350,530,1300,2300,4500,4500,4700,47396,154,82,203.55285006119954,34.113699999579694,4675.944000002346,2181.8883661068444
1764632949,712,,Aggregated,244.400000,0.000000,82,160,230,270,350,540,1300,2300,4500,4500,4700,47621,154,82,204.95821048908172,34.113699999579694,4675.944000002346,2181.590537787951
1764632950,714,,Aggregated,242.200000,0.000000,83,160,230,270,350,540,1400,2300,4500,4500,4700,47844,154,83,206.36186357956203,34.113699999579694,4675.944000002346,2180.8756583897666
1764632951,716,,Aggregated,238.700000,0.000000,83,160,230,270,350,550,1400,2400,4500,4500,4700,48083,154,83,208.46138679991864,34.113699999579694,4675.944000002346,2180.662978599505
1764632952,718,,Aggregated,240.500000,0.000000,83,160,230,280,350,560,1500,2400,4500,4500,4700,48338,154,83,211.28011010799963,34.113699999579694,4675.944000002346,2180.2947163722124
1764632953,720,,Aggregated,235.900000,0.000000,84,160,230,280,360,570,1600,2500,4500,4500,4700,48554,154,84,213.78627005603144,34.113699999579694,4675.944000002346,2182.2387032994193
1764632954,722,,Aggregated,234.900000,0.000000,84,160,230,280,360,570,1700,2500,4500,4500,4700,48818,154,84,216.38573238970378,34.113699999579694,4675.944000002346,2182.7140808718095
1764632955,724,,Aggregated,234.700000,0.000000,84,160,230,280,360,580,1800,2600,4500,4500,4700,49068,154,84,218.35739675757142,34.113699999579694,4675.944000002346,2183.8112415423493
1764632956,726,,Aggregated,235.200000,0.000000,84,160,230,280,360,590,1900,2600,4500,4500,4700,49331,154,84,220.3931544992087,34.113699999579694,4675.944000002346,2185.5830816322396
1764632957,728,,Aggregated,236.900000,0.000000,84,160,230,280,360,600,2000,2700,4500,4500,4700,49581,154,84,221.7451249874045,34.113699999579694,4675.944000002346,2185.522417861681
1764632958,730,,Aggregated,237.500000,0.000000,85,160,230,280,360,600,2000,2700,4500,4500,4700,49808,154,85,222.91542006505918,34.113699999579694,4675.944000002346,2184.976108255702
1764632959,732,,Aggregated,238.200000,0.000000,85,170,240,280,360,610,2100,2700,4500,4500,4700,50063,154,85,224.45734424625851,34.113699999579694,4675.944000002346,2184.958292551385
1764632960,734,,Aggregated,238.900000,0.000000,85,170,240,280,360,610,2100,2700,4500,4500,4700,50324,154,85,225.61323318695696,34.113699999579694,4675.944000002346,2183.7105357284795
1764632961,736,,Aggregated,241.000000,0.000000,85,170,240,280,360,620,2200,2700,4500,4500,4700,50566,154,85,227.30469680616142,34.113699999579694,4675.944000002346,2183.636218012103
1764632962,738,,Aggregated,241.600000,0.000000,86,170,240,280,360,620,2200,2800,4500,4500,4700,50824,154,86,228.87768295491028,34.113699999579694,4675.944000002346,2182.856465449394
1764632963,740,,Aggregated,247.400000,0.000000,86,170,240,280,360,630,2200,2800,4500,4500,4700,51049,154,86,230.3230346843306,34.113699999579694,4675.944000002346,2182.580716566436
1764632964,742,,Aggregated,247.500000,0.000000,86,170,240,280,360,630,2300,2900,4500,4500,4700,51297,154,86,231.7225058716972,34.113699999579694,4675.944000002346,2182.394896387703
1764632965,744,,Aggregated,249.600000,0.000000,86,170,240,280,360,640,2300,2900,4500,4500,4700,51558,154,86,233.15394660965367,34.113699999579694,4675.944000002346,2181.2568369603164
1764632966,746,,Aggregated,247.300000,0.000000,86,170,240,280,360,650,2300,2900,4500,4500,4700,51760,154,86,234.40131919823307,34.113699999579694,4675.944000002346,2181.5551197836166
1764632967,748,,Aggregated,245.700000,0.000000,87,170,240,280,360,650,2300,2900,4500,4500,4700,52012,154,87,236.15101281436014,34.113699999579694,4675.944000002346,2181.0847112204874
1764632968,750,,Aggregated,244.400000,0.000000,87,170,240,280,370,660,2400,3000,4500,4500,4700,52272,154,87,238.48624435071196,34.113699999579694,4675.944000002346,2182.314757422712
1764632969,752,,Aggregated,241.100000,0.000000,87,170,240,280,370,670,2400,3100,4500,4500,4700,52538,154,87,240.94047294530512,34.113699999579694,4675.944000002346,2183.0763828086338
1764632970,754,,Aggregated,243.300000,0.000000,88,170,240,280,370,680,2400,3100,4500,4500,4700,52772,154,88,242.49314055939598,34.113699999579694,4675.944000002346,2183.8979761994997
1764632971,756,,Aggregated,246.300000,0.000000,88,170,240,280,370,680,2500,3100,4500,4500,4700,53030,154,88,243.63536831982762,34.113699999579694,4675.944000002346,2182.746426551009
1764632972,758,,Aggregated,247.100000,0.000000,88,170,240,280,370,690,2500,3100,4500,4500,4700,53265,154,88,244.74990068150748,34.113699999579694,4675.944000002346,2183.385168497137
1764632973,760,,Aggregated,244.300000,0.000000,88,170,240,280,370,700,2500,3100,4500,4500,4700,53520,154,88,246.13040588752818,34.113699999579694,4675.944000002346,2183.732361733931
1764632974,762,,Aggregated,243.900000,0.000000,88,170,240,280,370,710,2600,3100,4500,4500,4700,53791,154,88,248.19158465357634,34.113699999579694,4675.944000002346,2184.859232957186
1764632975,764,,Aggregated,243.200000,0.000000,88,170,240,280,370,710,2600,3200,4500,4500,4700,54033,154,88,249.27737993819647,34.113699999579694,4675.944000002346,2184.0195806266543
1764632976,766,,Aggregated,245.600000,0.000000,89,170,240,280,370,720,2600,3200,4500,4500,4700,54307,154,89,250.8186135949443,34.113699999579694,4675.944000002346,2183.3386856206384
1764632977,768,,Aggregated,249.200000,0.000000,89,170,240,280,370,730,2600,3200,4500,4500,4700,54516,154,89,252.09898047730283,34.113699999579694,4675.944000002346,2183.498147332893
1764632978,770,,Aggregated,249.500000,0.000000,89,170,250,280,370,730,2700,3200,4500,4500,4700,54770,154,89,253.8876089665991,34.113699999579694,4675.944000002346,2182.506627715903
1764632979,772,,Aggregated,255.500000,0.000000,90,170,250,280,380,740,2700,3200,4500,4500,4700,55035,154,90,255.6454558462925,34.113699999579694,4675.944000002346,2182.6000363405105
1764632980,774,,Aggregated,249.200000,0.000000,90,170,250,280,380,750,2700,3300,4500,4500,4700,55271,154,90,257.79195018908183,34.113699999579694,4675.944000002346,2183.146604910351
1764632981,776,,Aggregated,247.100000,0.000000,90,180,250,280,380,760,2700,3300,4500,4500,4700,55521,154,90,259.5840905657447,34.113699999579694,4675.944000002346,2182.582032023919
1764632982,778,,Aggregated,249.000000,0.000000,91,180,250,280,380,770,2800,3300,4500,4500,4700,55766,154,91,261.5975837087251,34.113699999579694,4677.038200003153,2182.526449808127
1764632983,780,,Aggregated,247.400000,0.000000,91,180,250,280,380,780,2800,3400,4500,4600,4700,56022,154,91,264.0473940309311,34.113699999579694,4677.038200003153,2183.5115847345687
1764632984,782,,Aggregated,248.400000,0.000000,91,180,250,280,380,790,2800,3400,4500,4600,4700,56265,154,91,265.7627748138422,34.113699999579694,4677.038200003153,2184.0187861014842
1764632985,784,,Aggregated,249.800000,0.000000,91,180,250,280,380,800,2900,3400,4500,4600,4700,56499,154,91,267.4689615763263,34.113699999579694,4677.038200003153,2183.102196499053
1764632986,786,,Aggregated,250.100000,0.000000,92,180,250,280,380,810,2900,3500,4500,4600,4800,56778,154,92,269.7509546690766,34.113699999579694,4807.885599999281,2182.6851597449718
1764632987,788,,Aggregated,245.200000,0.000000,92,180,250,280,380,830,2900,3500,4500,4600,4800,57039,154,92,271.9255020354638,34.113699999579694,4807.885599999281,2183.9520503515137
1764632988,790,,Aggregated,244.400000,0.000000,92,180,250,290,380,840,3000,3500,4500,4600,4800,57295,154,92,273.4686534392311,34.113699999579694,4807.885599999281,2183.676341740117
1764632989,792,,Aggregated,244.600000,0.000000,92,180,250,290,390,860,3000,3500,4500,4600,4800,57555,154,92,275.35302204327513,34.113699999579694,4807.885599999281,2184.737173138737
1764632990,794,,Aggregated,250.800000,0.000000,93,180,250,290,390,860,3000,3500,4500,4600,4800,57803,154,93,276.4852507690027,34.113699999579694,4807.885599999281,2184.378994169853
1764632991,796,,Aggregated,251.300000,0.000000,93,180,260,290,390,870,3000,3600,4500,4600,4800,58058,154,93,277.68714054567215,34.113699999579694,4807.885599999281,2184.720538082607
1764632992,798,,Aggregated,250.100000,0.000000,93,180,260,290,390,890,3100,3600,4500,4600,4800,58305,154,93,279.5238109184559,34.113699999579694,4807.885599999281,2185.1439499185317
1764632993,800,,Aggregated,252.000000,0.000000,93,180,260,290,390,900,3100,3600,4500,4600,4800,58553,154,93,280.8883502843671,34.113699999579694,4807.885599999281,2184.2905914299863
1764632994,802,,Aggregated,253.500000,0.000000,94,180,260,290,390,900,3100,3600,4500,4600,4800,58804,154,94,282.7915041306817,34.113699999579694,4807.885599999281,2183.167947758656
1764632995,804,,Aggregated,250.900000,0.000000,94,180,260,290,390,910,3100,3700,4500,4700,5000,58998,154,94,284.6318957727486,34.113699999579694,5013.718100002734,2182.0884267263295
1764632996,806,,Aggregated,250.700000,0.000000,94,180,260,290,400,950,3200,3700,4500,5000,5200,59242,154,94,287.8070919685468,34.113699999579694,5184.578000000329,2182.5549610073936
1764632997,808,,Aggregated,252.100000,0.000000,95,190,260,290,400,970,3200,3700,4600,5200,5400,59503,154,95,290.681270225042,34.113699999579694,5417.893300000287,2183.5435692318033
1764632998,810,,Aggregated,248.300000,0.000000,95,190,260,290,410,980,3200,3800,4700,5200,5500,59758,154,95,293.4344637136573,34.113699999579694,5484.745500005374,2182.960624518893
1764632999,812,,Aggregated,244.700000,0.000000,96,190,270,290,410,1000,3200,3800,4800,5200,5500,60031,154,96,296.90386944246643,34.113699999579694,5484.745500005374,2183.9400809581716
1764633000,814,,Aggregated,243.900000,0.000000,96,190,270,290,410,1000,3300,3900,4800,5300,5600,60278,154,96,299.39099672850324,34.113699999579694,5608.792200000607,2184.374133182919
1764633001,816,,Aggregated,245.000000,0.000000,96,190,270,290,410,1000,3300,3900,4900,5300,5600,60542,154,96,301.03461213208635,34.113699999579694,5608.792200000607,2184.249099798487
1764633002,818,,Aggregated,246.200000,0.000000,97,190,270,290,410,1100,3300,3900,4900,5300,5600,60792,154,97,302.83211190782936,34.113699999579694,5608.792200000607,2184.299726937755
1764633003,820,,Aggregated,246.400000,0.000000,97,190,270,290,420,1100,3300,3900,4900,5300,5600,61061,154,97,304.4448604870667,34.113699999579694,5608.792200000607,2183.9188680172288
1764633004,822,,Aggregated,246.200000,0.000000,97,190,270,290,420,1100,3300,4000,4900,5300,5600,61304,154,97,306.34293172061894,34.113699999579694,5608.792200000607,2184.0197703249382
1764633005,824,,Aggregated,247.100000,0.000000,98,190,270,290,420,1100,3400,4000,4900,5300,5600,61547,154,98,308.07432457635457,34.113699999579694,5608.792200000607,2184.1898874031226
1764633006,826,,Aggregated,249.600000,0.000000,98,190,270,290,420,1100,3400,4000,4900,5300,5600,61781,154,98,310.20392537512953,34.113699999579694,5608.792200000607,2183.99325035205
1764633007,828,,Aggregated,248.400000,0.000000,99,200,270,300,420,1100,3400,4100,4900,5300,5600,62003,154,99,312.439238661046,34.113699999579694,5608.792200000607,2184.771253003887
1764633008,830,,Aggregated,253.300000,0.000000,99,200,270,300,430,1200,3400,4100,5000,5400,5600,62297,154,99,315.8612164550598,34.113699999579694,5608.792200000607,2184.851662198822
1764633009,832,,Aggregated,252.600000,0.000000,100,200,270,300,430,1200,3500,4200,5000,5400,5600,62513,154,100.0,317.7237409211021,34.113699999579694,5608.792200000607,2184.213987490602
1764633010,834,,Aggregated,248.700000,0.000000,100,200,270,300,440,1200,3500,4200,5000,5400,5600,62764,154,100.0,319.9938521397748,34.113699999579694,5608.792200000607,2183.6572716844053
1764633011,836,,Aggregated,252.200000,0.000000,100,200,270,300,440,1200,3500,4200,5000,5500,5900,63033,154,100.0,322.4465621912457,34.113699999579694,5878.201100000297,2183.1507940285246
1764633012,838,,Aggregated,247.000000,0.000000,100,200,280,300,440,1300,3600,4300,5100,5500,5900,63268,154,100.0,325.00016836474634,34.113699999579694,5914.456300000893,2182.709853322375
1764633013,840,,Aggregated,247.400000,0.000000,100,200,280,300,450,1300,3600,4300,5100,5500,5900,63519,154,100.0,327.20893453770924,34.113699999579694,5914.456300000893,2182.0859585320927
1764633014,842,,Aggregated,248.100000,0.000000,100,200,280,300,450,1300,3600,4300,5100,5500,5900,63763,154,100.0,329.39761426063365,34.113699999579694,5914.456300000893,2182.0152125841005
1764633015,844,,Aggregated,248.100000,0.000000,100,200,280,300,460,1300,3600,4400,5200,5500,5900,63994,154,100.0,331.14058172017303,34.113699999579694,5916.805100001511,2181.452136137763
1764633016,846,,Aggregated,244.800000,0.000000,100,200,280,300,460,1400,3700,4400,5200,5500,5900,64250,154,100.0,333.8588764124642,34.113699999579694,5916.805100001511,2181.2161245136185
1764633017,848,,Aggregated,245.500000,0.000000,100,210,280,300,470,1400,3700,4500,5200,5700,6000,64503,154,100.0,336.8416779328229,34.113699999579694,5982.813700000406,2180.9091825186424
1764633019,850,,Aggregated,246.000000,0.000000,100,210,280,300,470,1500,3700,4500,5300,5700,6000,64752,154,100.0,339.3428740301585,34.113699999579694,5982.813700000406,2181.161230541142
1764633020,852,,Aggregated,249.600000,0.000000,100,210,280,300,480,1600,3800,4500,5300,5900,6300,65025,154,100.0,342.66166580085974,34.113699999579694,6338.846300001023,2180.894609765475
1764633021,854,,Aggregated,249.600000,0.000000,100,210,280,310,480,1600,3800,4500,5300,5900,6300,65273,154,100.0,344.54480901446163,34.113699999579694,6338.846300001023,2181.2011398281065
1764633022,856,,Aggregated,250.000000,0.000000,100,210,280,310,490,1600,3800,4500,5400,6000,6300,65503,154,100.0,346.71750132819864,34.113699999579694,6338.846300001023,2180.6263682579424
1764633023,858,,Aggregated,250.300000,0.000000,110,210,280,310,490,1700,3800,4500,5400,6000,6300,65728,154,110.0,349.3818507120385,34.113699999579694,6338.846300001023,2180.756389970789
1764633024,860,,Aggregated,246.200000,0.000000,110,210,280,310,500,1800,3900,4500,5400,6000,6300,65979,154,110.0,351.9541321420586,34.113699999579694,6338.846300001023,2179.7760044862757
1764633025,862,,Aggregated,243.800000,0.000000,110,210,280,310,510,1800,3900,4500,5500,6100,6500,66208,154,110.0,354.63813107480837,34.113699999579694,6489.942799998971,2179.6612796036734
1764633026,864,,Aggregated,245.300000,0.000000,110,220,280,310,510,1900,3900,4500,5500,6100,6900,66389,154,110.0,357.21775920861813,34.113699999579694,6894.540200002666,2179.290861437889
1764633027,866,,Aggregated,243.600000,0.000000,110,220,290,310,520,2000,3900,4600,5700,6300,6900,66632,154,110.0,361.82348183456855,34.113699999579694,6894.540200002666,2179.127806459359
1764633028,868,,Aggregated,238.400000,0.000000,110,220,290,310,530,2000,4000,4600,5800,6600,7200,66839,154,110.0,365.53732120769143,34.113699999579694,7182.377899996936,2180.1955894013972
1764633029,870,,Aggregated,237.100000,0.000000,110,220,290,310,550,2100,4000,4600,5900,6700,7300,67094,154,110.0,369.6607353161362,34.113699999579694,7273.46569999645,2180.225683369601
1764633030,872,,Aggregated,232.900000,0.000000,110,220,290,310,550,2100,4000,4700,5900,6800,7500,67324,154,110.0,372.9539866838103,34.113699999579694,7547.734200001287,2179.8793892222684
1764633031,874,,Aggregated,233.100000,0.000000,110,220,290,320,570,2100,4100,4700,6000,6900,7500,67578,154,110.0,376.9577005697245,34.113699999579694,7547.734200001287,2180.7169345053126
1764633032,876,,Aggregated,229.200000,0.000000,110,220,290,320,570,2100,4100,4700,6000,6900,7500,67809,154,110.0,379.37289787640145,34.113699999579694,7547.734200001287,2179.8509194944622
1764633033,878,,Aggregated,229.300000,0.000000,110,230,290,320,590,2200,4100,4800,6200,6900,7500,68043,154,110.0,383.310690974839,34.113699999579694,7547.734200001287,2180.3926046764545
1764633034,880,,Aggregated,230.300000,0.000000,110,230,290,320,600,2200,4200,4800,6300,6900,7500,68278,154,110.0,386.67457170686083,34.113699999579694,7547.734200001287,2181.224742962594
1764633035,882,,Aggregated,230.200000,0.000000,110,230,290,320,610,2200,4200,4800,6300,7000,7500,68515,154,110.0,390.2991434897628,34.113699999579694,7547.734200001287,2182.006348974677
1764633036,884,,Aggregated,228.900000,0.000000,110,230,290,320,630,2200,4200,4900,6300,7100,7500,68749,154,110.0,393.405287890749,34.113699999579694,7547.734200001287,2182.386216526786
1764633037,886,,Aggregated,229.400000,0.000000,110,230,290,320,640,2300,4300,4900,6300,7100,7500,68966,154,110.0,396.5698287721635,34.113699999579694,7547.734200001287,2181.537728735899
1764633038,888,,Aggregated,234.200000,0.000000,110,230,290,320,650,2300,4300,4900,6300,7100,7500,69226,154,110.0,399.3457852049957,34.113699999579694,7547.734200001287,2181.151532661139
1764633039,890,,Aggregated,231.600000,0.000000,120,240,290,330,660,2300,4400,4900,6400,7100,7500,69515,154,120.0,403.40123712869223,34.113699999579694,7547.734200001287,2182.4126303675466
1764633040,892,,Aggregated,237.900000,0.000000,120,240,300,330,670,2300,4400,5000,6400,7100,7500,69761,154,120.0,405.93992767737143,34.113699999579694,7547.734200001287,2182.652026203753
1764633041,894,,Aggregated,240.200000,0.000000,120,240,300,330,680,2300,4400,5000,6400,7000,7500,70022,154,120.0,408.2709759561439,34.113699999579694,7547.734200001287,2182.0304618548457
1764633042,896,,Aggregated,241.900000,0.000000,120,240,300,330,690,2400,4400,5000,6400,7000,7500,70281,154,120.0,410.80697339538534,34.113699999579694,7547.734200001287,2181.0192370626487
1764633043,898,,Aggregated,243.500000,0.000000,120,240,300,330,700,2400,4500,5000,6500,7000,7500,70546,154,120.0,413.414788180777,34.113699999579694,7547.734200001287,2181.221160661129
1764633044,901,,Aggregated,244.100000,0.000000,120,240,300,330,700,2400,4500,5100,6500,7000,7500,70772,154,120.0,415.3495973195772,34.113699999579694,7547.734200001287,2180.328745831685
1764633045,903,,Aggregated,248.200000,0.000000,120,240,300,330,710,2400,4500,5100,6500,7000,7500,71001,154,120.0,418.3731925677263,34.113699999579694,7547.734200001287,2180.2186448078196
1764633046,905,,Aggregated,247.400000,0.000000,120,240,300,340,730,2400,4500,5100,6500,7000,7500,71267,154,120.0,421.8730538776874,34.113699999579694,7547.734200001287,2179.3598579987934
1764633047,907,,Aggregated,246.300000,0.000000,120,250,300,340,740,2500,4500,5100,6500,7000,7500,71477,154,120.0,425.1184929515947,34.113699999579694,7547.734200001287,2180.2558725184326
1764633048,909,,Aggregated,247.200000,0.000000,120,250,300,340,750,2500,4500,5200,6500,7000,7500,71698,154,120.0,427.72941692656684,34.113699999579694,7547.734200001287,2179.8631900471423
1764633049,911,,Aggregated,249.700000,0.000000,120,250,300,340,770,2500,4500,5200,6500,7000,7500,71894,154,120.0,431.5604831863708,34.113699999579694,7547.734200001287,2179.6096614460175
1764633050,915,,Aggregated,244.200000,0.000000,120,250,300,340,790,2500,4500,5200,6500,7000,7500,72089,154,120.0,435.38205558130926,34.113699999579694,7547.734200001287,2179.6762751598717
1764633051,915,,Aggregated,236.100000,0.000000,120,250,300,340,810,2600,4500,5200,6600,7000,7500,72314,154,120.0,439.6132341621405,34.113699999579694,7547.734200001287,2179.117957795171
1764633052,919,,Aggregated,231.000000,0.000000,120,250,300,350,840,2600,4600,5300,6600,7100,7500,72519,154,120.0,443.86570793724485,34.113699999579694,7547.734200001287,2179.3803003350845
1764633053,921,,Aggregated,226.600000,0.000000,120,260,310,350,860,2600,4600,5300,6600,7100,7500,72770,154,120.0,448.1027776913707,34.113699999579694,7547.734200001287,2180.452109385736
1764633054,923,,Aggregated,222.100000,0.000000,130,260,310,350,880,2600,4600,5300,6600,7300,7700,73039,154,130.0,452.0355897356352,34.113699999579694,7701.3835000034305,2180.248086638645
1764633055,925,,Aggregated,219.700000,0.000000,130,260,310,350,890,2600,4600,5400,6700,7300,7700,73310,154,130.0,454.68714317420637,34.113699999579694,7701.3835000034305,2179.354576456145
1764633056,927,,Aggregated,222.500000,0.000000,130,260,310,360,900,2700,4700,5400,6700,7400,7800,73547,154,130.0,457.61176410460075,34.113699999579694,7766.907800003537,2178.184331107999
1764633057,929,,Aggregated,229.100000,0.000000,130,260,310,360,910,2700,4700,5400,6800,7500,7800,73818,154,130.0,460.7356572882089,34.113699999579694,7766.907800003537,2178.0618141916607
1764633058,931,,Aggregated,228.600000,0.000000,130,260,310,360,920,2700,4700,5500,6800,7600,8100,74004,154,130.0,463.22516547890643,34.113699999579694,8091.022799999337,2177.4926490459975
1764633059,933,,Aggregated,231.700000,0.000000,130,260,310,360,940,2700,4700,5500,6900,7700,8200,74265,154,130.0,466.50022619808885,34.113699999579694,8246.186100004707,2177.5403083552146
1764633060,935,,Aggregated,229.800000,0.000000,130,260,310,360,960,2700,4800,5500,6900,7700,8200,74538,154,130.0,470.1671443800627,34.113699999579694,8246.186100004707,2177.6706780434142
1764633061,937,,Aggregated,236.000000,0.000000,130,260,310,370,970,2800,4800,5500,6900,7800,8200,74742,154,130.0,473.2998508910792,34.113699999579694,8246.186100004707,2177.2066843274197
1764633062,939,,Aggregated,242.100000,0.000000,130,270,310,370,1000,2800,4800,5500,7000,7800,8200,74979,154,130.0,477.61076555036783,34.113699999579694,8246.186100004707,2177.5916723349205
1764633063,941,,Aggregated,241.500000,0.000000,130,270,310,370,1000,2800,4800,5600,7000,7800,8200,75246,154,130.0,480.70184903783706,34.113699999579694,8246.186100004707,2177.114119022938
1764633064,943,,Aggregated,245.000000,0.000000,130,270,310,380,1000,2800,4800,5600,7000,7800,8200,75429,154,130.0,482.85254394597695,34.113699999579694,8246.186100004707,2176.2534966657386
1764633065,945,,Aggregated,247.500000,0.000000,130,270,320,380,1000,2900,4900,5600,7000,7800,8200,75621,154,130.0,486.40322762990513,34.113699999579694,8246.186100004707,2176.443699501461
1764633066,947,,Aggregated,240.300000,0.000000,130,270,320,380,1100,2900,4900,5600,7000,7800,8200,75847,154,130.0,490.9697740293092,34.113699999579694,8246.186100004707,2176.5844660962202
1764633067,949,,Aggregated,231.000000,0.000000,140,270,320,380,1100,2900,4900,5700,7000,7800,8200,76096,154,140.0,496.30207662953427,34.113699999579694,8246.186100004707,2177.019843355761
1764633068,951,,Aggregated,229.500000,0.000000,140,270,320,390,1100,2900,4900,5700,7000,7800,8200,76334,154,140.0,500.35585033669133,34.113699999579694,8246.186100004707,2176.7525742133257
1764633069,953,,Aggregated,226.000000,0.000000,140,270,320,390,1100,2900,5000,5700,7000,7800,8200,76555,154,140.0,503.50702009406467,34.113699999579694,8246.186100004707,2176.8275749461172
1764633070,955,,Aggregated,228.400000,0.000000,140,270,320,390,1200,2900,5000,5700,7100,7800,8200,76756,154,140.0,506.51512078535995,34.113699999579694,8246.186100004707,2176.1724555735054
1764633071,957,,Aggregated,228.500000,0.000000,140,270,320,400,1200,3000,5000,5800,7100,8100,8500,76967,154,140.0,510.59754778153035,34.113699999579694,8459.979200000816,2176.4514662127926
1764633072,959,,Aggregated,222.100000,0.000000,140,270,320,400,1200,3000,5000,5800,7200,8100,8500,77198,154,140.0,515.3506859854019,34.113699999579694,8459.979200000816,2176.730744319801
1764633073,961,,Aggregated,222.000000,0.000000,140,280,330,410,1200,3000,5100,5900,7200,8100,8500,77470,154,140.0,520.0152371279339,34.113699999579694,8459.979200000816,2177.3631470246546
1764633074,963,,Aggregated,220.000000,0.000000,140,280,330,410,1300,3000,5100,5900,7200,8100,8500,77671,154,140.0,523.0688928197272,34.113699999579694,8459.979200000816,2177.301386617914
1764633075,965,,Aggregated,220.500000,0.000000,140,280,330,410,1300,3000,5100,5900,7200,8100,8500,77870,154,140.0,526.4573554359953,34.113699999579694,8459.979200000816,2177.4751765763453
1764633076,967,,Aggregated,221.700000,0.000000,140,280,330,420,1300,3100,5100,5900,7200,8100,8500,78111,154,140.0,530.8513094737086,34.113699999579694,8459.979200000816,2177.3506164304645
1764633077,969,,Aggregated,224.200000,0.000000,140,280,330,420,1300,3100,5200,6000,7200,8100,8500,78315,154,140.0,534.9088613215969,34.113699999579694,8459.979200000816,2177.9266168677777
1764633078,971,,Aggregated,222.300000,0.000000,140,280,330,430,1400,3100,5200,6000,7200,8100,8500,78583,154,140.0,540.0792886095055,34.113699999579694,8459.979200000816,2178.3212145120447
1764633079,973,,Aggregated,220.900000,0.000000,150,280,340,430,1400,3100,5200,6000,7200,8100,8500,78843,154,150.0,543.0542692934151,34.113699999579694,8459.979200000816,2177.882335781236
1764633080,975,,Aggregated,220.600000,0.000000,150,280,340,440,1400,3100,5200,6000,7200,8100,8500,79055,154,150.0,546.273075471517,34.113699999579694,8459.979200000816,2177.7809752703815
1764633081,977,,Aggregated,225.500000,0.000000,150,280,340,440,1400,3200,5300,6000,7300,8100,8500,79247,154,150.0,549.0088713036561,34.113699999579694,8459.979200000816,2177.086955973097
1764633082,979,,Aggregated,227.900000,0.000000,150,280,340,450,1400,3200,5300,6100,7300,8100,8500,79459,154,150.0,553.2732394379601,34.113699999579694,8459.979200000816,2177.2715991895193
1764633083,981,,Aggregated,226.500000,0.000000,150,280,340,460,1400,3200,5300,6100,7300,8100,8500,79734,154,150.0,558.2115982893223,34.113699999579694,8459.979200000816,2177.6235733814933
1764633084,983,,Aggregated,225.900000,0.000000,150,280,340,460,1500,3200,5300,6100,7300,8100,8500,79945,154,150.0,561.3023604303067,34.113699999579694,8459.979200000816,2178.3379323284757
1764633085,985,,Aggregated,222.900000,0.000000,150,280,350,460,1500,3200,5400,6100,7300,8100,8500,80196,154,150.0,565.2355885193882,34.113699999579694,8459.979200000816,2178.869818943588
1764633086,987,,Aggregated,227.400000,0.000000,150,280,350,470,1500,3200,5400,6200,7300,8100,8500,80427,154,150.0,569.0513545923728,34.113699999579694,8459.979200000816,2179.0977532420707
1764633087,989,,Aggregated,226.200000,0.000000,150,290,350,480,1500,3300,5400,6200,7300,8100,8500,80631,154,150.0,572.2108227394027,34.113699999579694,8459.979200000816,2178.7492403666083
1764633088,991,,Aggregated,231.400000,0.000000,150,290,350,480,1500,3300,5400,6200,7300,8100,8500,80850,154,150.0,575.8170633840548,34.113699999579694,8459.979200000816,2178.3364749536177
1764633089,993,,Aggregated,232.300000,0.000000,150,290,350,490,1500,3300,5500,6200,7300,8100,8500,81065,154,150.0,579.329751822621,34.113699999579694,8459.979200000816,2178.5334361314995
1764633090,995,,Aggregated,231.400000,0.000000,150,290,360,490,1600,3300,5500,6200,7300,8100,8500,81266,154,150.0,583.3270550057949,34.113699999579694,8459.979200000816,2178.513954175178
1764633091,997,,Aggregated,224.300000,0.000000,150,290,360,500,1600,3300,5500,6300,7400,8100,8500,81504,154,150.0,587.747064039814,34.113699999579694,8459.979200000816,2178.396778072242
1764633092,999,,Aggregated,221.600000,0.000000,150,290,360,510,1600,3300,5500,6300,7400,8100,8500,81772,154,150.0,592.5649715293856,34.113699999579694,8459.979200000816,2179.021364281172
1764633093,1001,,Aggregated,223.000000,0.000000,160,290,360,520,1600,3300,5500,6300,7400,8100,8500,81979,154,160.0,595.1867129508889,34.113699999579694,8459.979200000816,2178.78426182315
1764633094,1003,,Aggregated,225.100000,0.000000,160,290,360,530,1600,3400,5600,6300,7400,8100,8500,82236,154,160.0,599.2958635026138,34.113699999579694,8459.979200000816,2178.2086190962596
1764633095,1005,,Aggregated,228.400000,0.000000,160,290,370,540,1600,3400,5600,6300,7400,8100,8500,82500,154,160.0,603.2586986872844,34.113699999579694,8459.979200000816,2177.836812121212
1764633096,1007,,Aggregated,222.600000,0.000000,160,290,370,550,1600,3400,5600,6400,7400,8100,8500,82735,154,160.0,606.6603748051126,34.113699999579694,8459.979200000816,2177.905433009005
1764633097,1009,,Aggregated,229.800000,0.000000,160,290,370,560,1600,3400,5600,6400,7400,8100,8500,83002,154,160.0,609.3855312908249,34.113699999579694,8459.979200000816,2177.784450977085
1764633098,1011,,Aggregated,230.500000,0.000000,160,290,380,560,1600,3400,5700,6400,7400,8100,8500,83241,154,160.0,612.3367102341523,34.113699999579694,8459.979200000816,2177.6650809096477
1764633099,1013,,Aggregated,233.000000,0.000000,160,290,380,570,1600,3400,5700,6400,7400,8100,8500,83453,154,160.0,615.1600584604637,34.113699999579694,8459.979200000816,2177.8292332210945
1764633100,1015,,Aggregated,235.100000,0.000000,160,290,380,590,1700,3500,5700,6400,7400,8100,8500,83733,154,160.0,619.029859683771,34.113699999579694,8459.979200000816,2178.151135155793
1764633101,1017,,Aggregated,236.800000,0.000000,160,290,390,600,1700,3500,5700,6400,7400,8100,8500,83996,154,160.0,622.1452877803864,34.113699999579694,8459.979200000816,2178.1453878756133
1764633102,1019,,Aggregated,240.600000,0.000000,160,290,390,610,1700,3500,5700,6400,7400,8100,8500,84245,154,160.0,624.8090560638774,34.113699999579694,8459.979200000816,2177.941397115556
1764633103,1021,,Aggregated,246.800000,0.000000,160,300,390,620,1700,3500,5700,6400,7400,8100,8500,84491,154,160.0,627.499008035191,34.113699999579694,8459.979200000816,2177.592394456214
1764633104,1023,,Aggregated,249.500000,0.000000,160,300,400,630,1700,3500,5800,6400,7400,8100,8500,84720,154,160.0,630.3275570491194,34.113699999579694,8459.979200000816,2177.266654863078
1764633105,1025,,Aggregated,246.600000,0.000000,160,300,400,640,1700,3600,5800,6400,7400,8100,8500,84907,154,160.0,633.1375315333395,34.113699999579694,8459.979200000816,2177.6467782397212
1764633106,1027,,Aggregated,252.400000,0.000000,160,300,400,650,1700,3600,5800,6400,7400,8100,8500,85136,154,160.0,637.0827697683852,34.113699999579694,8459.979200000816,2177.9515833489945
1764633107,1029,,Aggregated,242.800000,0.000000,170,300,410,660,1700,3600,5800,6400,7400,8100,8500,85351,154,170.0,640.7586475554041,34.113699999579694,8459.979200000816,2177.7648182212274
1764633108,1031,,Aggregated,240.000000,0.000000,170,300,410,670,1700,3600,5800,6500,7400,8100,8500,85561,154,170.0,644.3261653452076,34.113699999579694,8459.979200000816,2177.4609693668845
1764633109,1033,,Aggregated,236.300000,0.000000,170,300,410,680,1800,3600,5900,6500,7400,8100,8500,85797,154,170.0,648.9445469457121,34.113699999579694,8459.979200000816,2177.2665944030678
1764633110,1035,,Aggregated,234.900000,0.000000,170,300,420,700,1800,3700,5900,6500,7400,8100,8500,86059,154,170.0,653.5075265980454,34.113699999579694,8459.979200000816,2177.482331888588
1764633111,1037,,Aggregated,230.300000,0.000000,170,300,420,700,1800,3700,5900,6500,7400,8100,8500,86288,154,170.0,657.1289440837795,34.113699999579694,8459.979200000816,2177.4894655108474
1764633112,1039,,Aggregated,231.500000,0.000000,170,300,420,710,1800,3700,5900,6500,7500,8100,8500,86488,154,170.0,660.3281950906619,34.113699999579694,8459.979200000816,2177.1275090185923
1764633113,1041,,Aggregated,229.800000,0.000000,170,300,430,730,1800,3700,5900,6500,7500,8100,8500,86756,154,170.0,664.8551352517551,34.113699999579694,8459.979200000816,2176.957363179492
1764633114,1043,,Aggregated,224.500000,0.000000,170,300,430,740,1800,3700,5900,6500,7500,8100,8500,86978,154,170.0,668.0775358205661,34.113699999579694,8459.979200000816,2176.6209156338386
1764633115,1045,,Aggregated,223.400000,0.000000,170,300,430,750,1800,3700,6000,6600,7500,8100,8600,87145,154,170.0,671.0709867290287,34.113699999579694,8574.141800003417,2176.637684319238
1764633116,1047,,Aggregated,222.600000,0.000000,170,300,440,770,1900,3800,6000,6600,7600,8200,8700,87375,154,170.0,675.7552172394983,34.113699999579694,8698.018999995838,2177.476383404864
1764633117,1049,,Aggregated,224.900000,0.000000,170,300,450,780,1900,3800,6000,6600,7600,8200,8700,87610,154,170.0,680.3070810478386,34.113699999579694,8698.018999995838,2178.5115283643418
1764633118,1051,,Aggregated,220.900000,0.000000,170,300,450,800,1900,3800,6000,6600,7600,8200,8700,87854,154,170.0,684.3932182018017,34.113699999579694,8698.018999995838,2178.9749470712773
1764633119,1053,,Aggregated,222.000000,0.000000,170,310,460,810,1900,3800,6000,6600,7600,8200,8700,88089,154,170.0,687.953868822453,34.113699999579694,8698.018999995838,2179.235500459762
1764633120,1055,,Aggregated,224.400000,0.000000,170,310,460,830,1900,3800,6000,6600,7600,8200,8700,88326,154,170.0,691.0063549181561,34.113699999579694,8698.018999995838,2178.378076670516
1764633121,1057,,Aggregated,230.100000,0.000000,180,310,460,840,1900,3900,6000,6600,7600,8200,8700,88550,154,180.0,695.0861515403848,34.113699999579694,8698.018999995838,2178.1263466967816
1764633122,1059,,Aggregated,227.100000,0.000000,180,310,470,850,1900,3900,6100,6700,7700,8200,8700,88712,154,180.0,698.4957788258753,34.113699999579694,8698.018999995838,2177.9549215438724
1764633123,1061,,Aggregated,224.500000,0.000000,180,310,470,860,2000,3900,6100,6700,7700,8200,8700,88941,154,180.0,703.5281788657766,34.113699999579694,8698.018999995838,2178.4337032414746
1764633124,1063,,Aggregated,223.900000,0.000000,180,310,480,890,2000,3900,6100,6700,7700,8200,8700,89196,154,180.0,708.2976508206771,34.113699999579694,8698.018999995838,2178.547883313153
1764633125,1065,,Aggregated,218.400000,0.000000,180,310,480,900,2000,4000,6100,6700,7700,8200,8700,89432,154,180.0,712.169346538164,34.113699999579694,8698.018999995838,2177.99131183469
1764633126,1067,,Aggregated,220.500000,0.000000,180,310,490,910,2000,4000,6100,6700,7700,8400,8700,89656,154,180.0,716.0788511120406,34.113699999579694,8706.525300003705,2177.3497925403767
1764633127,1069,,Aggregated,224.600000,0.000000,180,310,490,920,2000,4000,6200,6700,7800,8600,8900,89860,154,180.0,719.5970606910868,34.113699999579694,8922.229499999958,2177.092666369909
1764633128,1071,,Aggregated,227.600000,0.000000,180,310,500,940,2000,4000,6200,6700,7800,8600,8900,90055,154,180.0,723.6436032713457,34.113699999579694,8922.229499999958,2176.574837599245
1764633129,1073,,Aggregated,227.000000,0.000000,180,310,500,950,2100,4100,6200,6700,7800,8700,9000,90261,154,180.0,728.0661847996482,34.113699999579694,8966.447699996934,2176.3498631745715
1764633130,1075,,Aggregated,221.400000,0.000000,180,310,510,970,2100,4100,6200,6800,7900,8700,9000,90506,154,180.0,733.5211259165253,34.113699999579694,8966.447699996934,2176.7944114202373
1764633131,1077,,Aggregated,214.900000,0.000000,180,310,520,990,2100,4100,6200,6800,7900,8700,9100,90734,154,180.0,738.4446540062264,34.113699999579694,9089.396000003035,2177.671104547358
1764633132,1079,,Aggregated,214.900000,0.000000,180,310,530,1000,2100,4100,6200,6800,7900,8700,9500,90965,154,180.0,742.5245394789307,34.113699999579694,9490.945000005013,2177.899906557467
1764633133,1081,,Aggregated,216.100000,0.000000,180,310,530,1000,2100,4200,6200,6800,8000,8700,9500,91197,154,180.0,745.8119228275156,34.113699999579694,9490.945000005013,2177.538460694979
1764633134,1083,,Aggregated,220.800000,0.000000,190,320,540,1000,2100,4200,6300,6800,8000,8700,9500,91398,154,190.0,748.7007291461614,34.113699999579694,9490.945000005013,2176.616337337797
1764633135,1085,,Aggregated,227.600000,0.000000,190,320,550,1000,2200,4200,6300,6800,8000,8700,9500,91580,154,190.0,752.0761456005777,34.113699999579694,9490.945000005013,2176.872253767198
1764633136,1087,,Aggregated,221.800000,0.000000,190,320,550,1100,2200,4200,6300,6900,8000,8700,9500,91804,154,190.0,756.8889758746986,34.113699999579694,9490.945000005013,2177.267232364603
1764633137,1089,,Aggregated,217.600000,0.000000,190,320,560,1100,2200,4200,6300,6900,8000,8700,9500,92042,154,190.0,762.4094414082805,34.113699999579694,9490.945000005013,2178.1765824297604
1764633138,1091,,Aggregated,214.600000,0.000000,190,320,570,1100,2200,4300,6300,6900,8000,8700,9500,92280,154,190.0,767.423203547906,34.113699999579694,9490.945000005013,2178.7073905504985
1764633139,1093,,Aggregated,212.900000,0.000000,190,320,580,1100,2200,4300,6300,6900,8100,8800,9500,92496,154,190.0,770.7153764584496,34.113699999579694,9490.945000005013,2178.6451414115204
1764633140,1095,,Aggregated,217.700000,0.000000,190,320,590,1100,2300,4300,6300,6900,8100,8800,9500,92699,154,190.0,773.8187014919342,34.113699999579694,9490.945000005013,2178.048695239431
1764633141,1097,,Aggregated,224.300000,0.000000,190,320,600,1100,2300,4300,6400,6900,8100,8800,9500,92893,154,190.0,778.2675177645332,34.113699999579694,9490.945000005013,2178.2062911091257
1764633142,1099,,Aggregated,222.700000,0.000000,190,320,610,1100,2300,4400,6400,6900,8100,8900,9500,93145,154,190.0,783.4500661345288,34.113699999579694,9490.945000005013,2178.1557034730795
1764633143,1101,,Aggregated,218.300000,0.000000,190,320,620,1100,2300,4400,6400,7000,8200,8900,9500,93381,154,190.0,788.1570511131891,34.113699999579694,9490.945000005013,2178.5164326790245
1764633144,1103,,Aggregated,213.700000,0.000000,190,320,620,1200,2300,4400,6400,7000,8200,8900,9500,93612,154,190.0,791.8516110552144,34.113699999579694,9490.945000005013,2178.181216083408
1764633145,1105,,Aggregated,213.400000,0.000000,200,320,630,1200,2300,4400,6400,7000,8200,8900,9500,93805,154,200.0,795.030643315397,34.113699999579694,9490.945000005013,2178.0653696498052
1764633146,1107,,Aggregated,219.300000,0.000000,200,320,640,1200,2300,4400,6400,7000,8200,8900,9500,94009,154,200.0,798.9794080130698,34.113699999579694,9490.945000005013,2177.8115712325416
1764633147,1109,,Aggregated,219.900000,0.000000,200,330,650,1200,2400,4500,6500,7000,8200,8900,9500,94198,154,200.0,803.5997845962835,34.113699999579694,9490.945000005013,2178.2972568419714
1764633148,1111,,Aggregated,219.400000,0.000000,200,330,660,1200,2400,4500,6500,7000,8300,8900,9500,94458,154,200.0,809.2339356063087,34.113699999579694,9490.945000005013,2179.4586165279807
1764633149,1113,,Aggregated,220.400000,0.000000,200,330,670,1200,2400,4500,6500,7100,8300,9000,9500,94677,154,200.0,812.9041304466845,34.113699999579694,9490.945000005013,2180.0558108093833
1764633150,1115,,Aggregated,215.100000,0.000000,200,330,690,1200,2400,4500,6500,7100,8300,9000,9500,94965,154,200.0,817.5917634886621,34.113699999579694,9490.945000005013,2180.550634444269
1764633151,1117,,Aggregated,215.600000,0.000000,200,330,700,1300,2400,4500,6500,7100,8300,9000,9500,95215,154,200.0,821.5090884839633,34.113699999579694,9490.945000005013,2180.8021110119203
1764633152,1119,,Aggregated,218.600000,0.000000,200,330,710,1300,2400,4500,6500,7100,8400,9000,9500,95457,154,200.0,824.1756849492501,34.113699999579694,9490.945000005013,2180.0828016803375
1764633153,1121,,Aggregated,225.400000,0.000000,200,330,710,1300,2400,4500,6500,7100,8400,9000,9500,95666,154,200.0,827.5901587209734,34.113699999579694,9490.945000005013,2179.9424142328517
1764633154,1123,,Aggregated,232.200000,0.000000,200,330,720,1300,2400,4500,6600,7100,8400,9000,9500,95889,154,200.0,831.3774000688368,34.113699999579694,9490.945000005013,2180.571775698985
1764633155,1125,,Aggregated,230.700000,0.000000,200,330,730,1300,2400,4500,6600,7200,8400,9000,9500,96057,154,200.0,833.6352372841195,34.113699999579694,9490.945000005013,2180.2742121865144
1764633156,1127,,Aggregated,225.500000,0.000000,210,340,750,1300,2500,4500,6600,7200,8400,9000,9500,96277,154,210.0,838.1276781173144,34.113699999579694,9490.945000005013,2180.226263801323
1764633157,1129,,Aggregated,225.900000,0.000000,210,340,760,1300,2500,4500,6600,7200,8400,9000,9500,96512,154,210.0,843.0077829306263,34.113699999579694,9490.945000005013,2180.436049403183
1764633158,1131,,Aggregated,223.600000,0.000000,210,340,770,1300,2500,4600,6600,7200,8400,9000,9500,96723,154,210.0,846.9402217259664,34.113699999579694,9490.945000005013,2180.3824943395057
1764633159,1133,,Aggregated,224.000000,0.000000,210,340,790,1300,2500,4600,6600,7200,8400,9000,9500,96931,154,210.0,851.0954490266337,34.113699999579694,9490.945000005013,2180.075734285213
1764633160,1135,,Aggregated,229.800000,0.000000,210,340,800,1400,2500,4600,6600,7200,8400,9000,9500,97147,154,210.0,855.4354827941216,34.113699999579694,9490.945000005013,2180.1490627605585
1764633161,1137,,Aggregated,224.200000,0.000000,210,340,810,1400,2600,4600,6600,7200,8400,9100,9500,97379,154,210.0,859.8370910114152,34.113699999579694,9490.945000005013,2180.4888836402097
1764633162,1139,,Aggregated,222.000000,0.000000,210,340,830,1400,2600,4600,6600,7200,8400,9100,9500,97645,154,210.0,864.255575700759,34.113699999579694,9490.945000005013,2180.2795125198422
1764633163,1141,,Aggregated,217.600000,0.000000,210,340,840,1400,2600,4700,6700,7300,8500,9100,9500,97892,154,210.0,868.9280203275099,34.113699999579694,9490.945000005013,2180.151197237772
1764633164,1143,,Aggregated,213.900000,0.000000,210,350,860,1400,2600,4700,6700,7300,8500,9100,9500,98119,154,210.0,872.6819633006937,34.113699999579694,9490.945000005013,2180.2489426105035
1764633165,1145,,Aggregated,218.600000,0.000000,210,350,870,1400,2600,4700,6700,7300,8500,9100,9500,98356,154,210.0,877.0535716804344,34.113699999579694,9490.945000005013,2179.972904550815
1764633166,1147,,Aggregated,222.500000,0.000000,220,350,880,1400,2600,4700,6700,7300,8500,9100,9500,98545,154,220.0,879.8095158668713,34.113699999579694,9490.945000005013,2179.7261657110967
1764633167,1149,,Aggregated,221.500000,0.000000,220,350,890,1400,2600,4700,6700,7300,8600,9200,9500,98738,154,220.0,882.8034417924282,34.113699999579694,9490.945000005013,2179.434655350524
1764633168,1151,,Aggregated,229.600000,0.000000,220,350,910,1400,2600,4800,6700,7300,8600,9200,9500,99007,154,220.0,888.0647696880092,34.113699999579694,9490.945000005013,2180.0916702859395
1764633169,1153,,Aggregated,226.000000,0.000000,220,350,930,1400,2700,4800,6700,7300,8600,9200,9500,99267,154,220.0,892.7782450602994,34.113699999579694,9490.945000005013,2179.743459558564
1764633170,1155,,Aggregated,222.200000,0.000000,220,360,940,1500,2700,4800,6700,7300,8600,9200,9500,99466,154,220.0,896.5455986940347,34.113699999579694,9490.945000005013,2179.2515130798465
1764633171,1157,,Aggregated,227.500000,0.000000,220,360,960,1500,2700,4800,6700,7400,8600,9200,9500,99720,154,220.0,900.9195672753798,34.113699999579694,9490.945000005013,2179.1048535900522
1764633172,1159,,Aggregated,232.700000,0.000000,220,360,970,1500,2700,4800,6700,7400,8600,9200,9500,99938,154,220.0,904.3154471422365,34.113699999579694,9490.945000005013,2179.013938641958
1764633173,1161,,Aggregated,231.000000,0.000000,220,360,980,1500,2700,4800,6800,7400,8600,9200,9500,100151,154,220.0,907.6248853351525,34.113699999579694,9490.945000005013,2178.614891513814
1764633174,1163,,Aggregated,233.000000,0.000000,220,360,990,1500,2700,4800,6800,7400,8600,9200,9500,100383,154,220.0,911.8539658129448,34.113699999579694,9514.80630000151,2178.4009742685516
1764633175,1165,,Aggregated,226.700000,0.000000,220,360,1000,1500,2700,4900,6800,7400,8600,9200,9500,100559,154,220.0,915.2743286995775,34.113699999579694,9514.80630000151,2178.542149384938
1764633176,1167,,Aggregated,224.100000,0.000000,220,360,1000,1500,2800,4900,6800,7400,8700,9300,9500,100780,154,220.0,919.8761356509317,34.113699999579694,9547.657499999332,2178.6537308989878
1764633177,1169,,Aggregated,226.300000,0.000000,230,370,1000,1500,2800,4900,6800,7400,8700,9300,9500,100996,154,230.0,924.3488567834456,34.113699999579694,9547.657499999332,2179.508317161076
1764633178,1171,,Aggregated,219.400000,0.000000,230,370,1000,1500,2800,4900,6800,7500,8700,9300,9500,101185,154,230.0,927.9692540287679,34.113699999579694,9547.657499999332,2179.7673568216633
1764633179,1173,,Aggregated,224.000000,0.000000,230,370,1000,1600,2800,4900,6800,7500,8700,9300,9500,101377,154,230.0,932.0453464089574,34.113699999579694,9547.657499999332,2179.8307012438718
1764633180,1175,,Aggregated,224.700000,0.000000,230,370,1100,1600,2800,5000,6900,7500,8700,9300,9500,101634,154,230.0,937.6058698929586,34.113699999579694,9547.657499999332,2180.6756498809455
1764633181,1177,,Aggregated,216.600000,0.000000,230,370,1100,1600,2800,5000,6900,7500,8700,9300,9500,101856,154,230.0,941.9858471233982,34.113699999579694,9547.657499999332,2181.113208843858
1764633182,1179,,Aggregated,210.700000,0.000000,230,380,1100,1600,2900,5000,6900,7500,8700,9300,9500,102075,154,230.0,945.7460029429425,34.113699999579694,9547.657499999332,2180.9038746020083
1764633183,1181,,Aggregated,215.100000,0.000000,230,380,1100,1600,2900,5000,6900,7500,8700,9300,9500,102281,154,230.0,950.0298145755395,34.113699999579694,9547.657499999332,2181.451491479356
1764633184,1183,,Aggregated,212.500000,0.000000,230,380,1100,1600,2900,5000,6900,7600,8700,9300,9500,102469,154,230.0,953.7068755926265,34.113699999579694,9547.657499999332,2181.592345001903
1764633185,1185,,Aggregated,213.300000,0.000000,230,380,1100,1600,2900,5000,6900,7600,8700,9300,9500,102677,154,230.0,958.6459713519164,34.113699999579694,9547.657499999332,2182.2412614314794
1764633186,1187,,Aggregated,211.600000,0.000000,230,380,1100,1600,2900,5100,6900,7600,8700,9300,9700,102936,154,230.0,963.8227054091918,34.113699999579694,9745.21839999943,2182.674749358825
1764633187,1189,,Aggregated,207.600000,0.000000,230,390,1100,1600,2900,5100,6900,7600,8700,9300,9700,103143,154,230.0,967.6009263517684,34.113699999579694,9745.21839999943,2182.652879982161
1764633189,1191,,Aggregated,210.900000,0.000000,240,390,1200,1600,3000,5100,7000,7600,8800,9400,9900,103366,154,240.0,971.894551155124,34.113699999579694,9856.592800002545,2182.16461892692
1764633190,1193,,Aggregated,214.200000,0.000000,240,390,1200,1600,3000,5100,7000,7600,8800,9400,9900,103563,154,240.0,975.8792534312499,34.113699999579694,9856.592800002545,2182.029257553373
1764633191,1195,,Aggregated,217.500000,0.000000,240,390,1200,1700,3000,5100,7000,7600,8800,9400,9900,103733,154,240.0,979.3091739311558,34.113699999579694,9856.592800002545,2182.0045694234236
1764633192,1197,,Aggregated,217.300000,0.000000,240,400,1200,1700,3000,5100,7000,7700,8800,9400,9900,104002,154,240.0,985.8935526038023,34.113699999579694,9856.592800002545,2181.815561239207
1764633193,1199,,Aggregated,208.600000,0.000000,240,400,1200,1700,3000,5200,7000,7700,8900,9400,9900,104265,154,240.0,991.0603130101238,34.113699999579694,9856.592800002545,2181.9655589123868
1764633194,1201,,Aggregated,213.400000,0.000000,240,400,1200,1700,3000,5200,7000,7700,8900,9500,9900,104525,154,240.0,995.5011825802495,34.113699999579694,9856.592800002545,2181.5109782348723
1764633195,1203,,Aggregated,217.400000,0.000000,240,400,1200,1700,3100,5200,7000,7700,8900,9500,9900,104744,154,240.0,998.9986828152491,34.113699999579694,9883.99550000031,2181.472809898419
1764633196,1205,,Aggregated,223.300000,0.000000,240,410,1200,1700,3100,5200,7000,7700,8900,9700,11000,104961,154,240.0,1002.1972654576509,34.113699999579694,10582.890999998199,2181.385562256457
1764633197,1207,,Aggregated,226.300000,0.000000,240,410,1200,1700,3100,5200,7100,7700,9000,9700,11000,105144,154,240.0,1005.367291514499,34.113699999579694,10640.679600001022,2181.552604047782
1764633198,1209,,Aggregated,227.400000,0.000000,250,410,1300,1700,3100,5200,7100,7800,9000,9700,11000,105353,154,250.0,1009.6323350564342,34.113699999579694,10640.679600001022,2181.999724734939
1764633199,1211,,Aggregated,219.500000,0.000000,250,420,1300,1800,3100,5300,7100,7800,9000,9800,11000,105644,154,250.0,1015.1707032978735,34.113699999579694,10640.679600001022,2182.488006891068
1764633200,1213,,Aggregated,220.300000,0.000000,250,420,1300,1800,3100,5300,7100,7800,9000,9800,11000,105904,154,250.0,1019.1946327881918,34.113699999579694,10640.679600001022,2182.8814397945307
1764633201,1215,,Aggregated,226.200000,0.000000,250,420,1300,1800,3100,5300,7100,7800,9000,9800,11000,106128,154,250.0,1022.1991898876897,34.113699999579694,10640.679600001022,2182.705817503392
1764633202,1217,,Aggregated,233.000000,0.000000,250,420,1300,1800,3100,5300,7100,7800,9000,9800,11000,106309,154,250.0,1024.9612092852033,34.113699999579694,10640.679600001022,2182.5885766962347
1764633203,1219,,Aggregated,239.200000,0.000000,250,430,1300,1800,3100,5300,7100,7800,9000,9800,11000,106510,154,250.0,1028.0664203408187,34.113699999579694,10640.679600001022,2182.690141770726
1764633204,1221,,Aggregated,230.200000,0.000000,250,430,1300,1800,3100,5300,7100,7800,9000,9800,11000,106743,154,250.0,1032.8314026315604,34.113699999579694,10640.679600001022,2182.990716018849
1764633205,1223,,Aggregated,224.200000,0.000000,250,430,1300,1800,3200,5400,7100,7800,9000,9800,11000,106966,154,250.0,1037.9785189153617,34.113699999579694,10640.679600001022,2183.95176972122
1764633206,1225,,Aggregated,221.100000,0.000000,250,430,1300,1800,3200,5400,7200,7800,9000,9800,11000,107154,154,250.0,1040.7544726533827,34.113699999579694,10640.679600001022,2183.559437818467
1764633207,1227,,Aggregated,220.200000,0.000000,260,440,1300,1900,3200,5400,7200,7800,9000,9800,11000,107365,154,260.0,1044.8982595203317,34.113699999579694,10640.679600001022,2183.419261398035
1764633208,1229,,Aggregated,217.900000,0.000000,260,440,1400,1900,3200,5400,7200,7800,9000,9800,11000,107566,154,260.0,1049.0748991344879,34.113699999579694,10640.679600001022,2183.6165888849637
1764633209,1231,,Aggregated,221.100000,0.000000,260,450,1400,1900,3200,5400,7200,7900,9000,9800,11000,107813,154,260.0,1054.2284902924544,34.113699999579694,10640.679600001022,2183.3938207822803
1764633210,1233,,Aggregated,218.500000,0.000000,260,450,1400,1900,3200,5500,7200,7900,9000,9800,11000,108056,154,260.0,1059.7689531668802,34.113699999579694,10640.679600001022,2183.983267935145
1764633211,1235,,Aggregated,215.700000,0.000000,260,450,1400,1900,3300,5500,7200,7900,9100,9800,11000,108299,154,260.0,1064.0693272901922,34.113699999579694,10640.679600001022,2183.918780413485
1764633212,1237,,Aggregated,212.700000,0.000000,260,460,1400,1900,3300,5500,7200,7900,9100,9800,11000,108528,154,260.0,1068.0486864311554,34.113699999579694,10640.679600001022,2183.749843358396
1764633213,1239,,Aggregated,215.000000,0.000000,260,460,1400,1900,3300,5500,7300,7900,9100,9800,11000,108726,154,260.0,1071.6523800084656,34.113699999579694,10640.679600001022,2184.1173868255983
1764633214,1241,,Aggregated,220.700000,0.000000,260,460,1400,1900,3300,5500,7300,8000,9100,9800,11000,108932,154,260.0,1076.0914539841403,34.113699999579694,10640.679600001022,2184.208699004884
1764633215,1243,,Aggregated,219.100000,0.000000,260,470,1400,1900,3300,5500,7300,8000,9100,9800,11000,109168,154,260.0,1080.1117364694817,34.113699999579694,10640.679600001022,2184.453420416239
1764633216,1245,,Aggregated,216.900000,0.000000,260,470,1400,2000,3300,5500,7300,8000,9200,9800,11000,109406,154,260.0,1083.3843709586358,34.113699999579694,10640.679600001022,2183.8851068497156
1764633217,1247,,Aggregated,219.800000,0.000000,260,470,1400,2000,3300,5500,7300,8000,9200,9800,11000,109614,154,260.0,1087.1468649433505,34.113699999579694,10640.679600001022,2183.6628897768533
1764633218,1249,,Aggregated,224.300000,0.000000,260,480,1400,2000,3300,5600,7300,8000,9200,9800,11000,109816,154,260.0,1091.577381115689,34.113699999579694,10640.679600001022,2184.3488107379617
1764633219,1251,,Aggregated,224.800000,0.000000,260,480,1500,2000,3300,5600,7300,8000,9200,9800,11000,110009,154,260.0,1095.8319384850383,34.113699999579694,10640.679600001022,2184.151296712087
1764633220,1253,,Aggregated,223.400000,0.000000,270,480,1500,2000,3400,5600,7300,8000,9200,9800,11000,110196,154,270.0,1100.0740464998785,34.113699999579694,10640.679600001022,2184.338351664307
1764633221,1255,,Aggregated,218.500000,0.000000,270,490,1500,2000,3400,5600,7400,8100,9200,9800,11000,110404,154,270.0,1105.629640888922,34.113699999579694,10640.679600001022,2185.0411669867035
1764633222,1257,,Aggregated,214.100000,0.000000,270,500,1500,2000,3400,5600,7400,8100,9200,9800,11000,110623,154,270.0,1111.1563170027987,34.113699999579694,10640.679600001022,2185.7863102609763
1764633223,1259,,Aggregated,208.300000,0.000000,270,500,1500,2000,3400,5600,7400,8100,9200,9800,11000,110825,154,270.0,1115.306148479138,34.113699999579694,10640.679600001022,2185.878619445071
1764633224,1261,,Aggregated,206.100000,0.000000,270,500,1500,2100,3400,5600,7400,8100,9200,9900,11000,111046,154,270.0,1120.1439615402678,34.113699999579694,10640.679600001022,2185.5667291032546
1764633225,1263,,Aggregated,209.400000,0.000000,270,510,1500,2100,3400,5700,7400,8100,9300,10000,11000,111255,154,270.0,1124.6327065147686,34.113699999579694,10640.679600001022,2185.5527032492923
1764633226,1265,,Aggregated,209.000000,0.000000,270,510,1500,2100,3500,5700,7400,8100,9300,10000,11000,111458,154,270.0,1128.9299553867882,34.113699999579694,10640.679600001022,2185.5810170647237
1764633227,1267,,Aggregated,206.200000,0.000000,270,520,1500,2100,3500,5700,7500,8200,9300,10000,11000,111624,154,270.0,1132.7301879721274,34.113699999579694,10640.679600001022,2185.7219863111877
1764633228,1269,,Aggregated,204.500000,0.000000,270,520,1500,2100,3500,5700,7500,8200,9300,10000,11000,111837,154,270.0,1137.9309399384872,34.113699999579694,10640.679600001022,2185.7770594704793
1764633229,1271,,Aggregated,199.700000,0.000000,270,530,1500,2100,3500,5700,7500,8200,9400,10000,11000,112016,154,270.0,1142.1122940133619,34.113699999579694,10640.679600001022,2186.2038905156405
1764633230,1273,,Aggregated,201.800000,0.000000,270,530,1500,2100,3500,5700,7500,8200,9400,10000,11000,112187,154,270.0,1145.6839930348508,34.113699999579694,10640.679600001022,2186.081961368073
1764633231,1275,,Aggregated,200.200000,0.000000,270,540,1600,2100,3500,5800,7500,8200,9400,10000,11000,112405,154,270.0,1151.2589245104818,34.113699999579694,10733.074200004921,2186.109265602064
1764633232,1277,,Aggregated,197.700000,0.000000,270,540,1600,2100,3600,5800,7500,8300,9400,10000,11000,112610,154,270.0,1156.9761592771572,34.113699999579694,10733.074200004921,2186.28199094219
1764633233,1279,,Aggregated,200.500000,0.000000,270,550,1600,2200,3600,5800,7600,8300,9400,10000,11000,112838,154,270.0,1162.8171094507218,34.113699999579694,10733.074200004921,2186.7497119764616
1764633234,1281,,Aggregated,197.900000,0.000000,270,560,1600,2200,3600,5800,7600,8300,9500,10000,11000,113096,154,270.0,1168.9036056394611,34.113699999579694,10733.074200004921,2186.6716683171817
1764633235,1283,,Aggregated,197.700000,0.000000,270,560,1600,2200,3600,5800,7600,8300,9500,10000,11000,113316,154,270.0,1173.0405254862558,34.113699999579694,11110.154500005592,2186.792747714356
1764633236,1285,,Aggregated,204.400000,0.000000,270,570,1600,2200,3600,5800,7600,8300,9600,10000,11000,113519,154,270.0,1177.0481577991393,34.113699999579694,11110.154500005592,2186.6675974946925
1764633237,1287,,Aggregated,205.000000,0.000000,270,580,1600,2200,3600,5800,7600,8400,9700,11000,11000,113737,154,270.0,1182.3604587073721,34.113699999579694,11472.319600004994,2187.266966774225
1764633238,1289,,Aggregated,202.000000,0.000000,270,580,1600,2200,3700,5900,7600,8400,9700,11000,11000,113948,154,270.0,1186.7807004510871,34.113699999579694,11472.319600004994,2187.388694843262
1764633239,1291,,Aggregated,207.900000,0.000000,270,590,1600,2200,3700,5900,7600,8400,9800,11000,11000,114175,154,270.0,1191.532055490259,34.113699999579694,11472.319600004994,2187.800227720604
1764633240,1293,,Aggregated,209.700000,0.000000,280,600,1600,2200,3700,5900,7600,8400,9800,11000,11000,114419,154,280.0,1195.575803463588,34.113699999579694,11472.319600004994,2187.7796607206847
1764633241,1295,,Aggregated,211.200000,0.000000,280,600,1700,2200,3700,5900,7700,8400,9900,11000,11000,114663,154,280.0,1200.3437434935456,34.113699999579694,11472.319600004994,2187.8099038050636
1764633242,1297,,Aggregated,219.900000,0.000000,280,610,1700,2300,3700,5900,7700,8400,9900,11000,11000,114863,154,280.0,1203.7200714634002,34.113699999579694,11472.319600004994,2187.717985774357
1764633243,1299,,Aggregated,224.200000,0.000000,280,620,1700,2300,3700,5900,7700,8400,9900,11000,11000,115044,154,280.0,1207.271670732074,34.113699999579694,11472.319600004994,2187.8530822989464
1764633244,1301,,Aggregated,223.700000,0.000000,280,620,1700,2300,3700,5900,7700,8500,9900,11000,11000,115211,154,280.0,1211.1214726432434,34.113699999579694,11472.319600004994,2187.830267943165
1764633245,1303,,Aggregated,221.500000,0.000000,280,630,1700,2300,3700,5900,7700,8500,9900,11000,11000,115399,154,280.0,1215.7498149238793,34.113699999579694,11472.319600004994,2188.5942685811838
1764633246,1305,,Aggregated,210.600000,0.000000,280,640,1700,2300,3800,6000,7700,8500,9900,11000,11000,115613,154,280.0,1221.4842603452958,34.113699999579694,11472.319600004994,2189.2727547940112
1764633247,1307,,Aggregated,208.500000,0.000000,280,640,1700,2300,3800,6000,7700,8500,9900,11000,11000,115823,154,280.0,1226.6303459114386,34.113699999579694,11472.319600004994,2189.882104590625
1764633248,1309,,Aggregated,208.400000,0.000000,280,650,1700,2300,3800,6000,7700,8500,10000,11000,11000,116011,154,280.0,1230.7794563179386,34.113699999579694,11472.319600004994,2190.05638258441
1764633249,1311,,Aggregated,205.800000,0.000000,280,660,1700,2300,3800,6000,7800,8500,10000,11000,11000,116230,154,280.0,1236.2535574576286,34.113699999579694,11472.319600004994,2190.5700077432675
1764633250,1313,,Aggregated,204.700000,0.000000,280,660,1700,2300,3800,6000,7800,8600,10000,11000,11000,116400,154,280.0,1240.068961409795,34.113699999579694,11472.319600004994,2190.911554982818
1764633251,1315,,Aggregated,205.800000,0.000000,280,670,1700,2300,3800,6000,7800,8600,10000,11000,11000,116627,154,280.0,1245.9349121901475,34.113699999579694,11472.319600004994,2191.132808011867
1764633252,1317,,Aggregated,198.900000,0.000000,280,680,1800,2400,3900,6000,7800,8600,10000,11000,11000,116815,154,280.0,1250.5350080957087,34.113699999579694,11472.319600004994,2191.251654325215
1764633253,1319,,Aggregated,193.000000,0.000000,280,690,1800,2400,3900,6000,7800,8600,10000,11000,11000,116999,154,280.0,1254.9611268019394,34.113699999579694,11472.319600004994,2191.620355729536
1764633254,1321,,Aggregated,195.800000,0.000000,280,700,1800,2400,3900,6100,7800,8700,10000,11000,11000,117214,154,280.0,1260.5342494232784,34.113699999579694,11472.319600004994,2191.898032658215
1764633255,1323,,Aggregated,196.200000,0.000000,280,700,1800,2400,3900,6100,7900,8700,10000,11000,11000,117422,154,280.0,1264.7993553414187,34.113699999579694,11472.319600004994,2191.691420687776
1764633256,1325,,Aggregated,196.500000,0.000000,280,710,1800,2400,3900,6100,7900,8700,10000,11000,11000,117616,154,280.0,1270.0044697592168,34.113699999579694,11472.319600004994,2191.5806182832266
1764633257,1328,,Aggregated,199.100000,0.000000,280,710,1800,2400,3900,6100,7900,8700,10000,11000,11000,117837,154,280.0,1275.371856079161,34.113699999579694,11472.319600004994,2191.5427242716632
1764633258,1330,,Aggregated,199.200000,0.000000,280,720,1800,2400,4000,6200,7900,8700,10000,11000,11000,118062,154,280.0,1280.435116188953,34.113699999579694,11472.319600004994,2191.3967999864476
1764633259,1332,,Aggregated,199.700000,0.000000,280,730,1800,2400,4000,6200,7900,8700,10000,11000,12000,118266,154,280.0,1285.3352860779955,34.113699999579694,11636.431800005084,2191.6230700285796
1764633260,1334,,Aggregated,204.200000,0.000000,280,740,1800,2400,4000,6200,7900,8700,10000,11000,12000,118503,154,280.0,1290.9702092529333,34.113699999579694,11858.35689999658,2191.416335451423
1764633261,1336,,Aggregated,203.600000,0.000000,280,760,1800,2500,4000,6200,8000,8800,11000,12000,13000,118715,154,280.0,1295.8709926546803,34.113699999579694,12638.179800000216,2191.2216906035464
1764633262,1338,,Aggregated,205.100000,0.000000,280,770,1900,2500,4000,6200,8000,8800,11000,12000,13000,118960,154,280.0,1301.1536394636887,34.113699999579694,12638.179800000216,2191.4698554135844
1764633263,1340,,Aggregated,210.100000,0.000000,280,780,1900,2500,4000,6200,8000,8800,11000,12000,13000,119179,154,280.0,1304.7087593275683,34.113699999579694,12638.179800000216,2191.1834383574287
1764633264,1342,,Aggregated,210.300000,0.000000,280,790,1900,2500,4000,6200,8000,8800,11000,12000,13000,119392,154,280.0,1308.3465198505771,34.113699999579694,12654.377700004261,2190.6326554543016
1764633265,1344,,Aggregated,212.700000,0.000000,280,800,1900,2500,4000,6200,8000,8800,11000,12000,13000,119569,154,280.0,1311.6126967742491,34.113699999579694,12654.377700004261,2190.7423997858978
1764633266,1346,,Aggregated,218.900000,0.000000,280,810,1900,2500,4100,6200,8000,8800,11000,12000,13000,119790,154,280.0,1316.4213096644153,34.113699999579694,12654.377700004261,2190.590658652642
1764633267,1348,,Aggregated,215.700000,0.000000,280,810,1900,2500,4100,6200,8000,8900,11000,12000,13000,120017,154,280.0,1321.1369640384305,34.113699999579694,12654.377700004261,2190.5966654723916
1764633268,1350,,Aggregated,214.800000,0.000000,280,830,1900,2600,4100,6300,8100,8900,11000,12000,13000,120250,154,280.0,1325.7143391600857,34.113699999579694,12654.377700004261,2190.6755675675677
1764633269,1352,,Aggregated,218.300000,0.000000,280,840,1900,2600,4100,6300,8100,8900,11000,12000,13000,120463,154,280.0,1329.7526036600489,34.113699999579694,12654.377700004261,2190.5803607746775
1764633270,1354,,Aggregated,218.000000,0.000000,290,840,1900,2600,4100,6300,8100,8900,11000,12000,13000,120640,154,290.0,1333.2078895208945,34.113699999579694,12654.377700004261,2190.4149038461537
1764633271,1356,,Aggregated,218.200000,0.000000,290,850,2000,2600,4100,6300,8100,8900,11000,12000,13000,120843,154,290.0,1337.857098901886,34.113699999579694,12654.377700004261,2190.8195592628454
1764633272,1358,,Aggregated,215.900000,0.000000,290,860,2000,2600,4100,6300,8100,8900,11000,12000,13000,121043,154,290.0,1342.0952834406003,34.113699999579694,12654.377700004261,2191.0079641119273
1764633273,1360,,Aggregated,209.200000,0.000000,290,880,2000,2600,4100,6300,8100,8900,11000,12000,13000,121242,154,290.0,1346.767308836051,34.113699999579694,12654.377700004261,2191.030830900183
1764633274,1362,,Aggregated,208.800000,0.000000,290,890,2000,2600,4200,6300,8100,9000,11000,12000,13000,121464,154,290.0,1352.417584476063,34.113699999579694,12654.377700004261,2191.071140420207
1764633275,1364,,Aggregated,205.200000,0.000000,290,900,2000,2600,4200,6300,8200,9000,11000,12000,13000,121660,154,290.0,1357.5942828546822,34.113699999579694,12654.377700004261,2191.4991862567813
1764633276,1366,,Aggregated,204.800000,0.000000,290,910,2000,2700,4200,6300,8200,9000,11000,12000,13000,121858,154,290.0,1361.6425449359149,34.113699999579694,12654.377700004261,2191.5274007451294
1764633277,1368,,Aggregated,207.800000,0.000000,290,910,2000,2700,4200,6400,8200,9000,11000,12000,13000,122047,154,290.0,1366.3544558899493,34.113699999579694,12654.377700004261,2191.629937646972
1764633278,1370,,Aggregated,208.600000,0.000000,290,930,2000,2700,4200,6400,8200,9000,11000,12000,13000,122255,154,290.0,1371.614261910766,34.113699999579694,12654.377700004261,2191.886196883563
1764633279,1372,,Aggregated,202.300000,0.000000,290,940,2000,2700,4200,6400,8200,9000,11000,12000,13000,122465,154,290.0,1376.8138029175743,34.113699999579694,12654.377700004261,2192.4849875474624
1764633280,1374,,Aggregated,198.200000,0.000000,290,960,2100,2700,4200,6400,8200,9000,11000,12000,13000,122725,154,290.0,1381.9383137567793,34.113699999579694,12654.377700004261,2192.8312976166226
1764633281,1376,,Aggregated,197.200000,0.000000,290,970,2100,2700,4300,6400,8200,9100,11000,12000,13000,122985,154,290.0,1387.1106306647205,34.113699999579694,12654.377700004261,2193.2673903321543
1764633282,1378,,Aggregated,202.300000,0.000000,290,980,2100,2700,4300,6400,8300,9100,11000,12000,13000,123185,154,290.0,1390.3787743394143,34.113699999579694,12654.377700004261,2192.946665584284
1764633283,1380,,Aggregated,210.600000,0.000000,290,980,2100,2800,4300,6400,8300,9100,11000,12000,13000,123338,154,290.0,1393.6752861818798,34.113699999579694,12654.377700004261,2192.827303831747
1764633284,1382,,Aggregated,214.500000,0.000000,290,990,2100,2800,4300,6400,8300,9100,11000,12000,13000,123523,154,290.0,1398.2783022473595,34.113699999579694,12654.377700004261,2193.2728560672913
1764633285,1384,,Aggregated,212.500000,0.000000,290,1000,2100,2800,4300,6400,8300,9100,11000,12000,13000,123730,154,290.0,1403.6055993316138,34.113699999579694,12654.377700004261,2193.975389962014
1764633286,1386,,Aggregated,205.200000,0.000000,290,1000,2100,2800,4300,6400,8300,9100,11000,12000,13000,123948,154,290.0,1408.2708820658695,34.113699999579694,12654.377700004261,2194.361256333301
1764633287,1388,,Aggregated,202.100000,0.000000,290,1000,2100,2800,4300,6500,8300,9100,11000,12000,13000,124183,154,290.0,1412.6870453266586,34.113699999579694,12654.377700004261,2193.814113042848
1764633288,1390,,Aggregated,205.800000,0.000000,290,1000,2100,2800,4400,6500,8400,9200,11000,12000,13000,124415,154,290.0,1417.5560902994032,34.113699999579694,12654.377700004261,2193.7385363501185
1764633289,1392,,Aggregated,209.000000,0.000000,290,1000,2100,2800,4400,6500,8400,9200,11000,12000,13000,124588,154,290.0,1420.7296646972443,34.113699999579694,12654.377700004261,2193.2348861848654
1764633290,1394,,Aggregated,213.900000,0.000000,290,1000,2100,2900,4400,6500,8400,9200,11000,12000,13000,124767,154,290.0,1425.3889801574169,34.113699999579694,12654.377700004261,2193.402430129762
1764633291,1396,,Aggregated,214.800000,0.000000,290,1100,2200,2900,4400,6500,8400,9200,11000,12000,13000,124982,154,290.0,1430.8997829191426,34.113699999579694,12654.377700004261,2193.6850106415322
1764633292,1398,,Aggregated,208.900000,0.000000,290,1100,2200,2900,4500,6500,8400,9200,11000,12000,13000,125170,154,290.0,1435.8248215163403,34.113699999579694,12654.377700004261,2194.0394104018533
1764633293,1400,,Aggregated,202.400000,0.000000,290,1100,2200,2900,4500,6500,8400,9200,11000,12000,13000,125404,154,290.0,1441.161236683842,34.113699999579694,12654.377700004261,2193.9917227520655
1764633294,1402,,Aggregated,196.700000,0.000000,290,1100,2200,2900,4500,6500,8400,9200,11000,12000,13000,125598,154,290.0,1445.7759357258908,34.113699999579694,12654.377700004261,2194.3778006019206
1764633295,1404,,Aggregated,199.300000,0.000000,290,1100,2200,2900,4500,6500,8500,9300,11000,12000,13000,125753,154,290.0,1448.7787967929225,34.113699999579694,12654.377700004261,2194.2263007641964
1764633296,1406,,Aggregated,207.000000,0.000000,290,1100,2200,2900,4500,6500,8500,9300,11000,12000,13000,125970,154,290.0,1454.6762732952309,34.113699999579694,12654.377700004261,2194.8434865444156
1764633297,1408,,Aggregated,206.300000,0.000000,290,1100,2200,3000,4500,6500,8500,9300,11000,12000,13000,126245,154,290.0,1461.5359281492356,34.113699999579694,12654.377700004261,2195.2601528773416
1764633298,1410,,Aggregated,201.400000,0.000000,290,1100,2200,3000,4600,6600,8500,9300,11000,12000,13000,126439,154,290.0,1465.3870708444426,34.113699999579694,12654.377700004261,2195.011230712043
1764633299,1412,,Aggregated,204.500000,0.000000,290,1100,2200,3000,4600,6600,8500,9300,11000,12000,13000,126668,154,290.0,1469.9303112104117,34.113699999579694,12654.377700004261,2194.6481115988254
1764633300,1414,,Aggregated,202.100000,0.000000,290,1100,2300,3000,4600,6600,8500,9300,11000,12000,13000,126874,154,290.0,1474.3697674921607,34.113699999579694,12654.377700004261,2194.6745196021247
1764633301,1416,,Aggregated,201.200000,0.000000,290,1100,2300,3000,4600,6600,8600,9400,11000,12000,13000,127081,154,290.0,1478.837855059373,34.113699999579694,12654.377700004261,2194.561043743754
1764633302,1418,,Aggregated,208.900000,0.000000,290,1200,2300,3000,4600,6600,8600,9400,11000,12000,13000,127320,154,290.0,1484.588930000789,34.113699999579694,12654.377700004261,2194.7387291863024
1764633303,1420,,Aggregated,209.200000,0.000000,290,1200,2300,3000,4600,6600,8600,9400,11000,12000,13000,127568,154,290.0,1489.7524173421277,34.113699999579694,12654.377700004261,2194.789414273172
1764633304,1422,,Aggregated,209.700000,0.000000,290,1200,2300,3000,4600,6600,8600,9400,11000,12000,13000,127768,154,290.0,1493.0714020365078,34.113699999579694,12654.377700004261,2194.4491656752866
1764633305,1424,,Aggregated,215.600000,0.000000,290,1200,2300,3100,4600,6600,8600,9400,11000,12000,13000,127946,154,290.0,1496.3907545253517,34.113699999579694,12654.377700004261,2194.43503509293
1764633306,1426,,Aggregated,214.300000,0.000000,300,1200,2300,3100,4600,6600,8600,9400,11000,12000,13000,128168,154,300.0,1501.2870517274262,34.113699999579694,12654.377700004261,2194.4530850134197
1764633307,1428,,Aggregated,216.500000,0.000000,300,1200,2300,3100,4700,6600,8600,9500,11000,12000,13000,128366,154,300.0,1506.1345965310181,34.113699999579694,12654.377700004261,2194.950952744496
1764633308,1430,,Aggregated,214.900000,0.000000,300,1200,2300,3100,4700,6600,8700,9500,11000,12000,13000,128579,154,300.0,1510.608661866252,34.113699999579694,12654.377700004261,2195.1924497779573
1764633309,1432,,Aggregated,214.800000,0.000000,300,1200,2300,3100,4700,6600,8700,9500,11000,12000,13000,128769,154,300.0,1513.8549684007864,34.113699999579694,12654.377700004261,2194.7685545434074
1764633310,1434,,Aggregated,211.800000,0.000000,300,1200,2400,3100,4700,6600,8700,9500,11000,12000,13000,128980,154,300.0,1518.3514459078997,34.113699999579694,12654.377700004261,2194.5687160800126
1764633311,1436,,Aggregated,214.000000,0.000000,300,1200,2400,3100,4700,6700,8700,9500,11000,12000,13000,129166,154,300.0,1521.8431751320063,34.113699999579694,12654.377700004261,2194.2667342799186
1764633312,1438,,Aggregated,206.700000,0.000000,300,1200,2400,3100,4700,6700,8700,9500,11000,12000,13000,129425,154,300.0,1528.4292533436421,34.113699999579694,12654.377700004261,2194.628765694418
1764633313,1440,,Aggregated,207.000000,0.000000,300,1200,2400,3200,4700,6700,8700,9500,11000,12000,13000,129660,154,300.0,1533.5818894516483,34.113699999579694,12654.377700004261,2195.0948557766465
1764633314,1442,,Aggregated,207.200000,0.000000,300,1300,2400,3200,4700,6700,8700,9500,11000,12000,13000,129870,154,300.0,1537.6764554115698,34.113699999579694,12654.377700004261,2195.440425040425
1764633315,1444,,Aggregated,208.400000,0.000000,300,1300,2400,3200,4700,6700,8700,9600,11000,12000,13000,130076,154,300.0,1541.630568380028,34.113699999579694,12654.377700004261,2195.5097558350503
1764633316,1446,,Aggregated,209.000000,0.000000,300,1300,2400,3200,4700,6700,8700,9600,11000,12000,13000,130261,154,300.0,1544.8152741549702,34.113699999579694,12654.377700004261,2196.358979280061
1764633317,1448,,Aggregated,211.200000,0.000000,300,1300,2400,3200,4800,6700,8800,9600,11000,12000,13000,130457,154,300.0,1549.4602467242114,34.113699999579694,12928.891199997452,2196.7460772515083
1764633318,1450,,Aggregated,213.700000,0.000000,300,1300,2400,3200,4800,6800,8800,9600,11000,12000,13000,130655,154,300.0,1553.7844142214274,34.113699999579694,13201.53179999761,2196.57631166048
1764633319,1452,,Aggregated,206.800000,0.000000,300,1300,2400,3200,4800,6800,8800,9600,11000,13000,13000,130880,154,300.0,1559.5458440968869,34.113699999579694,13349.073900004441,2196.922020171149
1764633320,1454,,Aggregated,207.200000,0.000000,300,1300,2500,3200,4800,6800,8800,9600,12000,13000,13000,131090,154,300.0,1564.824688700897,34.113699999579694,13349.073900004441,2197.3094057517737
1764633321,1456,,Aggregated,205.600000,0.000000,300,1300,2500,3200,4800,6800,8800,9600,12000,13000,13000,131252,154,300.0,1568.2256545134603,34.113699999579694,13349.073900004441,2197.211570109408
1764633322,1458,,Aggregated,210.500000,0.000000,300,1300,2500,3200,4800,6800,8800,9700,12000,13000,14000,131430,154,300.0,1572.3747550544072,34.113699999579694,13855.565600002592,2197.35310811839
1764633323,1460,,Aggregated,210.600000,0.000000,300,1300,2500,3300,4800,6900,8800,9700,12000,13000,14000,131597,154,300.0,1576.684065426269,34.113699999579694,14392.873299999337,2197.44706946207
1764633324,1462,,Aggregated,205.500000,0.000000,300,1300,2500,3300,4900,6900,8900,9700,12000,13000,14000,131779,154,300.0,1582.1680691688416,34.113699999579694,14392.873299999337,2197.5650445063325
1764633325,1464,,Aggregated,198.100000,0.000000,300,1300,2500,3300,4900,6900,8900,9700,12000,13000,14000,131950,154,300.0,1587.0972348806417,34.113699999579694,14392.873299999337,2197.7459643804473
1764633326,1466,,Aggregated,193.100000,0.000000,300,1300,2500,3300,4900,6900,8900,9700,12000,13000,14000,132156,154,300.0,1593.6258069183434,34.113699999579694,14392.873299999337,2198.440169193983
1764633327,1468,,Aggregated,188.200000,0.000000,300,1300,2500,3300,4900,6900,8900,9800,12000,13000,14000,132322,154,300.0,1598.0202115324785,34.113699999579694,14392.873299999337,2198.362109097505
1764633328,1470,,Aggregated,186.500000,0.000000,300,1400,2500,3300,5000,6900,8900,9800,12000,13000,14000,132502,154,300.0,1602.8315234932356,34.113699999579694,14392.873299999337,2198.2061704728985
1764633329,1472,,Aggregated,189.800000,0.000000,300,1400,2600,3300,5000,6900,8900,9800,12000,13000,14000,132715,154,300.0,1609.5868624458487,34.113699999579694,14392.873299999337,2198.3221338959424
1764633330,1474,,Aggregated,186.000000,0.000000,300,1400,2600,3300,5000,6900,8900,9800,12000,13000,14000,132937,154,300.0,1615.5062778541776,34.113699999579694,14392.873299999337,2198.415444909995
1764633331,1476,,Aggregated,183.000000,0.000000,300,1400,2600,3400,5000,6900,9000,9800,12000,13000,14000,133141,154,300.0,1620.9233779917588,34.113699999579694,14392.873299999337,2198.367024432744
1764633332,1478,,Aggregated,182.500000,0.000000,300,1400,2600,3400,5100,7000,9000,9900,12000,13000,14000,133364,154,300.0,1626.6454345003194,34.113699999579694,14392.873299999337,2198.330486488108
1764633333,1480,,Aggregated,182.300000,0.000000,300,1400,2600,3400,5100,7000,9000,9900,12000,13000,14000,133569,154,300.0,1631.7667719628114,34.113699999579694,14392.873299999337,2198.372069866511
1764633334,1484,,Aggregated,188.100000,0.000000,300,1400,2600,3400,5100,7000,9000,9900,12000,13000,14000,133747,154,300.0,1635.4272469004968,34.113699999579694,14392.873299999337,2198.1455060674257
1764633335,1486,,Aggregated,192.000000,0.000000,300,1400,2600,3400,5100,7000,9000,9900,12000,13000,14000,133992,154,300.0,1641.6752807018388,34.113699999579694,14392.873299999337,2198.1441354707745
1764633336,1488,,Aggregated,195.800000,0.000000,300,1400,2600,3400,5100,7000,9000,10000,12000,13000,14000,134223,154,300.0,1647.4369290784805,34.113699999579694,14392.873299999337,2198.0886360757845
1764633337,1490,,Aggregated,195.300000,0.000000,300,1400,2700,3400,5100,7000,9000,10000,12000,13000,14000,134441,154,300.0,1651.842693807698,34.113699999579694,14392.873299999337,2198.0749920039275
1764633338,1492,,Aggregated,202.600000,0.000000,300,1400,2700,3400,5200,7000,9000,10000,12000,13000,14000,134633,154,300.0,1656.1074859596145,34.113699999579694,14392.873299999337,2198.072693916053
1764633339,1494,,Aggregated,205.000000,0.000000,300,1400,2700,3400,5200,7100,9100,10000,12000,13000,14000,134858,154,300.0,1661.4711906286664,34.113699999579694,14392.873299999337,2198.1086327841135
1764633341,1496,,Aggregated,210.100000,0.000000,300,1400,2700,3400,5200,7100,9100,10000,12000,14000,14000,135049,154,300.0,1665.3591876918804,34.113699999579694,14392.873299999337,2198.004887115047
1764633342,1498,,Aggregated,212.400000,0.000000,300,1500,2700,3500,5200,7100,9100,10000,12000,14000,14000,135254,154,300.0,1669.1377833846002,34.113699999579694,14392.873299999337,2197.7694116255343
1764633343,1500,,Aggregated,210.400000,0.000000,300,1500,2700,3500,5200,7100,9100,10000,12000,14000,14000,135485,154,300.0,1674.0641035022388,34.113699999579694,14392.873299999337,2198.1443554637044
1764633344,1502,,Aggregated,209.500000,0.000000,310,1500,2700,3500,5200,7100,9100,10000,12000,14000,14000,135683,154,310.0,1677.6505886382304,34.113699999579694,14392.873299999337,2197.7709661490385
1764633345,1504,,Aggregated,209.700000,0.000000,310,1500,2700,3500,5200,7100,9100,10000,12000,14000,14000,135867,154,310.0,1681.4880311775555,34.113699999579694,14392.873299999337,2197.581215453348
1764633346,1506,,Aggregated,208.700000,0.000000,310,1500,2700,3500,5200,7100,9100,10000,12000,14000,14000,136064,154,310.0,1685.903193899936,34.113699999579694,14392.873299999337,2197.510068791157
1764633347,1508,,Aggregated,210.800000,0.000000,310,1500,2800,3500,5300,7100,9100,10000,12000,14000,14000,136256,154,310.0,1690.8838968361097,34.113699999579694,14392.873299999337,2197.8866618717707
1764633348,1510,,Aggregated,205.300000,0.000000,310,1500,2800,3500,5300,7200,9200,10000,12000,14000,14000,136446,154,310.0,1695.8975109237422,34.113699999579694,14392.873299999337,2198.5662533163304
1764633349,1512,,Aggregated,201.900000,0.000000,310,1500,2800,3500,5300,7200,9200,10000,12000,14000,14000,136672,154,310.0,1701.4848397140663,34.113699999579694,14392.873299999337,2198.7280862210255
1764633350,1514,,Aggregated,198.800000,0.000000,310,1500,2800,3500,5300,7200,9200,10000,12000,14000,14000,136867,154,310.0,1706.0793663403226,34.113699999579694,14392.873299999337,2199.0686359750707
1764633351,1516,,Aggregated,201.900000,0.000000,310,1500,2800,3500,5300,7200,9200,10000,12000,14000,14000,137079,154,310.0,1710.9167314979018,34.113699999579694,14392.873299999337,2199.6548413688456
1764633352,1518,,Aggregated,198.800000,0.000000,310,1500,2800,3600,5400,7200,9200,10000,12000,14000,14000,137289,154,310.0,1716.2464500681108,34.113699999579694,14392.873299999337,2199.861948153166
1764633353,1520,,Aggregated,201.000000,0.000000,310,1500,2800,3600,5400,7200,9200,10000,12000,14000,14000,137478,154,310.0,1720.4026534631057,34.113699999579694,14392.873299999337,2199.644008495905
1764633354,1522,,Aggregated,202.700000,0.000000,310,1500,2800,3600,5400,7200,9200,10000,12000,14000,14000,137672,154,310.0,1725.3479615230463,34.113699999579694,14392.873299999337,2199.8395606949853
1764633355,1524,,Aggregated,198.400000,0.000000,310,1500,2900,3600,5400,7200,9300,10000,12000,14000,14000,137901,154,310.0,1730.2250330294978,34.113699999579694,14392.873299999337,2199.7791169027055
1764633356,1526,,Aggregated,198.300000,0.000000,310,1500,2900,3600,5400,7200,9300,10000,12000,14000,14000,138082,154,310.0,1734.559844863928,34.113699999579694,14392.873299999337,2199.695463565128
1764633357,1528,,Aggregated,201.400000,0.000000,310,1600,2900,3600,5500,7200,9300,10000,12000,14000,14000,138294,154,310.0,1740.251664655741,34.113699999579694,14392.873299999337,2199.915939954011
1764633358,1530,,Aggregated,200.500000,0.000000,310,1600,2900,3600,5500,7200,9300,10000,12000,14000,14000,138520,154,310.0,1746.3992856446812,34.113699999579694,14392.873299999337,2200.5534363268844
1764633359,1532,,Aggregated,201.200000,0.000000,310,1600,2900,3600,5500,7200,9300,10000,13000,14000,14000,138743,154,310.0,1750.849257081088,34.113699999579694,14392.873299999337,2200.600095139935
1764633360,1534,,Aggregated,205.700000,0.000000,310,1600,2900,3600,5500,7200,9300,10000,13000,14000,14000,138955,154,310.0,1754.997929913293,34.113699999579694,14392.873299999337,2200.1780648411354
1764633361,1536,,Aggregated,205.700000,0.000000,310,1600,2900,3700,5500,7300,9300,10000,13000,14000,14000,139174,154,310.0,1759.6559611220594,34.113699999579694,14392.873299999337,2200.2108080532284
1764633362,1538,,Aggregated,208.000000,0.000000,310,1600,2900,3700,5500,7300,9300,10000,13000,14000,14000,139353,154,310.0,1763.1401096747225,34.113699999579694,14392.873299999337,2200.0435440930587
1764633363,1540,,Aggregated,208.600000,0.000000,310,1600,3000,3700,5500,7300,9400,10000,13000,14000,14000,139543,154,310.0,1767.2184227034074,34.113699999579694,14392.873299999337,2199.786073110081
1764633364,1542,,Aggregated,205.100000,0.000000,310,1600,3000,3700,5500,7300,9400,10000,13000,14000,14000,139753,154,310.0,1772.5540085043021,34.113699999579694,14392.873299999337,2199.8614341015937
1764633365,1544,,Aggregated,206.300000,0.000000,310,1600,3000,3700,5600,7300,9400,10000,13000,14000,14000,139939,154,310.0,1777.8529080756741,34.113699999579694,14392.873299999337,2199.93328521713
1764633366,1546,,Aggregated,206.400000,0.000000,310,1600,3000,3700,5600,7400,9400,11000,13000,13000,14000,140091,154,310.0,1782.0452892726992,34.113699999579694,14392.873299999337,2200.011685261723
1764633367,1548,,Aggregated,202.800000,0.000000,310,1600,3000,3700,5600,7400,9400,11000,13000,13000,14000,140257,154,310.0,1785.9451629323437,34.113699999579694,14392.873299999337,2199.709554603335
1764633368,1550,,Aggregated,199.600000,0.000000,310,1600,3000,3700,5600,7400,9400,11000,13000,14000,14000,140420,154,310.0,1789.8675690008677,34.113699999579694,14392.873299999337,2199.588869106965
1764633369,1552,,Aggregated,197.000000,0.000000,310,1600,3000,3700,5600,7400,9500,11000,13000,14000,14000,140644,154,310.0,1796.3503200748123,34.113699999579694,14392.873299999337,2199.7798341912917
1764633370,1554,,Aggregated,189.300000,0.000000,310,1600,3000,3700,5700,7400,9500,11000,13000,14000,14000,140880,154,310.0,1803.2182511421197,34.113699999579694,14392.873299999337,2199.9726433844407
1764633371,1556,,Aggregated,187.600000,0.000000,310,1700,3000,3700,5700,7400,9500,11000,13000,14000,14000,141110,154,310.0,1809.9544189171695,34.113699999579694,14392.873299999337,2200.0387569980867
1764633372,1558,,Aggregated,191.200000,0.000000,310,1700,3100,3800,5700,7400,9500,11000,13000,14000,14000,141298,154,310.0,1813.3945065775981,34.113699999579694,14392.873299999337,2199.7246599385694
1764633373,1560,,Aggregated,191.300000,0.000000,310,1700,3100,3800,5700,7500,9500,11000,13000,14000,14000,141461,154,310.0,1816.947172183864,34.113699999579694,14392.873299999337,2199.475459667329
1764633374,1562,,Aggregated,193.600000,0.000000,310,1700,3100,3800,5700,7500,9500,11000,13000,14000,14000,141610,154,310.0,1820.527251915837,34.113699999579694,14392.873299999337,2199.2645434644446
1764633375,1564,,Aggregated,190.500000,0.000000,310,1700,3100,3800,5700,7500,9600,11000,13000,14000,14000,141817,154,310.0,1826.7196377472483,34.113699999579694,14392.873299999337,2199.85983344733
1764633376,1566,,Aggregated,186.200000,0.000000,310,1700,3100,3800,5800,7500,9600,11000,13000,14000,14000,142047,154,310.0,1833.8807890430735,34.113699999579694,14392.873299999337,2200.914577569396
1764633377,1568,,Aggregated,185.100000,0.000000,310,1700,3100,3800,5800,7500,9600,11000,13000,14000,14000,142295,154,310.0,1840.647423701476,34.113699999579694,14392.873299999337,2201.0872131838787
1764633378,1570,,Aggregated,191.900000,0.000000,310,1700,3100,3800,5800,7500,9600,11000,13000,14000,14000,142485,154,310.0,1844.1294392616874,34.113699999579694,14392.873299999337,2200.8056637540794
1764633379,1572,,Aggregated,199.200000,0.000000,310,1700,3100,3800,5800,7500,9600,11000,13000,14000,14000,142723,154,310.0,1849.892643718263,34.113699999579694,14392.873299999337,2200.8449163764776
1764633380,1574,,Aggregated,204.600000,0.000000,310,1700,3100,3800,5800,7500,9600,11000,13000,14000,14000,142913,154,310.0,1854.4738444809202,34.113699999579694,14392.873299999337,2200.678685633917
1764633381,1576,,Aggregated,207.400000,0.000000,320,1700,3200,3900,5800,7500,9700,11000,13000,14000,14000,143130,154,320.0,1859.614577478529,34.113699999579694,14392.873299999337,2200.7833158666945
1764633382,1578,,Aggregated,203.400000,0.000000,320,1700,3200,3900,5800,7500,9700,11000,13000,14000,14000,143394,154,320.0,1865.8765892603733,34.113699999579694,14392.873299999337,2201.2846004714283
1764633383,1580,,Aggregated,200.700000,0.000000,320,1800,3200,3900,5800,7600,9700,11000,13000,14000,14000,143637,154,320.0,1870.1777154834892,34.113699999579694,14392.873299999337,2202.1416069675643
1764633384,1582,,Aggregated,205.300000,0.000000,320,1800,3200,3900,5800,7600,9700,11000,13000,14000,14000,143847,154,320.0,1873.9561068155895,34.113699999579694,14392.873299999337,2202.103985484577
1764633385,1584,,Aggregated,215.300000,0.000000,320,1800,3200,3900,5800,7600,9700,11000,13000,14000,14000,144082,154,320.0,1878.2447990762362,34.113699999579694,14392.873299999337,2202.4963562415846
1764633386,1586,,Aggregated,218.300000,0.000000,320,1800,3200,3900,5900,7600,9800,11000,13000,14000,14000,144282,154,320.0,1881.936867282834,34.113699999579694,14392.873299999337,2202.501760441358
1764633387,1588,,Aggregated,225.200000,0.000000,320,1800,3200,3900,5900,7600,9800,11000,13000,14000,14000,144484,154,320.0,1886.1789743162014,34.113699999579694,14392.873299999337,2202.887067080092
1764633388,1590,,Aggregated,219.300000,0.000000,320,1800,3200,3900,5900,7600,9800,11000,13000,14000,14000,144690,154,320.0,1890.3598994319016,34.113699999579694,14392.873299999337,2203.0049968899025
1764633389,1592,,Aggregated,217.100000,0.000000,320,1800,3200,3900,5900,7600,9800,11000,13000,14000,14000,144897,154,320.0,1894.5085012754007,34.113699999579694,14392.873299999337,2202.9798270495594
1764633390,1594,,Aggregated,216.500000,0.000000,320,1800,3300,4000,5900,7600,9800,11000,13000,14000,14000,145137,154,320.0,1899.536822516669,34.113699999579694,14392.873299999337,2202.9936060411887
1764633391,1596,,Aggregated,213.900000,0.000000,320,1800,3300,4000,5900,7600,9800,11000,13000,14000,14000,145378,154,320.0,1904.728809490443,34.113699999579694,14392.873299999337,2202.9452943361443
1764633392,1598,,Aggregated,215.200000,0.000000,320,1800,3300,4000,5900,7600,9800,11000,13000,14000,14000,145571,154,320.0,1908.2669939088264,34.113699999579694,14392.873299999337,2202.577937913458
1764633393,1600,,Aggregated,220.400000,0.000000,320,1800,3300,4000,5900,7600,9900,11000,13000,14000,14000,145780,154,320.0,1911.6175759315552,34.113699999579694,14392.873299999337,2202.3160927424888
1764633394,1602,,Aggregated,217.300000,0.000000,320,1900,3300,4000,5900,7600,9900,11000,13000,14000,14000,145999,154,320.0,1916.773774535452,34.113699999579694,14392.873299999337,2202.6828745402368
1764633395,1604,,Aggregated,210.100000,0.000000,320,1900,3300,4000,6000,7600,9900,11000,13000,14000,14000,146194,154,320.0,1921.242585953606,34.113699999579694,14392.873299999337,2202.838940038579
1764633396,1606,,Aggregated,214.000000,0.000000,320,1900,3300,4000,6000,7600,9900,11000,13000,14000,14000,146378,154,320.0,1924.672248488172,34.113699999579694,14392.873299999337,2202.781210291164
1764633397,1608,,Aggregated,209.300000,0.000000,320,1900,3300,4000,6000,7600,9900,11000,13000,14000,14000,146555,154,320.0,1928.2439761209214,34.113699999579694,14392.873299999337,2202.396990890792
1764633398,1610,,Aggregated,212.100000,0.000000,320,1900,3300,4000,6000,7700,9900,11000,13000,14000,14000,146729,154,320.0,1932.0033425103522,34.113699999579694,14392.873299999337,2202.0021945218737
1764633399,1612,,Aggregated,207.300000,0.000000,320,1900,3300,4000,6000,7700,9900,11000,13000,14000,14000,146920,154,320.0,1936.8753335257381,34.113699999579694,14392.873299999337,2202.49460931119
1764633400,1614,,Aggregated,204.000000,0.000000,320,1900,3400,4100,6000,7700,10000,11000,13000,14000,14000,147169,154,320.0,1943.2135990555157,34.113699999579694,14392.873299999337,2202.114528195476
1764633401,1616,,Aggregated,202.200000,0.000000,320,1900,3400,4100,6000,7700,10000,11000,13000,14000,14000,147415,154,320.0,1949.1345657850372,34.113699999579694,14392.873299999337,2202.0227181765763
1764633402,1618,,Aggregated,200.600000,0.000000,320,1900,3400,4100,6000,7700,10000,11000,13000,14000,14000,147642,154,320.0,1954.093556944508,34.113699999579694,14392.873299999337,2201.962442936292
1764633403,1621,,Aggregated,201.800000,0.000000,320,1900,3400,4100,6000,7700,10000,11000,13000,14000,14000,147823,154,320.0,1958.014802595677,34.113699999579694,14392.873299999337,2201.451289718109
1764633404,1623,,Aggregated,203.600000,0.000000,320,1900,3400,4100,6000,7800,10000,11000,13000,14000,14000,148010,154,320.0,1962.419262052569,34.113699999579694,14392.873299999337,2201.339051415445
1764633405,1625,,Aggregated,204.400000,0.000000,320,1900,3400,4100,6000,7800,10000,11000,13000,14000,14000,148198,154,320.0,1967.9449381057818,34.113699999579694,14392.873299999337,2201.911064926652
1764633406,1627,,Aggregated,197.000000,0.000000,320,1900,3400,4100,6100,7800,10000,11000,13000,14000,15000,148409,154,320.0,1973.2478770714742,34.113699999579694,14790.505500001018,2201.845642784467
1764633407,1629,,Aggregated,197.800000,0.000000,320,2000,3400,4100,6100,7800,10000,11000,13000,14000,15000,148579,154,320.0,1976.8104555865898,34.113699999579694,14790.505500001018,2201.7607737298003
1764633408,1631,,Aggregated,200.600000,0.000000,320,2000,3400,4100,6100,7900,10000,11000,13000,14000,15000,148779,154,320.0,1981.7090829781066,34.113699999579694,14790.505500001018,2201.709737261307
1764633409,1633,,Aggregated,199.600000,0.000000,320,2000,3400,4100,6100,7900,10000,11000,13000,14000,15000,148938,154,320.0,1985.4033123823317,34.113699999579694,14922.35900000378,2201.622997488888
1764633410,1635,,Aggregated,203.800000,0.000000,320,2000,3400,4200,6100,7900,10000,11000,13000,14000,15000,149094,154,320.0,1988.5709286302563,34.113699999579694,15097.13109999575,2201.3532402377023
1764633411,1637,,Aggregated,203.200000,0.000000,320,2000,3400,4200,6100,7900,10000,11000,13000,15000,15000,149270,154,320.0,1994.448306740803,34.113699999579694,15451.13219999621,2201.838748576405
1764633412,1639,,Aggregated,197.300000,0.000000,330,2000,3500,4200,6100,7900,10000,11000,13000,15000,15000,149505,154,330.0,2002.081147689373,34.113699999579694,15451.13219999621,2202.505187117488
1764633413,1641,,Aggregated,188.300000,0.000000,330,2000,3500,4200,6200,8000,10000,11000,13000,15000,15000,149687,154,330.0,2006.229103800595,34.113699999579694,15451.13219999621,2202.311309599364
1764633414,1643,,Aggregated,184.600000,0.000000,330,2000,3500,4200,6200,8000,10000,11000,13000,15000,15000,149911,154,330.0,2012.84122436779,34.113699999579694,15451.13219999621,2202.640506700642
1764633415,1645,,Aggregated,184.100000,0.000000,330,2000,3500,4200,6200,8000,10000,11000,13000,15000,15000,150130,154,330.0,2018.198011318192,34.113699999579694,15451.13219999621,2202.4426563644843
1764633416,1647,,Aggregated,189.200000,0.000000,330,2000,3500,4200,6200,8000,10000,11000,13000,15000,15000,150316,154,330.0,2023.5090368290807,34.113699999579694,15451.13219999621,2202.2604779265016
1764633417,1649,,Aggregated,191.200000,0.000000,330,2000,3500,4200,6200,8000,10000,11000,13000,15000,16000,150534,154,330.0,2028.8773846878419,34.113699999579694,15670.561000006273,2202.0752454594976
1764633418,1651,,Aggregated,190.700000,0.000000,330,2000,3500,4300,6200,8100,10000,11000,13000,15000,16000,150731,154,330.0,2034.941208693631,34.113699999579694,15670.561000006273,2202.8425008790496
1764633419,1653,,Aggregated,191.800000,0.000000,330,2000,3500,4300,6300,8100,10000,11000,13000,15000,16000,150903,154,330.0,2039.7676823469365,34.113699999579694,15670.561000006273,2203.463947038826
1764633420,1655,,Aggregated,194.400000,0.000000,330,2100,3500,4300,6300,8100,10000,11000,13000,15000,16000,151163,154,330.0,2046.0958470763353,34.113699999579694,15670.561000006273,2203.575987510171
1764633421,1657,,Aggregated,194.000000,0.000000,330,2100,3500,4300,6300,8100,10000,11000,13000,15000,16000,151413,154,330.0,2051.12449863552,34.113699999579694,15670.561000006273,2204.090996149604
1764633422,1659,,Aggregated,199.300000,0.000000,330,2100,3600,4300,6300,8100,10000,11000,14000,15000,16000,151670,177,330.0,2055.6604677886166,33.01780000037979,15670.561000006273,2204.0555811960176
1764633423,1661,,Aggregated,206.400000,0.000000,330,2100,3600,4300,6300,8100,10000,11000,14000,15000,16000,151934,203,330.0,2059.815032611524,32.035000003816094,15670.561000006273,2203.706207958719
1764633424,1663,,Aggregated,215.300000,0.400000,330,2100,3600,4300,6300,8100,10000,11000,14000,15000,16000,152131,216,330.0,2063.1328775259426,32.035000003816094,15670.561000006273,2203.3693527288983
1764633425,1665,,Aggregated,219.100000,2.800000,330,2100,3600,4300,6300,8100,10000,11000,14000,15000,16000,152353,241,330.0,2067.2655093919993,31.432199997652788,15670.561000006273,2203.574639160371
1764633426,1667,,Aggregated,222.900000,5.600000,330,2100,3600,4400,6300,8100,10000,11000,14000,15000,16000,152611,259,330.0,2072.381463665788,31.432199997652788,15670.561000006273,2203.713270996193
1764633427,1669,,Aggregated,221.100000,7.400000,330,2100,3600,4400,6300,8100,10000,11000,14000,15000,16000,152860,273,330.0,2076.6290492202006,31.432199997652788,15670.561000006273,2203.491070260369
1764633428,1671,,Aggregated,222.200000,9.300000,330,2100,3600,4400,6300,8200,10000,11000,14000,15000,16000,153111,279,330.0,2080.9442969100837,31.432199997652788,15670.561000006273,2203.114315757849
1764633429,1673,,Aggregated,228.300000,10.800000,330,2100,3600,4400,6300,8200,10000,12000,14000,15000,16000,153316,280,330.0,2084.3517443991477,31.432199997652788,15670.561000006273,2202.7844386756765
1764633430,1675,,Aggregated,230.200000,12.200000,330,2100,3600,4400,6300,8200,10000,12000,14000,15000,16000,153507,280,330.0,2087.721537374843,31.432199997652788,15670.561000006273,2202.720097454839
1764633431,1677,,Aggregated,238.800000,12.500000,330,2100,3600,4400,6400,8200,10000,12000,14000,15000,16000,153680,280,330.0,2091.155183141594,31.432199997652788,15670.561000006273,2202.649414367517
1764633432,1679,,Aggregated,237.100000,12.600000,330,2200,3700,4400,6400,8200,10000,12000,14000,15000,16000,153899,280,330.0,2096.9016947238147,31.432199997652788,15670.561000006273,2203.099714747984
1764633433,1681,,Aggregated,232.000000,12.600000,330,2200,3700,4400,6400,8200,10000,12000,14000,15000,16000,154172,280,330.0,2103.590375169942,31.432199997652788,15670.561000006273,2203.726020289028
1764633434,1683,,Aggregated,220.700000,12.200000,330,2200,3700,4500,6400,8200,11000,12000,14000,15000,16000,154440,280,330.0,2108.1433265145065,31.432199997652788,15670.561000006273,2203.7794677544675
1764633435,1685,,Aggregated,224.300000,9.800000,340,2200,3700,4500,6400,8200,11000,12000,14000,15000,16000,154641,280,340.0,2110.6752513182146,31.432199997652788,15670.561000006273,2203.70131465782
1764633436,1687,,Aggregated,224.700000,7.000000,340,2200,3700,4500,6400,8200,11000,12000,14000,15000,16000,154847,280,340.0,2113.1736688712103,31.432199997652788,15670.561000006273,2203.116502095617
1764633437,1689,,Aggregated,229.800000,5.200000,340,2200,3700,4500,6400,8200,11000,12000,14000,15000,16000,155031,280,340.0,2117.1430075565545,31.432199997652788,15670.561000006273,2202.848881836536
1764633438,1691,,Aggregated,226.700000,3.300000,340,2200,3700,4500,6400,8200,11000,12000,14000,15000,16000,155283,280,340.0,2123.0424445528524,31.432199997652788,15670.561000006273,2202.9993817739223
1764633439,1693,,Aggregated,222.500000,1.800000,340,2200,3700,4500,6400,8300,11000,12000,14000,15000,16000,155512,280,340.0,2127.9214614743596,31.432199997652788,15670.561000006273,2203.153666598076
1764633440,1695,,Aggregated,216.000000,0.400000,340,2200,3700,4500,6400,8300,11000,12000,14000,15000,16000,155712,280,340.0,2131.3217499646807,31.432199997652788,15670.561000006273,2203.2606542848334
1764633441,1697,,Aggregated,214.900000,0.100000,340,2200,3700,4500,6400,8300,11000,12000,14000,15000,16000,155907,280,340.0,2134.868174726603,31.432199997652788,15670.561000006273,2203.0319485334207
1764633442,1699,,Aggregated,220.100000,0.000000,340,2300,3700,4500,6400,8300,11000,12000,14000,15000,16000,156075,280,340.0,2138.3713985833774,31.432199997652788,15670.561000006273,2203.2516610603875
1764633443,1701,,Aggregated,218.900000,0.000000,340,2300,3800,4500,6500,8300,11000,12000,14000,15000,16000,156275,280,340.0,2142.430883855389,31.432199997652788,15670.561000006273,2203.2121324588065
1764633444,1703,,Aggregated,221.400000,0.000000,340,2300,3800,4600,6500,8300,11000,12000,14000,15000,16000,156484,280,340.0,2147.474984269323,31.432199997652788,15670.561000006273,2203.566204851614
1764633445,1705,,Aggregated,211.100000,0.000000,340,2300,3800,4600,6500,8300,11000,12000,14000,15000,16000,156751,280,340.0,2153.8327202072123,31.432199997652788,15670.561000006273,2203.7179603319914
1764633446,1707,,Aggregated,207.600000,0.000000,340,2300,3800,4600,6500,8300,11000,12000,14000,15000,16000,157023,280,340.0,2159.336479208782,31.432199997652788,15670.561000006273,2203.5869076504714
1764633447,1709,,Aggregated,203.400000,0.000000,340,2300,3800,4600,6500,8300,11000,12000,14000,15000,16000,157181,280,340.0,2162.3448356499866,31.432199997652788,15670.561000006273,2203.3235251079964
1764633448,1711,,Aggregated,211.100000,0.000000,340,2300,3800,4600,6500,8300,11000,12000,14000,15000,16000,157367,280,340.0,2166.0910847725413,31.432199997652788,15670.561000006273,2203.3250046070652
1764633449,1713,,Aggregated,216.600000,0.000000,340,2300,3800,4600,6500,8300,11000,12000,14000,15000,16000,157497,280,340.0,2168.8776026641813,31.432199997652788,15670.561000006273,2203.352171787399
1764633450,1715,,Aggregated,215.300000,0.000000,340,2300,3800,4600,6500,8300,11000,12000,14000,15000,16000,157661,280,340.0,2173.166784185059,31.432199997652788,15670.561000006273,2203.454773215951
1764633451,1717,,Aggregated,205.700000,0.000000,340,2300,3800,4600,6500,8400,11000,12000,14000,15000,16000,157898,280,340.0,2179.87113962242,31.432199997652788,15670.561000006273,2204.0340726291656
1764633452,1719,,Aggregated,197.300000,0.000000,340,2300,3800,4700,6500,8400,11000,12000,14000,15000,16000,158113,280,340.0,2184.8061981557535,31.432199997652788,15670.561000006273,2204.270926489283
1764633453,1721,,Aggregated,194.100000,0.000000,340,2300,3900,4700,6600,8400,11000,12000,14000,15000,16000,158343,280,340.0,2189.6061672438964,31.432199997652788,15670.561000006273,2204.0187630649916
1764633454,1723,,Aggregated,199.400000,0.000000,340,2300,3900,4700,6600,8400,11000,12000,14000,15000,16000,158537,280,340.0,2193.2939735323625,31.432199997652788,15670.561000006273,2203.9811463570018
1764633455,1725,,Aggregated,203.700000,0.000000,340,2300,3900,4700,6600,8400,11000,12000,14000,15000,16000,158692,280,340.0,2196.9573518866746,31.432199997652788,15670.561000006273,2204.1087830514457
1764633456,1727,,Aggregated,204.500000,0.000000,340,2400,3900,4700,6600,8400,11000,12000,14000,15000,16000,158902,280,340.0,2203.1073561339676,31.432199997652788,15670.561000006273,2204.851933896364
1764633457,1729,,Aggregated,202.500000,0.000000,350,2400,3900,4700,6600,8500,11000,12000,14000,15000,16000,159158,280,350.0,2210.306205040901,31.432199997652788,15670.561000006273,2205.7010078035664
1764633458,1731,,Aggregated,191.000000,0.000000,350,2400,3900,4700,6600,8500,11000,12000,14000,15000,16000,159332,280,350.0,2214.262941977129,31.432199997652788,15670.561000006273,2205.6834596942235
1764633459,1733,,Aggregated,188.000000,0.000000,350,2400,3900,4700,6600,8500,11000,12000,14000,15000,16000,159506,280,350.0,2217.5295832369934,31.432199997652788,15670.561000006273,2205.7509498075306
1764633460,1735,,Aggregated,195.200000,0.000000,350,2400,3900,4800,6600,8500,11000,12000,14000,15000,16000,159692,280,350.0,2222.456446807604,31.432199997652788,15670.561000006273,2205.792776093981
1764633461,1737,,Aggregated,196.300000,0.000000,350,2400,3900,4800,6600,8500,11000,12000,14000,15000,16000,159865,280,350.0,2226.717665137457,31.432199997652788,15670.561000006273,2206.049103931442
1764633462,1739,,Aggregated,197.900000,0.000000,350,2400,3900,4800,6600,8500,11000,12000,14000,15000,16000,160077,280,350.0,2232.4665148559725,31.432199997652788,15670.561000006273,2206.131349288155
1764633463,1741,,Aggregated,203.300000,0.000000,350,2400,3900,4800,6700,8500,11000,12000,14000,15000,16000,160317,280,350.0,2240.0537968986423,31.432199997652788,15670.561000006273,2206.831072188227
1764633464,1743,,Aggregated,194.000000,0.000000,350,2400,4000,4800,6700,8600,11000,12000,14000,15000,16000,160592,280,350.0,2246.035561026074,31.432199997652788,15670.561000006273,2206.519359619408
1764633465,1745,,Aggregated,194.700000,0.000000,350,2400,4000,4800,6700,8600,11000,12000,14000,15000,16000,160758,280,350.0,2249.721443618356,31.432199997652788,15856.161800002155,2206.511675935257
1764633466,1747,,Aggregated,198.100000,0.000000,350,2400,4000,4800,6700,8600,11000,12000,14000,15000,16000,160917,280,350.0,2252.9726001354707,31.432199997652788,16089.216000000306,2206.3670463655176
1764633467,1749,,Aggregated,203.800000,0.000000,350,2400,4000,4800,6700,8600,11000,12000,14000,15000,16000,161077,280,350.0,2256.548915748986,31.432199997652788,16089.216000000306,2206.1096804633808
1764633468,1751,,Aggregated,205.800000,0.000000,350,2400,4000,4900,6700,8600,11000,12000,14000,15000,16000,161286,280,350.0,2262.3742052843972,31.432199997652788,16089.216000000306,2206.130259290949
1764633469,1753,,Aggregated,198.800000,0.000000,350,2500,4000,4900,6700,8600,11000,12000,14000,15000,16000,161511,280,350.0,2268.8836055779457,31.432199997652788,16089.216000000306,2206.4236367801573
1764633470,1755,,Aggregated,190.200000,0.000000,350,2500,4000,4900,6800,8600,11000,12000,14000,15000,16000,161759,280,350.0,2275.176071790129,31.432199997652788,16089.216000000306,2206.575529027751
1764633471,1757,,Aggregated,194.300000,0.000000,350,2500,4000,4900,6800,8600,11000,12000,14000,15000,16000,161981,280,350.0,2280.1902989066616,31.432199997652788,16089.216000000306,2206.16700724159
1764633472,1759,,Aggregated,199.700000,0.000000,350,2500,4000,4900,6800,8600,11000,12000,14000,15000,16000,162154,280,350.0,2283.7527732717062,31.432199997652788,16089.216000000306,2206.2314651504125
1764633474,1761,,Aggregated,204.400000,0.000000,350,2500,4000,4900,6800,8600,11000,12000,14000,15000,16000,162311,280,350.0,2287.2535432453756,31.432199997652788,16089.216000000306,2206.022093388618
1764633475,1763,,Aggregated,211.100000,0.000000,350,2500,4000,4900,6800,8600,11000,12000,14000,15000,16000,162486,280,350.0,2292.181603537535,31.432199997652788,16089.216000000306,2206.3206430092437
1764633476,1765,,Aggregated,196.600000,0.000000,350,2500,4100,4900,6800,8700,11000,12000,14000,15000,16000,162670,280,350.0,2297.355105544968,31.432199997652788,16089.216000000306,2206.65134321018
1764633477,1767,,Aggregated,188.900000,0.000000,350,2500,4100,5000,6800,8700,11000,12000,14000,15000,16000,162897,280,350.0,2303.778645983662,31.432199997652788,16089.216000000306,2206.8807897014676
1764633478,1769,,Aggregated,189.600000,0.000000,360,2500,4100,5000,6800,8700,11000,12000,14000,15000,16000,163098,280,360.0,2308.725146747358,31.432199997652788,16089.216000000306,2207.091693337748
1764633479,1771,,Aggregated,196.500000,0.000000,360,2600,4100,5000,6800,8700,11000,12000,14000,15000,16000,163257,280,360.0,2312.2989440005676,31.432199997652788,16089.216000000306,2207.1226226134254
1764633480,1773,,Aggregated,201.100000,0.000000,360,2600,4100,5000,6800,8700,11000,12000,14000,15000,16000,163417,280,360.0,2315.829900245392,31.432199997652788,16089.216000000306,2207.024214127049
1764633481,1775,,Aggregated,195.400000,0.000000,360,2600,4100,5000,6900,8700,11000,12000,14000,15000,16000,163569,280,360.0,2319.9171545219515,31.432199997652788,16089.216000000306,2207.1830053371973
1764633482,1777,,Aggregated,189.200000,0.000000,360,2600,4100,5000,6900,8800,11000,12000,14000,15000,16000,163790,280,360.0,2327.109292155817,31.432199997652788,16089.216000000306,2207.1927590206974
1764633483,1779,,Aggregated,179.900000,0.000000,360,2600,4100,5000,6900,8800,11000,12000,14000,15000,16000,164068,280,360.0,2335.494063462108,31.432199997652788,16089.216000000306,2207.710351805349
1764633484,1781,,Aggregated,178.100000,0.000000,360,2600,4100,5100,6900,8800,11000,12000,14000,15000,16000,164292,280,360.0,2341.4469576881465,31.432199997652788,16089.216000000306,2207.8109646239623
1764633485,1783,,Aggregated,188.700000,0.000000,360,2600,4100,5100,6900,8800,11000,12000,14000,15000,16000,164520,280,360.0,2346.0033685752537,31.432199997652788,16089.216000000306,2207.4859773887674
1764633486,1785,,Aggregated,197.000000,0.000000,360,2600,4100,5100,6900,8800,11000,12000,14000,15000,16000,164720,280,360.0,2349.3968375030413,31.432199997652788,16089.216000000306,2207.1854601748423
1764633487,1787,,Aggregated,201.500000,0.000000,360,2600,4200,5100,6900,8800,11000,12000,14000,15000,16000,164893,280,360.0,2352.7173583930244,31.432199997652788,16089.216000000306,2206.932386456672
1764633488,1789,,Aggregated,204.000000,0.000000,360,2600,4200,5100,6900,8900,11000,12000,14000,15000,16000,165068,280,360.0,2357.158438282407,31.432199997652788,16100.270799994178,2207.1618666246636
1764633489,1791,,Aggregated,198.200000,0.000000,360,2600,4200,5100,6900,8900,11000,12000,14000,16000,16000,165295,287,360.0,2363.8570341238405,31.432199997652788,16100.270799994178,2207.8419310928944
1764633490,1793,,Aggregated,195.500000,0.000000,360,2700,4200,5100,7000,8900,11000,12000,14000,16000,16000,165517,292,360.0,2368.8824513324935,31.432199997652788,16100.270799994178,2207.965767866745
1764633491,1795,,Aggregated,201.600000,0.600000,360,2700,4200,5100,7000,8900,11000,12000,14000,16000,16000,165780,293,360.0,2375.528135501269,31.432199997652788,16100.270799994178,2208.4821148510073
1764633492,1797,,Aggregated,207.600000,1.100000,360,2700,4200,5100,7000,8900,11000,12000,14000,16000,16000,165946,293,360.0,2377.695452158535,31.432199997652788,16100.270799994178,2208.3241415882276
1764633493,1799,,Aggregated,219.700000,1.300000,360,2700,4200,5200,7000,8900,11000,12000,14000,16000,16000,166107,293,360.0,2380.8504323899647,31.432199997652788,16100.270799994178,2208.2112132541074
1764633494,1801,,Aggregated,216.200000,1.300000,360,2700,4200,5200,7000,9000,11000,12000,15000,16000,16000,166333,293,360.0,2387.431052789888,31.432199997652788,16100.270799994178,2209.3861651025354
1764633495,1803,,Aggregated,203.500000,1.300000,370,2700,4200,5200,7000,9000,11000,12000,15000,16000,16000,166576,293,370.0,2393.677905369324,31.432199997652788,16257.998600005521,2209.3641761118047
1764633496,1805,,Aggregated,202.000000,1.300000,370,2700,4200,5200,7000,9000,11000,12000,15000,16000,16000,166809,293,370.0,2399.1961361053677,31.432199997652788,16257.998600005521,2209.5674813709093
1764633497,1807,,Aggregated,203.300000,1.300000,370,2700,4300,5200,7000,9000,11000,12000,15000,16000,16000,167072,293,370.0,2404.3580799176393,31.432199997652788,16261.135199994897,2209.424924583413
1764633498,1809,,Aggregated,206.600000,1.300000,370,2700,4300,5200,7000,9000,11000,12000,15000,16000,16000,167286,293,370.0,2408.2794002020473,31.432199997652788,16261.135199994897,2209.104874287149
