Timestamp,User Count,Type,Name,Requests/s,Failures/s,50%,66%,75%,80%,90%,95%,98%,99%,99.9%,99.99%,100%,Total Request Count,Total Failure Count,Total Median Response Time,Total Average Response Time,Total Min Response Time,Total Max Response Time,Total Average Content Size
1764633623,0,,Aggregated,0.000000,0.000000,N/A,N/A,N/A,N/A,N/A,N/A,N/A,N/A,N/A,N/A,N/A,0,0,0,0.0,0,0,0
1764633624,10,,Aggregated,0.000000,0.000000,280,330,640,640,670,740,740,740,740,740,740,19,0,280.0,311.9996999988584,66.60779999947408,743.1586000020616,9377.578947368422
1764633625,16,,Aggregated,0.000000,0.000000,200,330,350,360,650,670,740,740,740,740,740,30,0,200.0,264.4990366660447,50.803199999791104,743.1586000020616,6293.166666666667
1764633626,22,,Aggregated,9.000000,0.000000,180,330,350,350,640,650,740,740,740,740,740,43,0,180.0,235.43787209251434,50.803199999791104,743.1586000020616,4815.627906976744
1764633627,28,,Aggregated,14.500000,0.000000,150,280,340,350,360,640,670,740,740,740,740,65,0,150.0,211.46327846117157,50.803199999791104,743.1586000020616,3858.0461538461536
1764633628,34,,Aggregated,13.000000,0.000000,150,290,340,350,440,640,670,740,740,740,740,80,0,150.0,210.54689124957804,50.803199999791104,743.1586000020616,3644.3
1764633629,40,,Aggregated,14.500000,0.000000,140,220,320,340,360,640,670,740,740,740,740,99,0,140.0,194.7037969693698,46.31810000137193,743.1586000020616,3262.242424242424
1764633630,46,,Aggregated,15.600000,0.000000,140,200,320,330,350,440,650,670,740,740,740,122,0,130.0,187.22624180313164,46.31810000137193,743.1586000020616,3085.6721311475408
1764633631,52,,Aggregated,15.833333,0.000000,140,220,320,320,350,440,650,670,740,740,740,150,0,140.0,186.26588533312315,46.31810000137193,743.1586000020616,2824.54
1764633632,58,,Aggregated,16.428571,0.000000,130,200,310,320,350,440,640,670,740,740,740,180,0,130.0,182.08654611092547,46.31810000137193,743.1586000020616,2638.9166666666665
1764633633,64,,Aggregated,17.750000,0.000000,120,200,300,320,350,390,640,650,740,740,740,204,0,100.0,175.44879215661328,46.31810000137193,743.1586000020616,2684.7892156862745
1764633634,70,,Aggregated,18.888889,0.000000,80,190,290,300,340,360,640,650,740,740,740,241,0,80,165.61472655571774,46.31810000137193,743.1586000020616,2610.759336099585
1764633635,76,,Aggregated,19.600000,0.000000,77,190,290,300,340,360,440,650,740,740,740,276,0,76,163.022223188212,46.31810000137193,743.1586000020616,2526.659420289855
1764633636,82,,Aggregated,21.600000,0.000000,76,190,280,300,330,350,440,640,740,740,740,318,0,75,159.14117484263335,45.139100002415944,743.1586000020616,2463.050314465409
1764633637,88,,Aggregated,23.600000,0.000000,74,190,260,300,330,350,440,640,740,740,740,358,0,73,155.40515949705573,45.139100002415944,743.1586000020616,2456.2793296089385
1764633638,94,,Aggregated,26.100000,0.000000,72,180,260,290,330,350,440,640,740,740,740,397,0,72,153.5839307304033,45.139100002415944,743.1586000020616,2401.3274559193956
1764633639,100,,Aggregated,28.300000,0.000000,71,180,220,290,330,350,440,640,740,740,740,446,0,70,149.93548251125262,45.139100002415944,743.1586000020616,2336.134529147982
1764633640,106,,Aggregated,30.300000,0.000000,70,170,200,280,330,350,400,640,740,740,740,494,0,70,146.30977125514192,44.73130000405945,743.1586000020616,2300.244939271255
1764633641,112,,Aggregated,32.200000,0.000000,70,170,200,280,330,350,390,440,740,740,740,539,0,70,145.0911508348669,44.73130000405945,743.1586000020616,2281.60853432282
1764633642,118,,Aggregated,35.900000,0.000000,70,180,210,280,330,350,390,440,740,740,740,588,0,70,147.01949489790422,44.73130000405945,743.1586000020616,2276.8469387755104
1764633643,124,,Aggregated,37.000000,0.000000,70,180,210,280,330,350,390,440,740,740,740,647,0,70,146.52949644507396,44.73130000405945,743.1586000020616,2266.9953632148377
1764633644,130,,Aggregated,38.700000,0.000000,69,180,210,270,330,350,370,440,740,740,740,697,0,69,144.2408255380272,44.73130000405945,743.1586000020616,2252.945480631277
1764633645,136,,Aggregated,41.700000,0.000000,68,170,200,270,330,350,370,440,740,740,740,762,0,68,141.71365288711013,44.73130000405945,743.1586000020616,2209.1272965879266
1764633646,142,,Aggregated,45.000000,0.000000,68,160,200,260,330,350,390,520,740,740,740,816,0,68,141.39532071076067,44.73130000405945,743.1586000020616,2188.4607843137255
1764633647,148,,Aggregated,45.700000,0.000000,68,160,200,260,320,350,390,520,740,740,740,886,0,68,140.4226439051312,44.73130000405945,743.1586000020616,2166.5643340857787
1764633648,154,,Aggregated,48.800000,0.000000,67,150,200,250,320,350,370,490,740,740,740,942,0,67,138.78720329079337,44.73130000405945,743.1586000020616,2149.543524416136
1764633649,161,,Aggregated,50.500000,0.000000,68,150,200,240,320,340,370,440,670,740,740,1006,0,68,138.79134870770122,44.73130000405945,743.1586000020616,2151.39662027833
1764633650,167,,Aggregated,53.200000,0.000000,68,150,200,240,320,340,370,440,670,740,740,1078,0,68,137.30712643780808,44.73130000405945,743.1586000020616,2159.6901669758813
1764633651,173,,Aggregated,55.500000,0.000000,68,150,200,240,320,350,380,440,670,740,740,1153,0,68,137.9463237640617,44.73130000405945,743.1586000020616,2158.748482220295
1764633652,179,,Aggregated,57.000000,0.000000,68,150,200,240,320,340,370,440,670,740,740,1221,0,68,137.868358394722,44.73130000405945,743.1586000020616,2156.4029484029484
1764633653,185,,Aggregated,59.300000,0.000000,67,150,200,230,320,340,370,440,670,740,740,1307,0,67,135.98817551642418,44.73130000405945,743.1586000020616,2160.0474368783475
1764633654,197,,Aggregated,62.400000,0.000000,68,150,200,230,320,340,380,440,670,740,740,1380,0,67,136.2190510869645,44.73130000405945,743.1586000020616,2222.967391304348
1764633655,197,,Aggregated,63.900000,0.000000,68,150,200,230,320,340,370,440,670,740,740,1467,0,68,136.71735725971263,44.73130000405945,743.1586000020616,2221.586230402181
1764633656,209,,Aggregated,65.500000,0.000000,68,150,200,230,320,350,380,450,670,740,740,1556,0,68,137.1950604755916,44.73130000405945,743.1586000020616,2195.2146529562983
1764633657,215,,Aggregated,69.100000,0.000000,68,150,200,230,320,350,380,440,670,740,740,1639,0,68,137.0480174496648,44.146799998998176,743.1586000020616,2186.954240390482
1764633658,221,,Aggregated,71.400000,0.000000,68,150,200,230,320,340,370,440,670,740,740,1726,0,68,136.8351865005756,44.146799998998176,743.1586000020616,2189.042294322132
1764633659,227,,Aggregated,73.500000,0.000000,68,150,200,230,320,340,370,440,670,740,740,1821,0,68,136.50056672157407,44.146799998998176,743.1586000020616,2193.7182866556836
1764633660,227,,Aggregated,75.100000,0.000000,68,150,200,230,320,340,370,440,670,740,740,1920,0,68,135.98470531248572,44.146799998998176,743.1586000020616,2194.804166666667
1764633661,239,,Aggregated,78.900000,0.000000,68,150,200,230,320,340,370,440,670,740,740,2021,0,68,135.56933033148078,44.146799998998176,743.1586000020616,2182.923800098961
1764633662,239,,Aggregated,81.300000,0.000000,68,140,200,230,320,340,380,440,670,740,740,2122,0,68,135.02056121580367,44.146799998998176,743.1586000020616,2182.5405278039584
1764633663,245,,Aggregated,84.900000,0.000000,67,140,200,230,320,340,370,440,670,740,740,2213,0,67,134.52265160413674,44.146799998998176,743.1586000020616,2184.4292815183007
1764633664,257,,Aggregated,86.400000,0.000000,67,140,200,230,320,340,370,430,670,740,740,2317,0,67,134.18048649112407,44.146799998998176,743.1586000020616,2174.2006905481226
1764633665,263,,Aggregated,89.600000,0.000000,67,140,200,230,320,340,370,430,670,740,740,2416,0,67,133.42679139071495,44.146799998998176,743.1586000020616,2166.8298841059604
1764633666,269,,Aggregated,91.500000,0.000000,67,140,200,220,320,340,380,440,670,740,740,2538,0,67,133.1316802206312,44.146799998998176,743.1586000020616,2155.7301024428684
1764633667,275,,Aggregated,93.300000,0.000000,67,140,200,220,320,340,380,440,670,740,740,2638,0,67,133.1453715314275,44.146799998998176,743.1586000020616,2144.8328278999243
1764633668,281,,Aggregated,94.700000,0.000000,67,140,200,230,320,350,400,440,670,740,740,2757,0,67,135.2321001087855,44.146799998998176,743.1586000020616,2135.7178092129125
1764633669,287,,Aggregated,98.700000,0.000000,68,140,200,230,320,350,400,450,670,740,740,2864,0,68,136.11233306564014,44.146799998998176,743.1586000020616,2140.5401536312847
1764633670,293,,Aggregated,99.600000,0.000000,68,140,200,230,320,350,400,440,670,740,740,2973,0,68,135.95556972754315,43.78510000242386,743.1586000020616,2134.3743693239153
1764633671,293,,Aggregated,103.300000,0.000000,68,140,200,230,320,350,410,450,650,740,740,3083,0,68,136.33847528379613,43.78510000242386,743.1586000020616,2130.5008108984757
1764633672,299,,Aggregated,103.800000,0.000000,68,150,200,230,320,350,420,460,670,740,740,3209,0,68,137.68379354936016,43.78510000242386,743.1586000020616,2111.359613586787
1764633673,305,,Aggregated,105.000000,0.000000,68,150,200,240,320,360,430,500,820,1200,1200,3336,0,68,139.6221437050112,43.78510000242386,1175.9356000038679,2104.630395683453
1764633674,311,,Aggregated,107.600000,0.000000,68,150,210,240,330,360,430,500,820,1200,1200,3451,0,68,140.4492366850079,43.78510000242386,1175.9356000038679,2105.9808751086643
1764633675,317,,Aggregated,109.300000,0.000000,69,150,210,250,330,370,460,520,940,1200,1200,3594,0,69,143.08283823036842,43.67450000427198,1175.9356000038679,2108.7412353923205
1764633676,323,,Aggregated,112.200000,0.000000,69,160,210,250,330,370,460,520,940,1200,1200,3717,0,69,143.54670839384985,43.67450000427198,1175.9356000038679,2111.7379607210114
1764633677,335,,Aggregated,113.900000,0.000000,69,150,210,250,330,370,460,520,940,1200,1200,3858,0,69,143.26127050283512,43.67450000427198,1175.9356000038679,2106.4603421461898
1764633678,341,,Aggregated,118.100000,0.000000,69,150,210,250,330,370,460,520,940,1200,1200,3981,0,69,143.27417802058605,43.67450000427198,1175.9356000038679,2106.066817382567
1764633679,347,,Aggregated,118.500000,0.000000,69,160,210,250,330,370,450,510,850,1200,1200,4122,0,69,144.16705662297534,43.67450000427198,1175.9356000038679,2106.5795730228047
1764633680,353,,Aggregated,123.000000,0.000000,69,160,220,260,330,370,450,510,850,1200,1200,4257,0,69,145.23662313834427,43.67450000427198,1175.9356000038679,2115.8071411792343
1764633681,353,,Aggregated,121.600000,0.000000,69,160,220,260,330,370,450,510,850,1200,1200,4395,0,69,145.53330118314423,43.67450000427198,1175.9356000038679,2111.9369738339024
1764633682,365,,Aggregated,126.200000,0.000000,70,160,220,270,330,380,460,520,850,1200,1200,4537,0,70,146.37809288074234,43.67450000427198,1175.9356000038679,2116.571082212916
1764633683,365,,Aggregated,127.700000,0.000000,69,160,220,270,330,380,460,520,850,1200,1200,4683,0,69,145.93076265214353,43.67450000427198,1175.9356000038679,2110.5859491778774
1764633684,371,,Aggregated,130.100000,0.000000,70,160,220,270,330,380,470,540,850,1200,1200,4829,0,70,147.02225237108684,43.37060000398196,1175.9356000038679,2137.6268378546283
1764633685,383,,Aggregated,132.800000,0.000000,69,150,220,270,330,380,470,540,850,1200,1200,4992,0,69,146.34783641827335,42.19519999605836,1175.9356000038679,2127.2872596153848
1764633686,389,,Aggregated,135.000000,0.000000,70,150,220,270,330,380,470,530,820,1200,1200,5141,0,70,146.3390078000436,42.19519999605836,1175.9356000038679,2126.5652596771056
1764633687,395,,Aggregated,139.000000,0.000000,69,150,220,270,330,380,470,530,820,1200,1200,5289,0,69,146.25570476460493,42.19519999605836,1175.9356000038679,2129.6065418793723
1764633688,401,,Aggregated,139.700000,0.000000,70,150,220,270,330,380,470,520,820,1200,1200,5463,0,70,146.6639326926598,42.19519999605836,1175.9356000038679,2126.1814021599853
1764633689,407,,Aggregated,142.300000,0.000000,70,150,220,270,340,380,470,520,820,1200,1200,5622,0,70,146.77164727854907,42.19519999605836,1175.9356000038679,2119.9124866595516
1764633690,413,,Aggregated,144.200000,0.000000,69,150,220,270,330,380,470,520,820,1200,1200,5772,0,69,145.85852027026542,42.19519999605836,1175.9356000038679,2119.881496881497
1764633691,419,,Aggregated,148.600000,0.000000,69,150,220,270,330,380,470,520,820,1200,1200,5917,0,69,145.3685515294868,42.19519999605836,1175.9356000038679,2117.6221057968564
1764633692,425,,Aggregated,150.100000,0.000000,69,150,220,270,330,380,470,530,800,1200,1200,6092,0,69,145.03186419894828,42.19519999605836,1175.9356000038679,2113.623768877216
1764633693,431,,Aggregated,152.300000,0.000000,69,140,220,270,330,380,470,540,800,1200,1200,6254,0,69,144.9746372081868,42.19519999605836,1175.9356000038679,2116.23952670291
1764633694,437,,Aggregated,154.600000,0.000000,69,140,220,270,340,380,490,560,800,1200,1200,6419,0,69,146.28461134132476,42.19519999605836,1175.9356000038679,2113.421249415797
1764633695,443,,Aggregated,156.400000,0.000000,69,140,220,270,340,390,500,570,800,1200,1200,6606,0,69,147.3278569028117,42.19519999605836,1175.9356000038679,2111.3333333333335
1764633696,450,,Aggregated,158.000000,0.000000,69,140,220,270,340,390,500,570,800,1200,1200,6778,0,69,146.5924413248684,42.19519999605836,1175.9356000038679,2101.940247860726
1764633697,456,,Aggregated,158.400000,0.000000,69,140,220,270,340,390,500,580,800,1200,1200,6940,0,69,146.4649667435146,42.19519999605836,1175.9356000038679,2105.352305475504
1764633698,462,,Aggregated,161.100000,0.000000,69,140,220,280,340,390,500,580,790,1200,1200,7123,0,69,146.82296751368867,42.19519999605836,1175.9356000038679,2114.5722308016284
1764633699,468,,Aggregated,163.100000,0.000000,69,140,220,280,340,390,500,580,790,1200,1200,7280,0,69,146.6225131456109,42.19519999605836,1175.9356000038679,2117.3050824175825
1764633700,474,,Aggregated,164.000000,0.000000,69,140,220,280,340,390,500,580,790,1200,1200,7475,0,69,146.73360536456354,42.19519999605836,1175.9356000038679,2116.690568561873
1764633701,480,,Aggregated,166.000000,0.000000,69,140,220,280,340,390,500,580,790,1200,1200,7674,0,69,147.74370505605893,42.19519999605836,1175.9356000038679,2118.33007557988
1764633702,486,,Aggregated,165.800000,0.000000,69,140,220,280,340,390,500,580,790,1200,1200,7867,0,69,147.37533209612135,42.19519999605836,1175.9356000038679,2107.4448964026947
1764633703,492,,Aggregated,171.000000,0.000000,69,140,220,280,340,390,500,580,770,1200,1200,8049,0,69,147.41392276061876,42.19519999605836,1175.9356000038679,2109.098148838365
1764633704,498,,Aggregated,174.600000,0.000000,69,140,220,280,340,390,510,590,770,1200,1200,8231,0,69,147.45507504558242,42.19519999605836,1175.9356000038679,2107.7928562750576
1764633705,504,,Aggregated,176.600000,0.000000,69,140,220,280,340,400,520,620,840,1200,1200,8425,0,69,148.7272671098105,42.19519999605836,1175.9356000038679,2112.7134718100892
1764633706,510,,Aggregated,177.500000,0.000000,70,140,230,280,340,410,530,620,840,1200,1200,8628,0,70,149.38788930228898,42.19519999605836,1175.9356000038679,2104.8803894297635
1764633707,516,,Aggregated,179.900000,0.000000,70,140,230,290,350,410,540,640,840,1200,1200,8811,0,70,150.47936767679101,42.19519999605836,1175.9356000038679,2099.3245942571784
1764633708,522,,Aggregated,181.600000,0.000000,70,140,230,290,350,420,570,670,1100,1200,1200,8979,0,70,152.65246400492288,42.19519999605836,1197.4360000021989,2095.5812451275197
1764633709,528,,Aggregated,184.200000,0.000000,70,140,230,290,350,420,580,720,1200,1400,1400,9173,0,70,154.7124964570174,42.19519999605836,1372.3177000065334,2098.890003270468
1764633710,534,,Aggregated,185.800000,0.000000,71,140,230,290,350,430,610,760,1400,1600,1600,9373,0,71,157.21747326365562,42.19519999605836,1571.1842000018805,2099.634055265123
1764633711,540,,Aggregated,185.000000,0.000000,71,140,230,290,350,430,640,970,1600,1800,1800,9571,0,71,161.21285814441381,42.19519999605836,1797.87459999352,2098.4948281266325
1764633712,546,,Aggregated,189.400000,0.000000,72,140,230,290,350,440,690,1200,1700,1900,1900,9790,0,72,165.63469727275037,42.19519999605836,1878.3021999988705,2099.547191011236
1764633713,552,,Aggregated,188.200000,0.000000,72,140,230,300,360,450,740,1200,1700,1800,1900,10002,0,72,168.03610976806414,42.19519999605836,1878.3021999988705,2099.528694261148
1764633714,558,,Aggregated,188.900000,0.000000,73,140,230,300,360,460,770,1200,1700,1800,1900,10230,0,73,169.3697606842789,42.19519999605836,1878.3021999988705,2110.9837732160313
1764633715,564,,Aggregated,192.600000,0.000000,73,140,230,300,360,470,780,1200,1700,1800,1900,10442,0,73,169.51240319864127,42.19519999605836,1878.3021999988705,2104.814499138096
1764633716,570,,Aggregated,196.000000,0.000000,73,140,230,300,360,480,840,1200,1700,1800,1900,10650,0,73,170.49997369954917,42.19519999605836,1878.3021999988705,2101.2030985915494
1764633717,576,,Aggregated,200.000000,0.000000,73,140,230,300,360,480,900,1200,1700,1800,1900,10829,0,73,171.37820926218578,42.19519999605836,1878.3021999988705,2100.9730353679934
1764633718,582,,Aggregated,200.500000,0.000000,74,140,240,300,360,490,920,1200,1700,1800,1900,11043,0,74,173.66074870961214,42.19519999605836,1878.3021999988705,2093.9137915421534
1764633719,588,,Aggregated,203.200000,0.000000,74,140,240,300,360,500,980,1300,2100,2500,2500,11237,0,74,177.54642810360278,42.19519999605836,2489.741299999878,2089.505028032393
1764633720,594,,Aggregated,202.200000,0.000000,75,140,240,300,370,510,1000,1500,2400,2600,2700,11461,0,75,183.39954133148925,42.19519999605836,2694.341099995654,2092.1796527353636
1764633721,600,,Aggregated,205.400000,0.000000,75,140,240,300,370,520,1100,1600,2500,2700,2700,11654,0,75,187.12370489104688,42.19519999605836,2716.0996999955387,2087.035009438819
1764633722,606,,Aggregated,205.700000,0.000000,76,140,240,300,370,530,1200,1700,2500,2700,2700,11876,0,76,191.85956890369422,42.19519999605836,2716.0996999955387,2087.219349949478
1764633723,612,,Aggregated,208.600000,0.000000,76,140,240,300,370,540,1300,1900,2500,2700,2700,12087,0,76,194.49389980146205,42.19519999605836,2716.0996999955387,2081.133945561347
1764633724,618,,Aggregated,207.600000,0.000000,76,140,240,300,370,560,1300,2100,2500,2700,2700,12302,0,76,197.64570421884508,42.19519999605836,2716.0996999955387,2079.5409689481385
1764633725,624,,Aggregated,207.300000,0.000000,77,150,240,300,370,570,1400,2200,2700,2900,3000,12505,0,77,202.258618976424,42.19519999605836,2982.7769999974407,2079.6995601759295
1764633726,630,,Aggregated,207.500000,0.000000,77,150,240,300,370,580,1500,2200,2900,3200,3200,12714,0,77,205.58216231714434,42.19519999605836,3196.004299999913,2074.2538933459177
1764633727,636,,Aggregated,206.800000,0.000000,78,150,240,300,370,600,1600,2300,3300,3700,4000,12931,0,78,209.80247444127806,42.19519999605836,3973.571400005312,2072.1256670017788
1764633728,642,,Aggregated,206.000000,0.000000,78,150,240,300,380,610,1700,2400,3400,4000,4000,13127,0,78,215.49781710216593,42.19519999605836,3973.571400005312,2072.4554734516646
1764633729,648,,Aggregated,205.600000,0.000000,79,160,250,310,380,620,1900,2500,3800,4200,4300,13329,0,79,221.6567839748045,42.19519999605836,4340.111000004981,2067.2825418260936
1764633730,654,,Aggregated,208.200000,0.000000,80,160,250,310,380,630,1900,2500,4100,4600,4600,13518,0,80,226.06671819058008,42.19519999605836,4598.238200000196,2062.737905015535
1764633731,660,,Aggregated,207.900000,0.000000,81,160,260,310,380,640,2100,2600,4500,4900,4900,13720,0,81,232.5264654519131,42.19519999605836,4929.946600001131,2062.0349125364432
1764633732,666,,Aggregated,208.000000,0.000000,82,170,260,310,380,650,2100,2800,4800,5300,5600,13916,0,82,238.71416882726484,42.19519999605836,5590.007099999639,2059.5485771773497
1764633733,672,,Aggregated,205.100000,0.000000,82,170,270,310,390,680,2200,3000,5100,5900,5900,14095,0,82,245.8796833558165,42.19519999605836,5877.240400004666,2052.3569350833627
1764633734,678,,Aggregated,205.100000,0.000000,84,180,280,310,400,740,2300,3400,5700,6000,6000,14317,0,84,260.86846091361457,42.19519999605836,6041.084100004809,2052.397639170217
1764633735,684,,Aggregated,202.600000,0.000000,85,190,280,320,410,790,2400,4000,5900,6200,6300,14524,0,85,273.60495580421167,42.19519999605836,6261.967200000072,2053.8990636188378
1764633736,690,,Aggregated,199.600000,0.000000,85,190,280,320,410,820,2500,4400,6000,6300,6300,14739,0,85,282.5588667006161,42.19519999605836,6273.25369999744,2053.56828821494
1764633737,696,,Aggregated,199.300000,0.000000,86,190,280,320,420,870,2700,4900,6000,6300,6300,14967,0,86,291.75313962720736,42.19519999605836,6336.942800000543,2052.9931850070157
1764633738,702,,Aggregated,200.800000,0.000000,87,190,280,320,420,910,2900,5200,6100,6400,6500,15186,0,87,300.1253011194767,42.19519999605836,6489.666199995554,2048.4648360331885
1764633739,708,,Aggregated,200.700000,0.000000,88,190,280,320,420,960,3400,5300,6200,6700,7000,15427,0,88,313.0236043560227,42.19519999605836,6987.116500000411,2049.878006093213
1764633741,714,,Aggregated,203.500000,0.000000,89,190,280,320,420,990,3800,5400,6200,6700,7000,15649,0,89,319.93996365904206,42.19519999605836,6987.116500000411,2050.2572049332225
1764633742,720,,Aggregated,208.000000,0.000000,90,190,280,320,420,1000,4100,5400,6200,6700,7000,15881,0,90,324.48591143506957,42.19519999605836,6987.116500000411,2046.3939928216107
1764633743,726,,Aggregated,211.600000,0.000000,91,200,290,320,420,1000,4400,5500,6200,6700,7000,16095,0,91,330.36941664494566,42.19519999605836,6987.116500000411,2045.391798695247
1764633744,732,,Aggregated,215.000000,0.000000,92,200,290,320,430,1100,4600,5500,6200,6700,7000,16340,0,92,338.9627004467797,42.19519999605836,6987.116500000411,2043.8514687882498
1764633745,738,,Aggregated,216.600000,0.000000,93,200,290,320,430,1100,4800,5500,6200,6700,7000,16565,0,93,344.67981356476207,42.19519999605836,6987.116500000411,2048.093631150015
1764633746,744,,Aggregated,223.400000,0.000000,94,200,290,320,430,1200,4900,5600,6300,6700,7000,16763,0,94,351.2959832846333,42.19519999605836,6987.116500000411,2045.1846924774802
1764633747,750,,Aggregated,224.000000,0.000000,96,210,300,330,440,1200,5000,5600,6300,6700,7000,16977,0,96,358.05219336162406,42.19519999605836,6987.116500000411,2043.8467338163398
1764633748,756,,Aggregated,223.200000,0.000000,97,210,300,330,450,1300,5100,5700,6300,6800,7000,17142,0,97,364.8554084471021,42.19519999605836,6987.116500000411,2041.9997666549993
1764633749,762,,Aggregated,222.600000,0.000000,99,210,300,330,480,1400,5100,5700,6400,6800,7000,17359,0,99,374.89345748028137,42.19519999605836,6987.116500000411,2039.2565239933176
1764633750,768,,Aggregated,216.900000,0.000000,100,220,310,330,490,1400,5200,5700,6500,7100,7100,17546,0,100.0,384.2897497777374,42.19519999605836,7145.503899999312,2038.4159352558988
1764633751,774,,Aggregated,215.500000,0.000000,100,220,310,340,520,1500,5300,5800,6700,7200,7200,17744,0,100.0,397.1530209761158,42.19519999605836,7235.510899998189,2036.6428651938684
1764633752,780,,Aggregated,210.400000,0.000000,100,230,310,340,550,1600,5300,5900,6800,7200,7200,17927,0,100.0,409.40547890333886,42.19519999605836,7237.204900004144,2037.4136219110837
1764633753,786,,Aggregated,208.800000,0.000000,110,230,310,340,590,1800,5400,6000,6900,7300,7300,18122,0,110.0,422.942918121631,42.19519999605836,7339.744100005191,2038.9059706434168
1764633754,792,,Aggregated,202.900000,0.000000,110,240,320,350,640,1900,5500,6000,7100,7500,7700,18352,0,110.0,437.0649488829651,42.19519999605836,7733.403099999123,2041.3658456843941
1764633755,798,,Aggregated,202.400000,0.000000,110,240,320,350,670,2100,5600,6100,7100,7700,8000,18563,0,110.0,447.4054482896216,42.19519999605836,8024.128100005328,2037.8560577492863
1764633756,804,,Aggregated,199.500000,0.000000,110,240,320,350,710,2200,5600,6200,7200,8000,8200,18741,0,110.0,457.4187038205143,42.19519999605836,8225.360700002057,2035.8849581132276
1764633757,810,,Aggregated,198.700000,0.000000,110,250,320,350,760,2200,5700,6200,7300,8000,8200,18910,0,110.0,469.08967397145676,42.19519999605836,8225.360700002057,2037.3480698043363
1764633758,816,,Aggregated,196.600000,0.000000,120,260,330,360,870,2300,5800,6300,7400,8400,8500,19150,0,120.0,484.1324644334262,42.19519999605836,8477.122900003451,2036.6064751958224
1764633759,822,,Aggregated,192.400000,0.000000,120,270,330,360,940,2400,5800,6400,7500,8500,8500,19368,0,120.0,497.6975293835265,42.19519999605836,8477.122900003451,2038.2872263527468
1764633760,828,,Aggregated,199.100000,0.000000,120,270,330,370,990,2400,5900,6400,7700,8500,8500,19587,0,120.0,507.43915520499473,42.19519999605836,8494.848700000148,2035.4134885383162
1764633761,834,,Aggregated,199.800000,0.000000,130,280,330,370,1000,2400,5900,6500,7900,8700,8800,19829,0,130.0,517.8404862070886,42.19519999605836,8758.556599997974,2034.7009430631904
1764633762,840,,Aggregated,204.000000,0.000000,130,280,340,380,1100,2500,6000,6500,8000,8700,9000,20026,0,130.0,527.8930754818916,42.19519999605836,8959.516000002623,2031.9578547887745
1764633763,846,,Aggregated,207.800000,0.000000,130,280,340,380,1100,2600,6000,6600,8100,8700,9000,20191,0,130.0,537.1199562230881,42.19519999605836,8959.516000002623,2031.992026150265
1764633764,852,,Aggregated,209.900000,0.000000,130,290,340,390,1200,2700,6100,6700,8200,8700,9000,20431,0,130.0,551.0396186481498,42.19519999605836,8959.516000002623,2032.0985267485682
1764633765,858,,Aggregated,206.200000,0.000000,140,290,350,400,1200,2800,6100,6800,8200,8700,9000,20621,0,140.0,561.1010104456765,42.19519999605836,8959.516000002623,2030.4105038552932
1764633766,864,,Aggregated,206.700000,0.000000,140,300,350,420,1200,3100,6200,6800,8200,8700,9000,20861,0,140.0,574.7005001965508,42.19519999605836,8959.516000002623,2032.7032740520588
1764633767,870,,Aggregated,204.300000,0.000000,140,300,350,430,1300,3400,6200,6900,8100,8700,9000,21083,0,140.0,584.7229528055899,42.19519999605836,8959.516000002623,2033.8460845230754
1764633768,876,,Aggregated,211.200000,0.000000,140,300,360,440,1300,3600,6200,6900,8100,8700,9000,21316,0,140.0,592.9857308125452,42.19519999605836,8959.516000002623,2031.983814974667
1764633769,882,,Aggregated,215.800000,0.000000,140,310,360,440,1300,3800,6300,6900,8100,8700,9000,21470,0,140.0,600.0989172706222,42.19519999605836,8959.516000002623,2029.4804843968327
1764633770,888,,Aggregated,214.700000,0.000000,150,310,360,460,1300,4200,6300,7000,8200,8700,9000,21675,0,150.0,614.9246779746395,42.19519999605836,8959.516000002623,2030.6409688581316
1764633771,894,,Aggregated,210.600000,0.000000,150,310,370,480,1400,4400,6400,7100,8200,8700,9000,21869,0,150.0,629.3455150532883,42.19519999605836,8959.516000002623,2033.6414559422012
1764633772,900,,Aggregated,206.900000,0.000000,150,310,380,500,1500,4500,6500,7100,8200,8700,9000,22144,0,150.0,641.7803482117215,42.19519999605836,8959.516000002623,2034.003025650289
1764633773,906,,Aggregated,202.200000,0.000000,160,320,380,520,1500,4600,6500,7100,8300,8800,9000,22395,0,160.0,649.7207694887387,42.19519999605836,8997.032200000831,2032.3209198481804
1764633774,912,,Aggregated,208.500000,0.000000,160,320,380,530,1500,4800,6500,7200,8500,9500,9600,22599,0,160.0,662.2549679941699,42.19519999605836,9606.072299997322,2034.1481923978938
1764633775,918,,Aggregated,218.000000,0.000000,170,320,390,560,1500,4900,6600,7200,8500,9500,9600,22814,0,170.0,672.0481077014192,42.19519999605836,9606.072299997322,2033.9942579118085
1764633776,924,,Aggregated,215.700000,0.000000,170,320,400,580,1600,5000,6600,7200,8600,9500,9600,23018,0,170.0,683.3323133504274,42.19519999605836,9606.072299997322,2038.7899035537405
1764633777,930,,Aggregated,219.500000,0.000000,180,330,410,610,1600,5100,6700,7300,8600,9500,9600,23249,0,180.0,695.2636451460344,42.19519999605836,9606.072299997322,2040.8678652845283
1764633778,937,,Aggregated,214.100000,0.000000,180,330,420,660,1600,5100,6700,7300,8600,9500,9600,23521,0,180.0,706.9730321882652,42.19519999605836,9606.072299997322,2041.3643552570045
1764633779,943,,Aggregated,214.700000,0.000000,180,330,430,670,1700,5200,6700,7300,8700,9500,9600,23719,0,180.0,714.8979208229778,42.19519999605836,9606.072299997322,2038.637758758801
1764633780,949,,Aggregated,219.200000,0.000000,190,330,440,710,1700,5300,6800,7400,8800,9500,9600,23970,0,190.0,728.5868715144051,42.19519999605836,9606.072299997322,2037.7813099707969
1764633781,955,,Aggregated,221.800000,0.000000,190,330,460,750,1800,5300,6800,7400,8800,9500,9600,24182,0,190.0,737.6514155570362,42.19519999605836,9606.072299997322,2038.1172773137043
1764633782,961,,Aggregated,226.800000,0.000000,190,340,470,790,1800,5300,6800,7500,8800,9500,9600,24370,0,190.0,746.4929764874969,42.19519999605836,9606.072299997322,2037.3703734099302
1764633783,967,,Aggregated,230.000000,0.000000,200,340,490,850,1800,5400,6900,7500,8800,9500,9600,24606,0,200.0,758.8985191294908,42.19519999605836,9606.072299997322,2037.6184670405592
1764633784,973,,Aggregated,223.000000,0.000000,200,340,510,890,1900,5400,6900,7500,8800,9500,9600,24832,0,200.0,770.4044774766539,42.19519999605836,9606.072299997322,2038.0140947164948
1764633785,979,,Aggregated,219.600000,0.000000,200,340,530,930,1900,5500,6900,7500,8800,9500,9600,25088,0,200.0,781.2314522839677,42.19519999605836,9606.072299997322,2035.6887356505101
1764633786,985,,Aggregated,221.900000,0.000000,210,350,550,950,1900,5500,7000,7600,8800,9500,9600,25304,0,210.0,787.8362459057902,42.19519999605836,9606.072299997322,2032.3133496680366
1764633787,991,,Aggregated,225.300000,0.000000,210,350,580,990,1900,5500,7000,7600,8800,9500,9600,25511,0,210.0,799.2460520402979,42.19519999605836,9606.072299997322,2033.552741954451
1764633788,997,,Aggregated,228.200000,0.000000,210,350,600,1000,2000,5600,7000,7600,8800,9500,9600,25707,0,210.0,810.7148816937071,42.19519999605836,9606.072299997322,2033.2973120161823
1764633789,1003,,Aggregated,226.300000,0.000000,210,350,630,1100,2000,5600,7100,7600,8900,9500,9600,25928,0,210.0,823.9737039301186,42.19519999605836,9606.072299997322,2034.8505862388151
1764633790,1009,,Aggregated,216.700000,0.000000,220,360,660,1100,2000,5700,7100,7700,8800,9500,9600,26156,0,220.0,833.4162208709351,42.19519999605836,9606.072299997322,2033.2355100168222
1764633791,1015,,Aggregated,220.400000,0.000000,220,360,680,1100,2100,5700,7100,7700,8900,9500,9600,26345,0,220.0,844.2437221066698,42.19519999605836,9606.072299997322,2033.3363066995635
1764633792,1021,,Aggregated,218.800000,0.000000,220,360,710,1100,2100,5700,7200,7700,8900,9500,9600,26529,0,220.0,854.4826228467047,42.19519999605836,9606.072299997322,2033.1416563006521
1764633793,1027,,Aggregated,215.100000,0.000000,230,370,740,1200,2100,5800,7200,7700,8900,9500,9600,26737,0,230.0,864.7986415192521,42.19519999605836,9606.072299997322,2032.2285222725063
1764633794,1033,,Aggregated,215.200000,0.000000,230,370,770,1200,2200,5800,7200,7800,8900,9500,9600,26935,0,230.0,881.1915270503138,42.19519999605836,9606.072299997322,2032.3827362168183
1764633795,1039,,Aggregated,211.500000,0.000000,230,370,820,1200,2200,5900,7300,7800,8900,9500,9600,27128,0,230.0,894.8577083382562,42.19519999605836,9606.072299997322,2033.116005603067
1764633796,1045,,Aggregated,209.000000,0.000000,240,370,850,1200,2300,5900,7300,7900,8900,9500,9600,27314,0,240.0,905.6841736289169,42.19519999605836,9606.072299997322,2031.2435015010617
1764633797,1051,,Aggregated,203.600000,0.000000,240,380,870,1300,2300,5900,7300,7900,8900,9500,9600,27467,0,240.0,915.8452104998797,42.19519999605836,9606.072299997322,2030.8020533731387
1764633798,1057,,Aggregated,200.500000,0.000000,240,380,900,1300,2400,5900,7400,8000,9000,9600,9900,27660,0,240.0,932.0334243673244,42.19519999605836,9909.868499998993,2031.8376355748373
1764633799,1063,,Aggregated,194.600000,0.000000,240,380,920,1300,2500,6000,7400,8000,9200,9900,9900,27822,0,240.0,943.6855206383534,42.19519999605836,9914.747399998305,2031.0764143483575
1764633800,1069,,Aggregated,195.700000,0.000000,250,390,940,1300,2600,6000,7500,8000,9300,9900,10000,28008,0,250.0,959.1404182590786,42.19519999605836,10338.315600005444,2029.21568837475
1764633801,1075,,Aggregated,189.200000,0.000000,250,390,970,1400,2700,6000,7500,8100,9400,10000,11000,28193,0,250.0,977.9705712269084,42.19519999605836,10871.379099997284,2030.4120881069769
1764633802,1081,,Aggregated,184.300000,0.000000,260,400,1000,1400,2800,6100,7500,8100,9500,10000,11000,28373,0,260.0,992.6726537271427,42.19519999605836,10871.379099997284,2030.6209776900575
1764633803,1087,,Aggregated,182.400000,0.000000,260,400,1000,1400,2900,6100,7600,8200,9700,10000,11000,28560,0,260.0,1010.3196429481853,42.19519999605836,10871.379099997284,2032.4126400560224
1764633804,1093,,Aggregated,185.400000,0.000000,260,410,1000,1400,3000,6100,7600,8200,9800,10000,11000,28726,0,260.0,1021.8912920072473,42.19519999605836,10871.379099997284,2033.134233795168
1764633805,1099,,Aggregated,182.300000,0.000000,270,410,1100,1500,3000,6200,7600,8300,9900,10000,11000,28914,0,270.0,1034.9189143632893,42.19519999605836,10871.379099997284,2031.0342394687696
1764633806,1105,,Aggregated,180.600000,0.000000,270,420,1100,1500,3100,6200,7700,8400,10000,11000,11000,29063,0,270.0,1049.906369531712,42.19519999605836,10871.379099997284,2032.5650827512645
1764633807,1111,,Aggregated,179.000000,0.000000,270,420,1100,1500,3200,6200,7700,8400,10000,11000,11000,29220,0,270.0,1064.9481262765266,42.19519999605836,11182.299000000057,2033.720191649555
1764633808,1117,,Aggregated,173.800000,0.000000,280,430,1100,1600,3400,6300,7800,8500,10000,11000,12000,29426,0,280.0,1087.593599510641,42.19519999605836,11632.087899997714,2036.3230816284918
1764633809,1123,,Aggregated,175.700000,0.000000,280,440,1200,1600,3500,6300,7900,8600,10000,11000,12000,29606,0,280.0,1103.2802471492314,42.19519999605836,11634.634200003347,2037.15892048909
1764633810,1129,,Aggregated,174.400000,0.000000,280,450,1200,1600,3600,6400,7900,8700,10000,11000,12000,29770,0,280.0,1117.531379479347,42.19519999605836,11634.634200003347,2040.693651326839
1764633811,1135,,Aggregated,177.000000,0.000000,280,450,1200,1700,3600,6400,7900,8800,11000,12000,12000,29909,0,280.0,1130.928064622693,42.19519999605836,11939.072699999087,2042.5627737470327
1764633812,1141,,Aggregated,175.000000,0.000000,290,470,1200,1700,3700,6400,8000,8900,11000,12000,12000,30060,0,290.0,1147.5354481869622,42.19519999605836,11939.072699999087,2050.096506986028
1764633813,1147,,Aggregated,173.600000,0.000000,290,480,1200,1700,3900,6500,8000,9000,11000,12000,12000,30272,0,290.0,1170.4119181719102,42.19519999605836,12117.250999996031,2052.5300277484143
1764633814,1153,,Aggregated,166.300000,0.000000,290,500,1300,1800,4000,6500,8100,9000,11000,12000,12000,30513,0,290.0,1193.2694339035854,42.19519999605836,12117.250999996031,2056.26510012126
1764633815,1159,,Aggregated,169.200000,0.000000,300,520,1300,1900,4100,6500,8100,9100,11000,12000,12000,30773,0,300.0,1213.8965094790967,42.19519999605836,12117.250999996031,2055.1938387547525
1764633816,1165,,Aggregated,171.200000,0.000000,300,530,1300,1900,4100,6500,8200,9200,11000,12000,12000,30955,0,300.0,1223.5499540817427,42.19519999605836,12117.250999996031,2052.9030205136487
1764633817,1171,,Aggregated,179.400000,0.000000,300,550,1400,1900,4100,6600,8200,9300,11000,12000,12000,31153,0,300.0,1235.8965754341593,42.19519999605836,12117.250999996031,2053.3420216351556
1764633818,1177,,Aggregated,186.800000,0.000000,300,560,1400,1900,4200,6600,8300,9400,11000,12000,12000,31314,0,300.0,1247.6657014210994,42.19519999605836,12117.250999996031,2054.5178514402505
1764633819,1183,,Aggregated,190.000000,0.000000,300,570,1400,2000,4200,6600,8300,9400,11000,12000,12000,31460,0,300.0,1256.8136078576065,42.19519999605836,12462.463800002297,2052.9959949141767
1764633820,1189,,Aggregated,189.800000,0.000000,300,590,1400,2000,4300,6700,8400,9500,11000,12000,12000,31672,0,300.0,1274.7558269765186,42.19519999605836,12462.463800002297,2053.2832786057083
1764633821,1195,,Aggregated,185.400000,0.000000,310,610,1500,2100,4300,6700,8400,9600,12000,12000,12000,31886,0,310.0,1291.4583825628886,42.19519999605836,12462.463800002297,2053.7646302452486
1764633822,1201,,Aggregated,189.000000,0.000000,310,640,1500,2100,4300,6700,8500,9700,11000,12000,12000,32099,0,310.0,1307.4857164179646,42.19519999605836,12462.463800002297,2054.88217701486
1764633823,1207,,Aggregated,194.000000,0.000000,310,660,1500,2200,4300,6700,8500,9700,12000,12000,12000,32335,0,310.0,1321.7984244874058,42.19519999605836,12462.463800002297,2053.7018401113346
1764633824,1213,,Aggregated,199.700000,0.000000,310,680,1600,2200,4400,6800,8600,9700,12000,12000,12000,32520,0,310.0,1335.1542709655664,42.19519999605836,12462.463800002297,2053.0420049200493
1764633825,1220,,Aggregated,203.400000,0.000000,310,700,1600,2300,4400,6800,8600,9700,12000,12000,12000,32706,0,310.0,1347.3298811838877,42.19519999605836,12462.463800002297,2052.9441692655782
1764633826,1226,,Aggregated,201.200000,0.000000,310,710,1600,2300,4400,6800,8700,9800,12000,12000,12000,32855,0,310.0,1355.1858919768752,42.19519999605836,12462.463800002297,2051.0967889210165
1764633827,1232,,Aggregated,194.500000,0.000000,310,730,1700,2300,4500,6800,8700,9800,12000,12000,12000,33032,0,310.0,1368.1987024249293,42.19519999605836,12462.463800002297,2050.498244126907
1764633828,1238,,Aggregated,190.000000,0.000000,310,770,1700,2400,4600,6900,8800,9900,12000,12000,12000,33255,0,310.0,1390.3877770681186,42.19519999605836,12462.463800002297,2052.0754172304914
1764633829,1244,,Aggregated,187.500000,0.000000,310,820,1700,2500,4700,6900,8900,9900,12000,12000,12000,33459,0,310.0,1405.0675198362246,42.19519999605836,12462.463800002297,2053.381989898084
1764633830,1250,,Aggregated,188.400000,0.000000,320,850,1800,2600,4700,6900,8900,9900,12000,12000,12000,33691,0,320.0,1420.2557556587892,42.19519999605836,12462.463800002297,2053.7693449289127
1764633831,1256,,Aggregated,197.200000,0.000000,320,880,1800,2600,4800,7000,9000,10000,12000,12000,12000,33949,0,320.0,1434.5665610739711,42.19519999605836,12462.463800002297,2052.665645527114
1764633832,1262,,Aggregated,197.700000,0.000000,320,890,1800,2600,4800,7000,9000,10000,12000,12000,12000,34128,0,320.0,1442.8704859616837,42.19519999605836,12462.463800002297,2050.8540494608533
1764633833,1268,,Aggregated,200.500000,0.000000,320,910,1900,2700,4800,7000,9100,10000,12000,12000,12000,34303,0,320.0,1453.2756312829886,42.19519999605836,12462.463800002297,2049.778794857593
1764633834,1275,,Aggregated,205.000000,0.000000,320,920,1900,2700,4900,7100,9100,10000,12000,12000,12000,34495,0,320.0,1468.5578250065346,42.19519999605836,12462.463800002297,2050.0843600521816
1764633835,1281,,Aggregated,199.400000,0.000000,320,940,1900,2700,4900,7100,9200,10000,12000,12000,12000,34671,0,320.0,1482.6107298260924,42.19519999605836,12462.463800002297,2051.2775806870295
1764633836,1287,,Aggregated,197.200000,0.000000,320,970,2000,2800,4900,7100,9200,10000,12000,12000,12000,34871,0,320.0,1497.6342312982283,42.19519999605836,12462.463800002297,2051.8098706661694
1764633837,1293,,Aggregated,195.200000,0.000000,320,990,2000,2800,5000,7200,9300,10000,12000,12000,12000,35046,0,320.0,1510.3314779233121,42.19519999605836,12462.463800002297,2051.028933401815
1764633838,1299,,Aggregated,196.700000,0.000000,320,1000,2000,2900,5000,7200,9300,10000,12000,12000,12000,35213,0,320.0,1523.7185370147479,42.19519999605836,12462.463800002297,2051.8787095674893
1764633839,1305,,Aggregated,198.400000,0.000000,320,1000,2100,2900,5100,7200,9400,10000,12000,12000,12000,35378,0,320.0,1535.8397526542,42.19519999605836,12462.463800002297,2051.7947311888743
1764633840,1311,,Aggregated,198.700000,0.000000,320,1000,2100,2900,5100,7200,9400,10000,12000,12000,12000,35536,0,320.0,1548.646551907933,42.19519999605836,12462.463800002297,2051.5053466906797
1764633841,1317,,Aggregated,190.800000,0.000000,320,1100,2100,3000,5100,7300,9400,10000,12000,12000,12000,35690,0,320.0,1563.5181033510873,42.19519999605836,12462.463800002297,2052.8211824040345
1764633842,1323,,Aggregated,187.800000,0.000000,330,1100,2200,3000,5200,7300,9500,10000,12000,12000,12000,35913,0,330.0,1584.17832247098,42.19519999605836,12462.463800002297,2053.448528388049
1764633843,1329,,Aggregated,179.200000,0.000000,330,1100,2200,3100,5300,7300,9500,10000,12000,12000,13000,36152,0,330.0,1605.4706978009588,42.19519999605836,12726.874599997245,2055.973805045364
1764633844,1335,,Aggregated,173.000000,0.000000,330,1100,2300,3200,5300,7400,9600,11000,12000,12000,13000,36380,0,330.0,1623.0452986146333,42.19519999605836,12726.874599997245,2058.0802638812534
1764633845,1341,,Aggregated,176.000000,0.000000,330,1200,2300,3200,5300,7400,9600,11000,12000,12000,13000,36610,0,330.0,1638.0757607866794,42.19519999605836,12726.874599997245,2062.2427751980335
1764633846,1347,,Aggregated,185.100000,0.000000,330,1200,2400,3300,5400,7400,9700,11000,12000,12000,13000,36775,0,330.0,1648.7521627110893,42.19519999605836,13182.865399998263,2063.8721142080217
1764633847,1353,,Aggregated,190.200000,0.000000,330,1200,2400,3300,5400,7400,9700,11000,12000,13000,13000,36954,0,330.0,1662.4963342101107,42.19519999605836,13414.495600001828,2065.6846890729016
1764633848,1359,,Aggregated,192.800000,0.000000,330,1200,2400,3400,5400,7500,9800,11000,12000,14000,14000,37130,0,330.0,1677.948298408306,42.19519999605836,14165.901399996073,2066.795933207649
1764633849,1365,,Aggregated,190.300000,0.000000,330,1200,2500,3400,5400,7500,9800,11000,12000,14000,14000,37377,0,330.0,1697.6541985713227,42.19519999605836,14165.901399996073,2067.0640233298554
1764633850,1371,,Aggregated,188.900000,0.000000,330,1300,2600,3500,5400,7500,9900,11000,12000,14000,14000,37608,0,330.0,1712.970703180183,42.19519999605836,14233.12679999799,2067.670655179749
1764633851,1377,,Aggregated,191.700000,0.000000,330,1300,2700,3500,5400,7500,9900,11000,12000,14000,14000,37846,0,330.0,1727.1455420652187,42.19519999605836,14233.12679999799,2066.659646990435
1764633852,1383,,Aggregated,202.000000,0.000000,340,1300,2700,3600,5400,7600,9900,11000,12000,14000,14000,38036,0,340.0,1737.120625962253,42.19519999605836,14233.12679999799,2065.2395362288357
1764633853,1389,,Aggregated,206.800000,0.000000,340,1300,2700,3600,5400,7600,9900,11000,12000,14000,14000,38219,0,340.0,1746.902393668079,42.19519999605836,14233.12679999799,2063.0153065229338
1764633854,1395,,Aggregated,212.800000,0.000000,340,1300,2700,3600,5500,7600,10000,11000,12000,14000,14000,38399,0,340.0,1758.9116572124362,42.19519999605836,14233.12679999799,2061.7783015182686
1764633855,1401,,Aggregated,211.900000,0.000000,340,1300,2800,3600,5500,7600,10000,11000,12000,14000,14000,38543,0,340.0,1769.9155381677695,42.19519999605836,14233.12679999799,2062.4877669096854
1764633856,1407,,Aggregated,205.400000,0.000000,340,1400,2800,3700,5500,7700,10000,11000,12000,14000,14000,38749,0,340.0,1785.811612862274,42.19519999605836,14233.12679999799,2062.577098763839
1764633857,1413,,Aggregated,197.900000,0.000000,340,1400,2900,3800,5500,7700,10000,11000,12000,14000,14000,38990,0,340.0,1805.5101729879505,42.19519999605836,14233.12679999799,2063.581661964606
1764633858,1419,,Aggregated,192.400000,0.000000,340,1400,2900,3800,5600,7700,10000,11000,12000,14000,14000,39190,0,340.0,1818.0664216330736,42.19519999605836,14233.12679999799,2063.70155651952
1764633859,1425,,Aggregated,198.400000,0.000000,340,1400,2900,3800,5600,7800,10000,11000,12000,14000,14000,39374,0,340.0,1829.0138945674871,42.19519999605836,14233.12679999799,2061.740133082745
1764633860,1431,,Aggregated,204.100000,0.000000,340,1500,3000,3900,5600,7800,10000,11000,12000,14000,14000,39561,0,340.0,1842.4751102171385,42.19519999605836,14233.12679999799,2061.711711028538
1764633861,1437,,Aggregated,205.300000,0.000000,340,1500,3000,3900,5600,7800,10000,11000,12000,14000,14000,39707,0,340.0,1853.4448896844433,42.19519999605836,14233.12679999799,2061.8144911476566
1764633862,1444,,Aggregated,194.500000,0.000000,340,1500,3100,4000,5700,7900,10000,11000,12000,14000,14000,39897,0,340.0,1870.2699023084463,42.19519999605836,14233.12679999799,2062.357746196456
1764633863,1450,,Aggregated,193.400000,0.000000,340,1500,3100,4000,5700,7900,10000,11000,12000,14000,14000,40110,0,340.0,1887.1311244826752,42.19519999605836,14233.12679999799,2062.1613812016953
1764633864,1456,,Aggregated,184.400000,0.000000,350,1600,3200,4000,5700,7900,10000,11000,13000,14000,14000,40283,0,350.0,1901.1301802174623,42.19519999605836,14233.12679999799,2062.0868356378624
1764633865,1462,,Aggregated,185.400000,0.000000,350,1600,3200,4100,5800,8000,10000,11000,13000,14000,14000,40471,0,350.0,1916.1639816782379,42.19519999605836,14233.12679999799,2061.9737095698156
1764633866,1468,,Aggregated,187.300000,0.000000,350,1600,3200,4100,5800,8000,10000,11000,13000,14000,14000,40631,0,350.0,1928.4981771725993,42.19519999605836,14233.12679999799,2061.6433511358323
1764633867,1474,,Aggregated,188.600000,0.000000,350,1600,3300,4100,5900,8000,10000,11000,13000,14000,14000,40813,0,350.0,1944.9490022884822,42.19519999605836,14233.12679999799,2060.8996153186486
1764633868,1480,,Aggregated,190.800000,0.000000,350,1700,3400,4200,6000,8100,11000,11000,13000,14000,14000,41029,0,350.0,1966.5549588924853,42.19519999605836,14233.12679999799,2061.5337200516706
1764633869,1486,,Aggregated,184.700000,0.000000,350,1700,3400,4200,6000,8100,11000,11000,13000,14000,14000,41240,0,350.0,1983.5743436711894,42.19519999605836,14233.12679999799,2062.329752667313
1764633870,1492,,Aggregated,180.800000,0.000000,350,1700,3500,4300,6000,8100,11000,11000,13000,14000,14000,41431,0,350.0,1997.2087018536827,42.19519999605836,14233.12679999799,2060.851319060607
1764633871,1498,,Aggregated,181.800000,0.000000,350,1800,3500,4300,6100,8200,11000,11000,13000,14000,14000,41664,0,350.0,2013.5462473574285,42.19519999605836,14233.12679999799,2059.586477534562
1764633872,1504,,Aggregated,187.700000,0.000000,350,1800,3500,4400,6100,8200,11000,11000,13000,14000,14000,41906,0,350.0,2032.9172212570993,42.19519999605836,14233.12679999799,2060.0707774543025
1764633873,1510,,Aggregated,186.600000,0.000000,360,1800,3600,4500,6100,8200,11000,11000,13000,14000,14000,42114,0,360.0,2045.0340866908832,42.19519999605836,14233.12679999799,2060.0073134824524
1764633874,1516,,Aggregated,195.200000,0.000000,360,1900,3600,4500,6100,8300,11000,12000,13000,14000,14000,42286,0,360.0,2053.2100041905087,42.19519999605836,14233.12679999799,2059.1332828832237
1764633875,1522,,Aggregated,197.300000,0.000000,360,1900,3600,4600,6100,8300,11000,12000,13000,14000,14000,42468,0,360.0,2065.3592869478166,42.19519999605836,14233.12679999799,2059.109541301686
1764633876,1528,,Aggregated,198.100000,0.000000,360,1900,3700,4600,6100,8400,11000,12000,13000,14000,14000,42638,0,360.0,2077.907612653031,42.19519999605836,14233.12679999799,2058.70404334162
1764633877,1534,,Aggregated,197.800000,0.000000,360,1900,3700,4600,6200,8400,11000,12000,13000,14000,14000,42800,0,360.0,2090.0121808971967,42.19519999605836,14233.12679999799,2060.3953504672895
1764633878,1540,,Aggregated,198.200000,0.000000,360,2000,3700,4700,6200,8400,11000,12000,13000,14000,14000,42997,0,360.0,2104.2707785473435,42.19519999605836,14233.12679999799,2064.609507640068
1764633879,1546,,Aggregated,198.800000,0.000000,360,2000,3800,4700,6200,8500,11000,12000,13000,14000,14000,43226,0,360.0,2121.3471143756124,42.19519999605836,14233.12679999799,2067.5863369268495
1764633880,1552,,Aggregated,196.100000,0.000000,360,2000,3800,4700,6200,8600,11000,12000,13000,14000,14000,43408,0,360.0,2133.872117125881,42.19519999605836,14233.12679999799,2069.3092517508294
1764633881,1559,,Aggregated,194.300000,0.000000,360,2000,3900,4800,6300,8600,11000,12000,13000,14000,14000,43593,0,360.0,2148.485945541723,42.19519999605836,14233.12679999799,2071.7332599270526
1764633882,1565,,Aggregated,195.600000,0.000000,360,2100,3900,4800,6300,8600,11000,12000,13000,14000,15000,43751,0,360.0,2160.6193488011777,42.19519999605836,15080.29610000085,2072.4765605357593
1764633883,1571,,Aggregated,195.500000,0.000000,360,2100,3900,4800,6300,8700,11000,12000,13000,14000,15000,43891,0,360.0,2171.245275917623,42.19519999605836,15080.29610000085,2075.310450889704
1764633885,1577,,Aggregated,190.100000,0.000000,370,2100,3900,4800,6400,8800,11000,12000,13000,14000,15000,44023,0,370.0,2184.7276407696077,42.19519999605836,15080.29610000085,2079.8208436499103
1764633886,1583,,Aggregated,176.600000,0.000000,370,2100,4000,4900,6500,8800,11000,12000,13000,15000,15000,44201,0,370.0,2202.514573579798,42.19519999605836,15080.29610000085,2082.1053143594036
1764633887,1589,,Aggregated,172.400000,0.000000,370,2200,4000,4900,6500,8900,11000,12000,14000,15000,16000,44436,0,370.0,2226.589368539037,42.19519999605836,15534.528199998022,2082.31690521199
1764633888,1595,,Aggregated,172.000000,0.000000,370,2200,4100,4900,6600,9000,11000,12000,14000,15000,16000,44631,0,370.0,2242.707314899969,42.19519999605836,15534.528199998022,2082.141538392597
1764633889,1601,,Aggregated,178.100000,0.000000,370,2200,4100,5000,6600,9000,11000,12000,14000,15000,16000,44857,0,370.0,2259.7553256058254,42.19519999605836,15534.528199998022,2081.173529215061
1764633890,1607,,Aggregated,182.100000,0.000000,370,2300,4100,5000,6700,9000,11000,12000,14000,15000,16000,45034,0,370.0,2275.3636763267878,42.19519999605836,15534.528199998022,2080.8822445263577
1764633891,1613,,Aggregated,184.600000,0.000000,370,2300,4200,5000,6700,9100,11000,12000,14000,15000,16000,45186,0,370.0,2288.1274055813897,42.19519999605836,15534.528199998022,2081.173637852432
1764633892,1619,,Aggregated,179.300000,0.000000,380,2400,4200,5000,6800,9100,11000,12000,14000,16000,16000,45363,0,380.0,2306.861570908024,42.19519999605836,16181.536600000982,2081.893106716928
1764633893,1625,,Aggregated,176.900000,0.000000,380,2400,4200,5100,6800,9100,11000,12000,14000,16000,16000,45555,0,380.0,2326.727599453424,42.19519999605836,16181.536600000982,2083.029985731533
1764633894,1632,,Aggregated,175.200000,0.000000,380,2400,4300,5100,6900,9200,11000,12000,14000,16000,16000,45763,0,380.0,2344.3200552367766,42.19519999605836,16181.536600000982,2082.305880296309
1764633895,1637,,Aggregated,178.300000,0.000000,380,2500,4300,5100,6900,9200,11000,12000,15000,16000,16000,45958,0,380.0,2359.3351272944997,42.19519999605836,16181.536600000982,2082.0248487749686
1764633896,1644,,Aggregated,185.600000,0.000000,380,2500,4300,5200,6900,9200,11000,12000,15000,16000,16000,46111,0,380.0,2370.071726503451,42.19519999605836,16181.536600000982,2081.3307020016914
1764633897,1650,,Aggregated,191.700000,0.000000,380,2600,4400,5200,7000,9300,11000,12000,15000,16000,16000,46338,0,380.0,2390.220455787915,42.19519999605836,16181.536600000982,2081.73412749795
1764633898,1656,,Aggregated,189.000000,0.000000,390,2600,4500,5200,7000,9300,11000,12000,15000,16000,16000,46535,0,390.0,2403.782081355976,42.19519999605836,16181.536600000982,2081.4434296765876
1764633899,1662,,Aggregated,188.300000,0.000000,390,2700,4500,5200,7000,9300,11000,12000,15000,16000,16000,46749,0,390.0,2419.4483767331994,42.19519999605836,16181.536600000982,2081.181052001112
1764633900,1668,,Aggregated,188.900000,0.000000,390,2700,4600,5300,7100,9400,12000,12000,15000,16000,16000,46993,0,390.0,2438.230788445092,42.19519999605836,16181.536600000982,2080.862383759283
1764633901,1674,,Aggregated,187.400000,0.000000,390,2700,4600,5300,7100,9400,12000,12000,15000,16000,16000,47209,0,390.0,2451.7758303840415,42.19519999605836,16181.536600000982,2079.7670571289373
1764633902,1680,,Aggregated,193.900000,0.000000,390,2800,4700,5300,7100,9400,12000,13000,15000,16000,16000,47397,0,390.0,2463.2079988585815,42.19519999605836,16181.536600000982,2078.4826254826253
1764633903,1686,,Aggregated,200.200000,0.000000,400,2800,4700,5300,7100,9400,12000,13000,15000,16000,16000,47562,0,400.0,2471.939164740762,42.19519999605836,16181.536600000982,2077.219587065304
1764633904,1692,,Aggregated,202.300000,0.000000,400,2800,4700,5400,7100,9500,12000,13000,15000,16000,16000,47734,0,400.0,2484.3345802782105,42.19519999605836,16181.536600000982,2077.2443541291323
1764633905,1698,,Aggregated,200.200000,0.000000,400,2800,4700,5400,7200,9500,12000,13000,15000,16000,16000,47854,0,400.0,2494.0560463848396,42.19519999605836,16181.536600000982,2077.9782881263845
1764633906,1704,,Aggregated,196.300000,0.000000,400,2800,4800,5400,7200,9500,12000,13000,15000,16000,16000,48027,0,400.0,2509.9867104274704,42.19519999605836,16181.536600000982,2078.5333458263062
1764633907,1710,,Aggregated,189.600000,0.000000,410,2900,4800,5500,7300,9500,12000,13000,15000,16000,16000,48257,0,410.0,2532.575627780427,42.19519999605836,16181.536600000982,2078.8919742213566
1764633908,1716,,Aggregated,190.900000,0.000000,410,2900,4800,5500,7300,9600,12000,13000,15000,16000,16000,48470,0,410.0,2549.912869430579,42.19519999605836,16181.536600000982,2078.903878687848
1764633909,1722,,Aggregated,190.800000,0.000000,410,3000,4900,5500,7400,9600,12000,13000,15000,16000,16000,48661,0,410.0,2563.473106019198,42.19519999605836,16181.536600000982,2078.4131028955426
1764633910,1728,,Aggregated,190.800000,0.000000,420,3000,4900,5600,7400,9600,12000,13000,15000,16000,16000,48828,0,420.0,2576.0376032604267,42.19519999605836,16181.536600000982,2078.2587654624394
1764633911,1734,,Aggregated,190.400000,0.000000,420,3000,4900,5600,7500,9600,12000,13000,15000,16000,16000,48999,0,420.0,2590.449185405827,42.19519999605836,16181.536600000982,2078.164248249964
1764633912,1740,,Aggregated,183.100000,0.000000,420,3100,4900,5600,7500,9700,12000,13000,15000,16000,16000,49182,0,420.0,2605.816822599735,42.19519999605836,16181.536600000982,2077.7615997722746
1764633913,1746,,Aggregated,176.700000,0.000000,420,3100,4900,5700,7600,9700,12000,13000,15000,16000,16000,49359,0,420.0,2622.157567045527,42.19519999605836,16181.536600000982,2078.1186409773295
1764633914,1752,,Aggregated,177.900000,0.000000,430,3200,5000,5700,7700,9800,12000,13000,15000,16000,16000,49551,0,430.0,2640.3713598211975,42.19519999605836,16181.536600000982,2080.2177554438863
1764633915,1758,,Aggregated,176.400000,0.000000,430,3200,5000,5700,7700,9800,12000,13000,15000,16000,16000,49732,0,430.0,2654.6538899923635,42.19519999605836,16181.536600000982,2082.7154548379312
1764633916,1764,,Aggregated,180.200000,0.000000,430,3200,5000,5700,7700,9800,12000,13000,15000,16000,16000,49881,0,430.0,2665.2870831940054,42.19519999605836,16181.536600000982,2085.946051602815
1764633917,1770,,Aggregated,186.300000,0.000000,440,3300,5000,5800,7800,9900,12000,13000,15000,16000,16000,50055,3,440.0,2679.157028149035,42.19519999605836,16181.536600000982,2088.9621616222157
1764633918,1776,,Aggregated,185.100000,0.000000,440,3300,5000,5800,7800,9900,12000,13000,15000,16000,16000,50207,9,440.0,2691.270792084768,42.19519999605836,16181.536600000982,2090.629932081184
1764633919,1782,,Aggregated,179.000000,0.300000,440,3300,5100,5800,7900,10000,12000,13000,15000,16000,16000,50424,13,440.0,2712.590685302629,42.19519999605836,16181.536600000982,2093.8775186419166
1764633920,1788,,Aggregated,173.700000,0.900000,450,3400,5100,5900,7900,10000,12000,13000,15000,16000,16000,50651,13,450.0,2735.0108992083065,42.19519999605836,16181.536600000982,2096.118398452153
1764633921,1794,,Aggregated,174.400000,1.300000,460,3400,5100,5900,8000,10000,12000,13000,15000,16000,16000,50868,13,460.0,2753.365650397104,42.19519999605836,16181.536600000982,2100.5195800896436
1764633922,1800,,Aggregated,179.400000,1.300000,460,3500,5200,6000,8000,10000,12000,13000,15000,16000,16000,51081,13,460.0,2769.2252173900247,42.19519999605836,16257.085600002029,2103.581977643351
1764633923,1806,,Aggregated,185.900000,1.300000,470,3500,5200,6000,8000,10000,12000,13000,15000,16000,16000,51249,13,470.0,2782.930185835817,42.19519999605836,16380.343900003936,2105.3021717496927
1764633924,1812,,Aggregated,185.000000,1.300000,470,3500,5200,6000,8100,10000,12000,14000,15000,16000,17000,51395,13,470.0,2793.2701693374797,42.19519999605836,16848.888000000443,2104.9831111975873
1764633925,1818,,Aggregated,189.100000,1.300000,470,3500,5200,6000,8100,10000,12000,14000,15000,16000,17000,51541,13,470.0,2803.500868727802,42.19519999605836,16921.234900000854,2103.9529112745195
1764633926,1824,,Aggregated,183.100000,1.300000,480,3500,5200,6100,8200,10000,13000,14000,15000,16000,17000,51728,25,480.0,2823.389640946865,42.19519999605836,17454.822200001217,2104.5449659758738
1764633927,1830,,Aggregated,178.900000,1.300000,490,3600,5300,6100,8200,10000,13000,14000,16000,16000,17000,51941,47,490.0,2845.5456040911613,42.19519999605836,17454.822200001217,2103.6394178009664
1764633928,1836,,Aggregated,179.900000,1.800000,500,3600,5300,6200,8300,10000,13000,14000,16000,16000,17000,52130,47,490.0,2861.3985170937904,42.19519999605836,17454.822200001217,2104.0193170918856
1764633929,1842,,Aggregated,184.500000,3.800000,500,3600,5300,6200,8300,10000,13000,14000,16000,17000,17000,52338,59,500.0,2875.259642966851,42.19519999605836,17454.822200001217,2102.8925255072795
1764633930,1848,,Aggregated,189.300000,3.800000,510,3700,5400,6200,8300,10000,13000,14000,16000,17000,17000,52566,63,510.0,2894.916986949721,42.19519999605836,17454.822200001217,2102.950576418217
1764633931,1854,,Aggregated,186.800000,4.000000,520,3700,5400,6300,8300,10000,13000,14000,16000,17000,17000,52749,63,520.0,2908.676801090051,42.19519999605836,17454.822200001217,2102.217350091945
1764633932,1860,,Aggregated,188.200000,4.700000,520,3700,5400,6300,8400,10000,13000,14000,16000,17000,17000,52929,63,520.0,2921.6463731583635,42.19519999605836,17454.822200001217,2101.0157569574335
1764633933,1866,,Aggregated,186.000000,5.000000,530,3800,5400,6300,8400,10000,13000,14000,16000,17000,17000,53148,72,530.0,2940.205238701344,42.19519999605836,17454.822200001217,2099.7766802137426
1764633934,1872,,Aggregated,184.600000,5.000000,540,3800,5500,6400,8400,10000,13000,14000,16000,17000,17000,53333,72,540.0,2955.9839516396783,42.19519999605836,17454.822200001217,2099.6896480603004
1764633935,1878,,Aggregated,185.500000,5.100000,550,3800,5500,6400,8500,10000,13000,14000,16000,17000,17000,53541,72,550.0,2972.676110632956,42.19519999605836,17454.822200001217,2099.5882407874337
1764633936,1884,,Aggregated,189.900000,5.900000,560,3800,5500,6500,8500,10000,13000,14000,16000,17000,17000,53710,84,560.0,2983.712159407917,42.19519999605836,17454.822200001217,2098.4757028486315
1764633937,1890,,Aggregated,194.600000,5.900000,570,3900,5600,6500,8500,10000,13000,14000,16000,17000,17000,53909,88,570.0,2999.1979108849946,42.19519999605836,17454.822200001217,2098.190394924781
1764633938,1896,,Aggregated,197.400000,5.400000,580,3900,5600,6500,8600,10000,13000,14000,16000,17000,17000,54088,88,580.0,3014.0997979348326,42.19519999605836,17454.822200001217,2097.937860523591
1764633939,1902,,Aggregated,195.100000,4.700000,590,3900,5600,6600,8600,10000,13000,14000,16000,17000,17000,54260,88,590.0,3027.5197143641612,42.19519999605836,17454.822200001217,2098.2111684482124
1764633940,1908,,Aggregated,195.100000,4.100000,600,4000,5600,6600,8600,11000,13000,14000,16000,17000,17000,54446,88,600.0,3041.3430205983786,42.19519999605836,17454.822200001217,2098.1258861991696
1764633941,1914,,Aggregated,194.600000,3.500000,600,4000,5700,6600,8700,11000,13000,14000,16000,17000,17000,54622,90,600.0,3053.918092964362,42.19519999605836,17454.822200001217,2097.681685035334
1764633942,1920,,Aggregated,188.000000,2.800000,610,4000,5700,6700,8700,11000,13000,14000,16000,17000,17000,54828,90,610.0,3069.6615010085975,42.19519999605836,17454.822200001217,2097.439027504195
1764633943,1926,,Aggregated,187.500000,2.500000,620,4000,5700,6700,8700,11000,13000,14000,16000,17000,17000,55040,90,620.0,3083.920950412417,42.19519999605836,17454.822200001217,2096.7068677325583
1764633944,1932,,Aggregated,188.900000,2.700000,630,4100,5800,6700,8700,11000,13000,14000,16000,17000,17000,55246,95,630.0,3098.437374488643,42.19519999605836,17454.822200001217,2096.5267530680953
1764633945,1938,,Aggregated,187.900000,2.600000,640,4100,5800,6800,8800,11000,13000,14000,16000,17000,17000,55428,111,640.0,3112.8310451612833,42.19519999605836,17454.822200001217,2096.3707873277044
1764633946,1944,,Aggregated,189.200000,1.800000,650,4100,5800,6800,8800,11000,13000,15000,16000,17000,17000,55602,111,650.0,3126.538693036215,42.19519999605836,17454.822200001217,2096.5636308046473
1764633947,1950,,Aggregated,188.700000,3.300000,660,4100,5800,6800,8800,11000,13000,15000,16000,17000,17000,55784,111,660.0,3140.85140921052,42.19519999605836,17454.822200001217,2095.926054065682
1764633948,1956,,Aggregated,189.000000,3.900000,670,4200,5900,6800,8900,11000,13000,15000,16000,17000,17000,55956,111,670.0,3154.80645952891,42.19519999605836,17454.822200001217,2095.129423118164
1764633949,1962,,Aggregated,187.400000,2.300000,680,4200,5900,6900,8900,11000,13000,15000,16000,17000,17000,56124,111,680.0,3169.014052779554,42.19519999605836,17454.822200001217,2095.4898260993514
1764633950,1968,,Aggregated,187.600000,2.300000,690,4200,5900,6900,9000,11000,14000,15000,16000,17000,17000,56311,138,690.0,3184.740772232776,42.19519999605836,17454.822200001217,2094.7656230576617
1764633951,1974,,Aggregated,184.000000,2.300000,710,4300,6000,6900,9000,11000,14000,15000,16000,17000,17000,56492,187,710.0,3202.0039823089987,42.19519999605836,17454.822200001217,2093.312044183247
1764633952,1980,,Aggregated,182.900000,2.300000,720,4300,6000,7000,9100,11000,14000,15000,16000,17000,17000,56680,210,720.0,3217.4643309774183,42.19519999605836,17454.822200001217,2092.554569513056
1764633953,1986,,Aggregated,185.100000,7.800000,740,4300,6000,7000,9200,11000,14000,15000,16000,17000,17000,56915,234,740.0,3237.837752963195,42.19519999605836,17454.822200001217,2090.948291311605
1764633954,1992,,Aggregated,184.000000,11.400000,760,4400,6100,7000,9200,11000,14000,15000,16000,17000,17000,57115,256,760.0,3255.17320259827,42.19519999605836,17454.822200001217,2091.4416528057427
1764633955,1998,,Aggregated,184.300000,12.400000,780,4400,6100,7100,9300,11000,14000,15000,16000,17000,17000,57313,259,780.0,3270.6611568649396,42.19519999605836,17454.822200001217,2094.473452794305
1764633956,2004,,Aggregated,185.800000,14.500000,800,4500,6100,7100,9300,11000,14000,15000,16000,17000,17000,57506,276,800.0,3287.229987837795,42.19519999605836,17454.822200001217,2097.1977880568984
1764633957,2010,,Aggregated,187.600000,15.100000,830,4500,6200,7100,9400,11000,14000,15000,16000,17000,17000,57709,311,830.0,3305.63737761528,42.19519999605836,17454.822200001217,2098.849902094994
1764633958,2016,,Aggregated,187.300000,15.600000,840,4600,6200,7200,9400,11000,14000,15000,17000,17000,18000,57880,336,840.0,3317.742864194888,42.19519999605836,17679.613100001006,2097.7970801658603
1764633959,2022,,Aggregated,191.100000,16.500000,860,4600,6200,7200,9400,11000,14000,15000,17000,17000,18000,58058,336,860.0,3332.6799964724933,42.19519999605836,17679.613100001006,2101.1341072720384
1764633960,2028,,Aggregated,188.900000,21.400000,880,4600,6300,7200,9500,11000,14000,15000,17000,17000,18000,58279,336,880.0,3350.677446792158,42.19519999605836,17679.613100001006,2104.6124161361727
1764633961,2034,,Aggregated,192.100000,22.500000,890,4700,6300,7300,9500,11000,14000,15000,17000,17000,18000,58454,360,890.0,3364.1138381479495,42.19519999605836,17679.613100001006,2106.4986656174087
1764633962,2040,,Aggregated,197.300000,22.500000,900,4700,6300,7300,9500,11000,14000,15000,17000,17000,18000,58638,384,900.0,3376.28928277909,42.19519999605836,17679.613100001006,2106.077901701968
1764633963,2046,,Aggregated,195.100000,17.300000,900,4700,6300,7300,9500,11000,14000,15000,17000,17000,18000,58797,396,900.0,3386.512340445944,42.19519999605836,17679.613100001006,2106.88225589741
1764633964,2052,,Aggregated,194.000000,16.800000,920,4700,6400,7400,9600,11000,14000,15000,17000,17000,18000,58993,412,920.0,3402.5351003932674,42.19519999605836,17679.613100001006,2107.141559168037
1764633965,2058,,Aggregated,192.900000,17.200000,930,4700,6400,7400,9600,11000,14000,15000,17000,17000,18000,59157,445,930.0,3417.3682970316268,42.19519999605836,17679.613100001006,2105.8204269993407
1764633966,2064,,Aggregated,186.500000,16.200000,950,4800,6500,7500,9600,11000,14000,15000,17000,17000,18000,59388,545,950.0,3436.607982230417,42.19519999605836,17679.613100001006,2102.0478884623158
1764633967,2070,,Aggregated,186.000000,16.000000,970,4800,6500,7600,9700,11000,14000,15000,17000,17000,18000,59646,599,970.0,3456.6851080340675,42.19519999605836,17679.613100001006,2100.069593937565
1764633968,2076,,Aggregated,185.600000,21.700000,980,4800,6500,7600,9700,11000,14000,15000,17000,17000,18000,59877,615,980.0,3473.523841700484,42.19519999605836,17679.613100001006,2099.176996175493
1764633969,2082,,Aggregated,187.500000,29.500000,1000,4900,6600,7700,9700,11000,14000,15000,17000,17000,18000,60090,617,1000.0,3487.3731358079544,42.19519999605836,17679.613100001006,2098.023597936429
1764633970,2088,,Aggregated,195.100000,28.200000,1000,4900,6600,7700,9700,11000,14000,15000,17000,17000,18000,60341,662,1000.0,3503.2844227424143,42.19519999605836,17679.613100001006,2095.7071311380323
1764633971,2095,,Aggregated,201.900000,28.100000,1000,4900,6700,7800,9700,11000,14000,15000,17000,17000,18000,60530,692,1000.0,3516.557254683627,42.19519999605836,17679.613100001006,2094.210854121923
1764633972,2101,,Aggregated,202.400000,29.400000,1000,4900,6700,7800,9800,11000,14000,15000,17000,17000,18000,60709,692,1000.0,3526.6355506811146,42.19519999605836,17679.613100001006,2093.515986097613
1764633973,2107,,Aggregated,206.900000,34.300000,1000,4900,6700,7800,9800,11000,14000,16000,17000,17000,18000,60887,693,1000.0,3536.7913719069716,42.19519999605836,17679.613100001006,2093.0842872862845
1764633974,2113,,Aggregated,207.400000,32.000000,1000,5000,6700,7900,9800,11000,14000,16000,17000,17000,18000,61079,718,1000.0,3550.1592884330134,42.19519999605836,17679.613100001006,2091.968630789633
1764633975,2119,,Aggregated,206.700000,30.600000,1100,5000,6800,7900,9800,11000,15000,16000,17000,17000,18000,61283,721,1100.0,3565.8633318277507,42.19519999605836,17679.613100001006,2092.772073821451
1764633976,2125,,Aggregated,209.200000,30.100000,1100,5000,6800,7900,9800,11000,15000,16000,17000,17000,18000,61480,735,1100.0,3578.242272971701,42.19519999605836,17679.613100001006,2091.7881912817174
1764633977,2131,,Aggregated,209.600000,30.500000,1100,5000,6800,8000,9800,11000,15000,16000,17000,17000,18000,61682,750,1100.0,3591.4485516325703,42.19519999605836,17679.613100001006,2090.325038098635
1764633978,2137,,Aggregated,211.300000,23.700000,1100,5000,6800,8000,9800,11000,15000,16000,17000,17000,18000,61871,750,1100.0,3603.655571757366,42.19519999605836,17679.613100001006,2090.333468022175
1764633979,2143,,Aggregated,208.200000,17.200000,1100,5000,6900,8000,9800,11000,15000,16000,17000,17000,18000,62033,767,1100.0,3616.0891855270606,42.19519999605836,17679.613100001006,2090.823755098093
1764633980,2149,,Aggregated,201.200000,14.300000,1100,5100,6900,8100,9900,11000,15000,16000,17000,17000,18000,62258,810,1100.0,3631.7861938064184,42.19519999605836,17679.613100001006,2089.0750586270037
1764633981,2155,,Aggregated,194.300000,13.300000,1100,5100,6900,8100,9900,11000,15000,16000,17000,17000,18000,62484,846,1100.0,3649.1977977786273,42.19519999605836,17679.613100001006,2087.875728186416
1764633982,2161,,Aggregated,193.100000,15.500000,1200,5100,7000,8200,9900,11000,15000,16000,17000,17000,18000,62706,911,1200.0,3665.752436959781,42.19519999605836,17679.613100001006,2086.306238637451
1764633983,2167,,Aggregated,190.400000,14.000000,1200,5200,7000,8200,9900,11000,15000,16000,17000,17000,18000,62947,933,1200.0,3683.9926427502505,42.19519999605836,17679.613100001006,2084.62166584587
1764633984,2173,,Aggregated,193.700000,16.000000,1200,5200,7100,8200,10000,11000,15000,16000,17000,17000,18000,63161,967,1200.0,3699.945133489021,42.19519999605836,17679.613100001006,2083.7586960307785
1764633985,2179,,Aggregated,200.700000,22.700000,1200,5200,7100,8300,10000,12000,15000,16000,17000,17000,18000,63346,975,1200.0,3709.2246498579243,42.19519999605836,17679.613100001006,2082.374167271809
1764633986,2185,,Aggregated,203.700000,24.300000,1200,5200,7100,8300,10000,12000,15000,16000,17000,17000,18000,63523,984,1200.0,3720.8072195267837,42.19519999605836,18236.366799996176,2082.288100373093
1764633987,2191,,Aggregated,205.700000,24.800000,1200,5200,7100,8300,10000,12000,15000,16000,17000,17000,18000,63714,1033,1200.0,3734.145559282102,42.19519999605836,18236.366799996176,2080.7159807891517
1764633988,2197,,Aggregated,202.700000,25.400000,1200,5300,7200,8400,10000,12000,15000,16000,17000,18000,18000,63939,1103,1200.0,3750.4100194028692,42.19519999605836,18236.366799996176,2078.2816903611256
1764633989,2203,,Aggregated,202.100000,25.000000,1200,5300,7200,8400,10000,12000,15000,16000,17000,18000,18000,64146,1157,1200.0,3762.4652412044416,42.19519999605836,18236.366799996176,2075.843965329093
1764633990,2209,,Aggregated,203.100000,29.200000,1300,5300,7200,8500,10000,12000,15000,16000,17000,18000,18000,64381,1204,1300.0,3779.0501504077306,42.19519999605836,18236.366799996176,2074.287709106724
1764633991,2215,,Aggregated,208.800000,36.700000,1300,5300,7300,8500,10000,12000,15000,16000,17000,18000,18000,64626,1213,1300.0,3795.8711745303726,42.19519999605836,18236.366799996176,2073.981849410454
1764633992,2221,,Aggregated,210.000000,39.700000,1300,5400,7300,8500,10000,12000,15000,16000,17000,18000,18000,64824,1217,1300.0,3806.7168178622087,42.19519999605836,18236.366799996176,2073.4505121559914
1764633993,2227,,Aggregated,212.000000,38.500000,1300,5400,7400,8500,10000,12000,15000,16000,17000,18000,18000,65050,1240,1300.0,3818.403802953109,42.19519999605836,18236.366799996176,2072.574957724827
1764633994,2233,,Aggregated,215.000000,36.300000,1300,5400,7400,8600,10000,12000,15000,16000,17000,18000,18000,65247,1273,1300.0,3827.5966101843737,42.19519999605836,18236.366799996176,2071.7891550569375
1764633995,2240,,Aggregated,207.900000,29.900000,1300,5400,7400,8600,10000,12000,15000,16000,17000,18000,18000,65406,1303,1300.0,3839.794179394857,42.19519999605836,18236.366799996176,2072.714552181757
1764633996,2246,,Aggregated,208.800000,30.100000,1300,5400,7500,8600,10000,12000,15000,16000,17000,18000,18000,65627,1360,1300.0,3854.4783800798496,42.19519999605836,18236.366799996176,2071.29344629497
1764633997,2252,,Aggregated,205.600000,31.700000,1300,5500,7500,8700,10000,12000,15000,16000,17000,18000,18000,65852,1422,1300.0,3867.717024620366,42.19519999605836,18236.366799996176,2069.3328220858893
1764633998,2258,,Aggregated,206.400000,34.100000,1400,5500,7600,8700,10000,12000,15000,16000,17000,18000,18000,66081,1465,1400.0,3881.9378883098075,42.19519999605836,18236.366799996176,2069.4469060698234
1764633999,2264,,Aggregated,209.800000,37.500000,1400,5500,7600,8700,10000,12000,15000,16000,17000,18000,18000,66296,1484,1400.0,3894.755178321474,42.19519999605836,18236.366799996176,2070.425093519971
1764634000,2270,,Aggregated,212.900000,38.100000,1400,5600,7700,8800,10000,12000,15000,16000,17000,18000,18000,66529,1505,1400.0,3908.2201826662126,42.19519999605836,18236.366799996176,2071.9487742187616
1764634001,2276,,Aggregated,211.600000,35.300000,1400,5600,7700,8800,10000,12000,15000,16000,17000,18000,18000,66726,1524,1400.0,3919.745863679829,42.19519999605836,18236.366799996176,2072.7484039205106
1764634002,2282,,Aggregated,212.100000,30.900000,1400,5600,7800,8800,10000,12000,15000,16000,17000,18000,18000,66940,1587,1400.0,3933.6705524917897,42.19519999605836,18236.366799996176,2072.7414998506124
1764634003,2288,,Aggregated,212.600000,29.800000,1400,5600,7800,8800,10000,12000,15000,16000,17000,18000,18000,67174,1652,1400.0,3951.5255059874385,42.19519999605836,18236.366799996176,2070.8258403548994
1764634004,2294,,Aggregated,207.500000,31.200000,1400,5700,7800,8900,10000,12000,15000,16000,17000,18000,18000,67373,1682,1400.0,3965.3748479286996,42.19519999605836,18236.366799996176,2069.7391833523816
1764634005,2300,,Aggregated,212.300000,37.700000,1500,5700,7900,8900,10000,12000,15000,16000,17000,18000,18000,67582,1692,1500.0,3977.000891561362,42.19519999605836,18236.366799996176,2069.281938977834
1764634006,2306,,Aggregated,212.800000,41.600000,1500,5700,7900,9000,10000,12000,15000,16000,17000,18000,18000,67856,1743,1500.0,3995.5506603233225,42.19519999605836,18236.366799996176,2067.1448655977365
1764634007,2312,,Aggregated,213.600000,40.000000,1500,5800,8000,9000,10000,12000,15000,16000,17000,18000,18000,68052,1756,1500.0,4006.233540377936,42.19519999605836,18236.366799996176,2066.4673778874976
1764634008,2318,,Aggregated,216.500000,37.600000,1500,5800,8000,9000,10000,12000,15000,16000,17000,18000,18000,68246,1791,1500.0,4015.4965277906313,42.19519999605836,18236.366799996176,2064.6421475251295
1764634009,2324,,Aggregated,220.900000,38.000000,1500,5800,8000,9000,10000,12000,15000,16000,17000,18000,18000,68423,1859,1500.0,4025.623226716154,42.19519999605836,18236.366799996176,2062.1742981161306
1764634010,2330,,Aggregated,218.200000,33.500000,1600,5800,8100,9100,10000,12000,15000,16000,17000,18000,18000,68666,1984,1600.0,4042.4936300585396,42.19519999605836,18236.366799996176,2058.3068767657937
1764634011,2336,,Aggregated,215.300000,33.100000,1600,5900,8100,9100,10000,12000,15000,16000,17000,18000,18000,68930,2065,1600.0,4059.261495994482,42.19519999605836,18236.366799996176,2055.467300159582
1764634012,2342,,Aggregated,212.000000,38.400000,1600,5900,8100,9200,10000,12000,15000,16000,17000,18000,18000,69159,2125,1600.0,4073.795875015542,42.19519999605836,18236.366799996176,2053.9479894156943
1764634013,2348,,Aggregated,211.800000,48.100000,1600,5900,8200,9200,10000,12000,15000,16000,17000,18000,18000,69399,2193,1600.0,4087.666445199496,42.19519999605836,18236.366799996176,2051.823642991974
1764634014,2354,,Aggregated,219.300000,54.100000,1700,6000,8200,9200,10000,12000,15000,16000,17000,18000,18000,69621,2244,1700.0,4100.4981034558505,42.19519999605836,18236.366799996176,2050.1972106117405
1764634015,2360,,Aggregated,220.200000,53.400000,1700,6000,8300,9300,10000,12000,15000,16000,17000,18000,18000,69856,2307,1700.0,4112.905862797756,42.19519999605836,18236.366799996176,2047.2440162620248
1764634016,2366,,Aggregated,221.300000,53.900000,1700,6000,8300,9300,10000,12000,16000,16000,17000,18000,18000,70049,2372,1700.0,4121.741708415541,42.19519999605836,18236.366799996176,2044.480292366772
1764634017,2372,,Aggregated,223.400000,56.200000,1700,6100,8300,9300,10000,12000,16000,16000,17000,18000,18000,70303,2462,1700.0,4136.517000416775,42.19519999605836,18236.366799996176,2041.6711093409954
1764634018,2378,,Aggregated,225.400000,61.700000,1700,6100,8400,9300,10000,12000,16000,16000,17000,18000,18000,70546,2541,1700.0,4149.218755712588,42.19519999605836,18236.366799996176,2039.0005103053327
1764634019,2384,,Aggregated,218.100000,62.700000,1800,6100,8400,9400,10000,12000,16000,16000,17000,18000,18000,70775,2605,1800.0,4161.326825364893,42.19519999605836,18236.366799996176,2036.3850936064994
1764634020,2390,,Aggregated,224.100000,70.700000,1800,6200,8400,9400,10000,12000,16000,16000,17000,18000,18000,71042,2665,1800.0,4173.470876183107,42.19519999605836,18236.366799996176,2033.4863179527604
1764634021,2396,,Aggregated,229.600000,74.600000,1800,6200,8500,9400,10000,12000,16000,16000,17000,18000,18000,71272,2716,1800.0,4183.866260668991,42.19519999605836,18236.366799996176,2031.0940341227972
1764634022,2402,,Aggregated,233.900000,73.400000,1800,6200,8500,9400,10000,12000,16000,16000,17000,18000,18000,71501,2801,1800.0,4195.463323150731,42.19519999605836,18236.366799996176,2027.7844365813066
1764634023,2408,,Aggregated,236.800000,67.900000,1800,6300,8500,9400,10000,12000,16000,16000,17000,18000,18000,71738,2870,1800.0,4207.7511865664,42.19519999605836,18236.366799996176,2025.6990158632802
1764634025,2414,,Aggregated,232.500000,67.200000,1900,6300,8600,9500,10000,12000,16000,16000,17000,18000,18000,71966,2946,1900.0,4217.560065524006,42.19519999605836,18236.366799996176,2022.8317260928773
1764634026,2420,,Aggregated,232.200000,67.300000,1900,6300,8600,9500,10000,12000,16000,16000,17000,18000,18000,72192,3018,1900.0,4227.901822865422,42.19519999605836,18236.366799996176,2019.9151013962767
1764634027,2426,,Aggregated,232.900000,69.800000,1900,6400,8600,9500,10000,12000,16000,16000,17000,18000,18000,72415,3097,1900.0,4239.286152377281,42.19519999605836,18236.366799996176,2017.327390733964
1764634028,2432,,Aggregated,232.400000,70.800000,1900,6400,8700,9500,10000,12000,16000,16000,17000,18000,18000,72653,3204,1900.0,4250.81672592323,42.19519999605836,18236.366799996176,2013.7076514390321
1764634029,2438,,Aggregated,235.100000,72.100000,1900,6400,8700,9500,10000,12000,16000,16000,17000,18000,18000,72890,3308,1900.0,4263.603026688165,42.19519999605836,18236.366799996176,2010.7859651529702
1764634030,2445,,Aggregated,232.900000,73.600000,2000,6500,8700,9500,10000,12000,16000,16000,17000,18000,18000,73134,3409,2000.0,4274.520334938608,42.19519999605836,18236.366799996176,2006.933204802144
1764634031,2451,,Aggregated,232.400000,75.900000,2000,6500,8800,9600,10000,12000,16000,16000,17000,18000,18000,73420,3513,2000.0,4288.93178927812,42.19519999605836,18236.366799996176,2003.1283573958049
1764634032,2457,,Aggregated,233.400000,79.200000,2000,6600,8800,9600,10000,12000,16000,16000,17000,18000,18000,73690,3601,2000.0,4300.438795475635,42.19519999605836,18236.366799996176,2000.3516352286606
1764634033,2463,,Aggregated,237.000000,84.700000,2000,6600,8800,9600,10000,12000,16000,16000,17000,18000,18000,73929,3674,2000.0,4309.654966842511,42.19519999605836,18236.366799996176,1998.5073651746945
1764634034,2469,,Aggregated,241.000000,88.500000,2000,6600,8800,9600,10000,12000,16000,16000,17000,18000,18000,74151,3774,2000.0,4318.885435176864,42.19519999605836,18236.366799996176,1994.74287602325
1764634035,2475,,Aggregated,241.400000,86.800000,2100,6700,8900,9600,10000,12000,16000,16000,17000,18000,18000,74381,3893,2100.0,4331.349863704432,42.19519999605836,18236.366799996176,1990.820639679488
1764634036,2481,,Aggregated,239.700000,89.700000,2100,6700,8900,9600,10000,12000,16000,16000,17000,18000,18000,74799,4162,2100.0,4352.033644602192,42.19519999605836,18236.366799996176,1983.8713886549285
1764634037,2487,,Aggregated,239.900000,93.600000,2200,6800,8900,9600,10000,12000,16000,16000,17000,18000,18000,75172,4388,2200.0,4365.239918323302,42.19519999605836,18236.366799996176,1977.8762704198373
1764634038,2493,,Aggregated,258.100000,113.000000,2200,6800,8900,9600,10000,12000,15000,16000,17000,18000,18000,75362,4407,2200.0,4366.590757782426,42.19519999605836,18236.366799996176,1976.9559725060376
1764634039,2499,,Aggregated,275.500000,129.200000,2200,6800,8900,9600,10000,12000,15000,16000,17000,18000,18000,75554,4435,2200.0,4369.9123832517025,42.19519999605836,18236.366799996176,1976.508761945099
1764634040,2505,,Aggregated,269.900000,120.500000,2200,6800,8900,9600,10000,12000,15000,16000,17000,18000,18000,75711,4470,2200.0,4375.315418726462,42.19519999605836,18236.366799996176,1975.6917092628548
1764634041,2511,,Aggregated,265.800000,112.700000,2200,6800,8900,9600,10000,12000,15000,16000,17000,18000,18000,75953,4546,2200.0,4386.978037503445,42.19519999605836,18236.366799996176,1973.7313996813818
1764634042,2517,,Aggregated,257.100000,106.500000,2300,6900,8900,9600,10000,12000,15000,16000,17000,18000,18000,76150,4606,2300.0,4394.843996921855,42.19519999605836,18236.366799996176,1972.177426132633
1764634043,2523,,Aggregated,250.900000,102.400000,2300,6900,8900,9600,10000,12000,15000,16000,17000,18000,18000,76371,4687,2300.0,4401.437446425988,42.19519999605836,18236.366799996176,1969.0781972214584
1764634044,2529,,Aggregated,244.400000,99.600000,2300,6900,9000,9600,10000,12000,15000,16000,17000,18000,18000,76662,4807,2300.0,4415.98938267067,42.19519999605836,18236.366799996176,1966.07583939892
1764634045,2535,,Aggregated,243.100000,101.000000,2400,7000,9000,9600,10000,12000,15000,16000,17000,18000,18000,76926,4902,2400.0,4428.303813645563,42.19519999605836,18236.366799996176,1963.685021969165
1764634046,2541,,Aggregated,249.300000,102.700000,2400,7000,9000,9700,10000,12000,15000,16000,17000,18000,18000,77211,5007,2400.0,4440.640810712195,42.19519999605836,18236.366799996176,1960.329940034451
1764634047,2547,,Aggregated,252.600000,100.700000,2400,7000,9000,9700,10000,12000,15000,16000,17000,18000,18000,77443,5101,2400.0,4445.383067696232,42.19519999605836,18236.366799996176,1956.699546763426
1764634048,2553,,Aggregated,242.400000,85.300000,2500,7100,9100,9700,10000,12000,15000,16000,17000,18000,18000,77851,5396,2500.0,4465.910943480485,42.19519999605836,18236.366799996176,1948.618810291454
1764634049,2559,,Aggregated,224.100000,69.700000,2600,7200,9100,9700,10000,12000,15000,16000,17000,18000,18000,78295,5708,2600.0,4486.199919735605,42.19519999605836,18236.366799996176,1940.476147902165
1764634050,2565,,Aggregated,244.400000,93.400000,2700,7200,9100,9700,10000,12000,15000,16000,17000,18000,18000,78637,5881,2700.0,4496.16634975774,42.19519999605836,18236.366799996176,1934.4966237267445
1764634051,2571,,Aggregated,269.000000,123.400000,2700,7200,9100,9700,10000,12000,15000,16000,17000,18000,18000,78900,5897,2700.0,4496.231626741437,42.19519999605836,18236.366799996176,1932.2721419518377
1764634052,2577,,Aggregated,288.300000,140.200000,2700,7200,9100,9700,10000,12000,15000,16000,17000,18000,18000,79114,5934,2700.0,4496.50111549409,42.19519999605836,18236.366799996176,1929.6002224637864
1764634053,2583,,Aggregated,293.500000,135.900000,2700,7200,9100,9700,10000,12000,15000,16000,17000,18000,18000,79347,5981,2700.0,4501.660751434831,42.19519999605836,18236.366799996176,1929.1368041639885
1764634054,2589,,Aggregated,295.300000,133.000000,2700,7300,9100,9700,10000,12000,15000,16000,17000,18000,18000,79541,6015,2700.0,4505.977554236172,42.19519999605836,18236.366799996176,1928.1968670245533
1764634055,2595,,Aggregated,292.000000,128.800000,2700,7300,9100,9700,10000,12000,15000,16000,17000,18000,18000,79694,6074,2700.0,4509.676796891855,42.19519999605836,18236.366799996176,1926.4926845182824
1764634056,2601,,Aggregated,286.300000,119.900000,2700,7300,9100,9700,10000,12000,15000,16000,17000,18000,18000,79876,6169,2700.0,4517.009109812706,42.19519999605836,18236.366799996176,1924.1521733687216
1764634057,2607,,Aggregated,274.300000,115.600000,2800,7400,9100,9700,10000,12000,15000,16000,17000,18000,18000,80104,6271,2800.0,4527.263393698189,42.19519999605836,18236.366799996176,1921.8938255268151
1764634058,2613,,Aggregated,260.800000,112.400000,2800,7400,9200,9700,10000,12000,15000,16000,17000,18000,18000,80356,6370,2800.0,4537.203384927068,42.19519999605836,18236.366799996176,1919.3641420677982
1764634059,2619,,Aggregated,260.200000,114.800000,2800,7400,9200,9700,10000,12000,15000,16000,17000,18000,18000,80609,6464,2800.0,4545.675781050492,42.19519999605836,18236.366799996176,1916.5095708915878
1764634060,2625,,Aggregated,246.400000,98.500000,2900,7500,9200,9700,10000,12000,15000,16000,17000,18000,18000,80939,6617,2900.0,4559.240238642665,42.19519999605836,18236.366799996176,1912.1845093218349
1764634061,2631,,Aggregated,228.000000,76.100000,2900,7600,9200,9700,10000,12000,15000,16000,17000,18000,18000,81303,6804,2900.0,4574.704177753574,42.19519999605836,18236.366799996176,1906.8515183941552
1764634062,2638,,Aggregated,220.300000,67.400000,2900,7600,9300,9800,10000,12000,15000,16000,17000,18000,18000,81654,7015,2900.0,4589.181711831613,42.19519999605836,18236.366799996176,1901.008340069072
1764634063,2644,,Aggregated,227.100000,82.200000,3000,7700,9300,9800,10000,12000,15000,16000,17000,18000,18000,81989,7196,3000.0,4602.239303835861,42.19519999605836,18236.366799996176,1896.0415543548525
1764634064,2650,,Aggregated,236.800000,95.800000,3000,7700,9300,9800,10000,12000,15000,16000,17000,18000,18000,82329,7403,3000.0,4616.583176121389,42.19519999605836,18236.366799996176,1890.9799341665755
1764634065,2656,,Aggregated,251.600000,112.100000,3100,7700,9300,9800,10000,12000,15000,16000,17000,18000,18000,82556,7480,3100.0,4622.761671569575,42.19519999605836,18236.366799996176,1888.0161102766606
1764634066,2662,,Aggregated,265.000000,130.400000,3100,7800,9300,9800,10000,12000,15000,16000,17000,18000,18000,82850,7576,3100.0,4630.169249588386,42.19519999605836,18236.366799996176,1884.5506578153288
1764634067,2669,,Aggregated,276.600000,138.400000,3100,7800,9300,9800,10000,12000,15000,16000,17000,18000,18000,83079,7643,3100.0,4634.386422273957,42.19519999605836,18236.366799996176,1882.483551800094
1764634068,2675,,Aggregated,285.600000,138.400000,3100,7800,9300,9800,10000,12000,15000,16000,17000,18000,18000,83266,7698,3100.0,4637.088419932482,42.19519999605836,18236.366799996176,1880.1217783969448
1764634069,2681,,Aggregated,293.800000,137.400000,3100,7800,9300,9800,10000,12000,15000,16000,17000,18000,18000,83459,7757,3100.0,4642.051241384367,42.19519999605836,18236.366799996176,1879.4285457530045
1764634070,2687,,Aggregated,290.300000,133.800000,3200,7900,9300,9800,10000,12000,15000,16000,17000,18000,18000,83675,7853,3200.0,4650.376427664151,42.19519999605836,18236.366799996176,1878.7071765760381
1764634071,2693,,Aggregated,283.600000,129.000000,3200,7900,9400,9800,10000,12000,15000,16000,17000,18000,18000,83896,7937,3200.0,4657.242909707224,42.19519999605836,18236.366799996176,1877.1928220654142
1764634072,2699,,Aggregated,276.600000,125.400000,3200,7900,9400,9800,10000,12000,15000,16000,17000,18000,18000,84213,8075,3200.0,4669.669333232365,42.19519999605836,18236.366799996176,1874.4410839181598
1764634073,2705,,Aggregated,261.300000,116.800000,3300,8000,9400,9800,10000,12000,15000,16000,17000,18000,18000,84510,8176,3300.0,4679.979326338862,42.19519999605836,18236.366799996176,1872.3964146254882
1764634074,2711,,Aggregated,257.200000,112.000000,3400,8000,9400,9800,10000,12000,15000,16000,17000,18000,18000,84931,8475,3400.0,4697.078750022939,42.19519999605836,18236.366799996176,1865.3530042034122
1764634075,2717,,Aggregated,252.200000,101.900000,3400,8100,9400,9800,10000,12000,15000,16000,17000,18000,18000,85236,8686,3400.0,4707.091795374004,42.19519999605836,18236.366799996176,1860.288739499742
1764634076,2729,,Aggregated,245.600000,92.000000,3400,8100,9400,9800,10000,12000,15000,16000,17000,18000,18000,85588,8787,3400.0,4716.599419300587,42.19519999605836,18236.366799996176,1859.0739472823293
1764634077,2735,,Aggregated,265.400000,114.500000,3500,8100,9400,9800,10000,12000,15000,16000,17000,18000,18000,85851,8866,3500.0,4723.953535758453,42.19519999605836,18236.366799996176,1856.8876075992125
1764634078,2741,,Aggregated,266.800000,120.900000,3500,8100,9400,9900,10000,12000,15000,16000,17000,18000,18000,86039,8938,3500.0,4727.457723133684,42.19519999605836,18236.366799996176,1854.598891200502
1764634079,2747,,Aggregated,274.400000,121.900000,3500,8200,9400,9900,10000,12000,15000,16000,17000,18000,18000,86249,9044,3500.0,4734.794588802178,42.19519999605836,18236.366799996176,1852.262646523438
1764634080,2753,,Aggregated,275.200000,122.400000,3500,8200,9400,9900,10000,12000,15000,16000,17000,18000,18000,86583,9167,3500.0,4746.750250715489,42.19519999605836,18236.366799996176,1849.7625630897521
1764634081,2759,,Aggregated,275.000000,125.000000,3500,8200,9400,9900,10000,12000,15000,16000,17000,18000,18000,86819,9242,3500.0,4752.660176120429,42.19519999605836,18236.366799996176,1847.9694652092285
1764634082,2765,,Aggregated,280.000000,128.300000,3600,8200,9400,9900,10000,12000,15000,16000,17000,18000,18000,87037,9326,3600.0,4756.850967034708,42.19519999605836,18236.366799996176,1845.4957776577778
1764634083,2771,,Aggregated,292.400000,131.100000,3600,8200,9400,9900,10000,12000,15000,16000,17000,18000,18000,87301,9433,3600.0,4764.796462081767,42.19519999605836,18236.366799996176,1842.5801880849017
1764634084,2777,,Aggregated,286.400000,125.600000,3600,8300,9500,9900,10000,12000,15000,16000,17000,18000,18000,87558,9512,3600.0,4773.020292094387,42.19519999605836,18236.366799996176,1841.1607848511844
1764634085,2783,,Aggregated,279.400000,125.200000,3600,8300,9500,9900,10000,12000,15000,16000,17000,18000,18000,87779,9592,3600.0,4778.1549878547285,42.19519999605836,18236.366799996176,1838.7901320361361
1764634086,2789,,Aggregated,276.400000,121.800000,3600,8300,9500,9900,10000,12000,15000,16000,17000,18000,18000,88100,9761,3600.0,4789.569504169125,42.19519999605836,18236.366799996176,1834.9299659477865
1764634087,2795,,Aggregated,254.800000,95.100000,3700,8300,9500,9900,10000,12000,15000,16000,17000,18000,18000,88450,10021,3700.0,4804.440193630294,42.19519999605836,18236.366799996176,1829.1056755228942
1764634088,2801,,Aggregated,252.600000,91.000000,3800,8400,9500,9900,10000,12000,15000,16000,17000,18000,18000,88916,10381,3800.0,4822.589377339286,42.19519999605836,18236.366799996176,1821.0965068154212
1764634089,2807,,Aggregated,248.600000,98.800000,3800,8400,9500,9900,10000,12000,15000,16000,17000,18000,18000,89258,10575,3800.0,4833.392136409062,42.19519999605836,18236.366799996176,1817.1176477178517
1764634090,2813,,Aggregated,263.200000,121.200000,3800,8400,9500,9900,10000,12000,15000,16000,17000,18000,18000,89551,10659,3800.0,4837.380008097064,42.19519999605836,18236.366799996176,1814.656988755011
1764634092,2819,,Aggregated,298.700000,151.800000,3900,8400,9500,9900,10000,12000,15000,16000,17000,18000,18000,89892,10763,3900.0,4843.739690568682,42.19519999605836,18236.366799996176,1812.01391670004
1764634093,2825,,Aggregated,293.600000,147.200000,3900,8400,9500,9900,10000,12000,15000,16000,17000,18000,18000,90116,10830,3900.0,4846.598659825114,42.19519999605836,18236.366799996176,1810.2397909361268
1764634094,2831,,Aggregated,292.100000,148.000000,3900,8400,9500,10000,10000,12000,15000,16000,17000,18000,18000,90329,10912,3900.0,4850.6852994276505,42.19519999605836,18236.366799996176,1808.1099646846528
1764634095,2837,,Aggregated,300.100000,146.800000,3900,8400,9500,10000,10000,12000,15000,16000,17000,18000,18000,90576,11002,3900.0,4857.23873546966,42.19519999605836,18236.366799996176,1806.030582052641
1764634096,2843,,Aggregated,295.500000,147.300000,4000,8400,9500,10000,10000,12000,15000,16000,17000,18000,18000,90849,11100,4000.0,4865.93007450385,42.19519999605836,18236.366799996176,1804.2363152043501
1764634097,2849,,Aggregated,296.100000,147.200000,4000,8400,9500,10000,10000,12000,15000,16000,17000,18000,18000,91161,11223,4000.0,4874.434709723459,42.19519999605836,18236.366799996176,1801.4602735819046
1764634098,2855,,Aggregated,298.000000,147.100000,4000,8500,9500,10000,10000,12000,15000,16000,17000,18000,18000,91409,11288,4000.0,4879.842458146353,42.19519999605836,18236.366799996176,1800.0309159929548
1764634099,2861,,Aggregated,295.900000,140.300000,4000,8500,9500,10000,10000,12000,15000,16000,17000,18000,18000,91624,11350,4000.0,4884.168910030123,42.19519999605836,18236.366799996176,1798.378765388981
1764634100,2867,,Aggregated,282.800000,118.400000,4000,8500,9500,10000,10000,12000,15000,16000,17000,18000,18000,91898,11453,4000.0,4891.513026367275,42.19519999605836,18236.366799996176,1796.1772617467193
1764634101,2873,,Aggregated,257.000000,89.600000,4100,8500,9600,10000,10000,12000,15000,16000,17000,18000,18000,92174,11583,4100.0,4900.76895185193,42.19519999605836,18236.366799996176,1793.4414693948402
1764634102,2879,,Aggregated,251.500000,84.200000,4100,8500,9600,10000,10000,12000,15000,16000,17000,18000,18000,92517,11764,4100.0,4913.174714243864,42.19519999605836,18236.366799996176,1789.4438967973454
1764634103,2885,,Aggregated,249.100000,88.900000,4200,8600,9600,10000,10000,12000,15000,16000,17000,18000,18000,92851,11962,4200.0,4926.097720033178,42.19519999605836,18236.366799996176,1785.376764924449
1764634104,2891,,Aggregated,261.200000,96.300000,4200,8600,9600,10000,10000,12000,15000,16000,17000,18000,18000,93203,12184,4200.0,4938.636931508646,42.19519999605836,18236.366799996176,1780.7721210690643
1764634105,2898,,Aggregated,267.700000,109.600000,4200,8600,9600,10000,10000,12000,15000,16000,17000,18000,18000,93603,12455,4200.0,4952.306396168926,42.19519999605836,18236.366799996176,1774.9967201905922
1764634106,2904,,Aggregated,277.000000,119.600000,4300,8600,9600,10000,10000,12000,15000,16000,17000,18000,18000,93876,12544,4300.0,4956.823500705187,42.19519999605836,18236.366799996176,1772.4702053773062
1764634107,2910,,Aggregated,295.100000,140.400000,4300,8600,9600,10000,10000,12000,15000,16000,17000,18000,18000,94174,12662,4300.0,4962.210711728291,42.19519999605836,18236.366799996176,1769.5486439994054
1764634108,2916,,Aggregated,296.500000,142.800000,4300,8600,9600,10000,10000,12000,15000,16000,17000,18000,18000,94368,12716,4300.0,4964.331505570748,42.19519999605836,18236.366799996176,1767.7846197863682
1764634109,2922,,Aggregated,297.400000,140.800000,4300,8600,9600,10000,10000,12000,15000,16000,17000,18000,18000,94722,12851,4300.0,4972.737800680942,42.19519999605836,18236.366799996176,1767.025801820063
1764634110,2928,,Aggregated,296.300000,143.000000,4400,8600,9600,10000,10000,12000,15000,16000,17000,18000,18000,94949,12937,4400.0,4978.27708730161,42.19519999605836,18236.366799996176,1765.9325953933164
1764634111,2934,,Aggregated,303.800000,146.200000,4400,8700,9600,10000,10000,12000,15000,16000,17000,18000,18000,95236,13050,4400.0,4983.885009351509,42.19519999605836,18236.366799996176,1763.6739153261371
1764634112,2940,,Aggregated,304.000000,147.500000,4500,8700,9600,10000,10000,12000,15000,16000,17000,18000,18000,95530,13165,4500.0,4990.261335999164,42.19519999605836,18236.366799996176,1762.7605045535433
1764634113,2946,,Aggregated,303.500000,145.400000,4500,8700,9600,10000,10000,12000,15000,16000,17000,18000,18000,95750,13255,4500.0,4995.456509093474,42.19519999605836,18236.366799996176,1761.246997389034
1764634114,2952,,Aggregated,301.800000,141.700000,4500,8700,9600,10000,10000,12000,15000,16000,17000,18000,18000,96014,13332,4500.0,5001.921870637615,42.19519999605836,18236.366799996176,1759.9897619097214
1764634115,2958,,Aggregated,289.400000,130.800000,4600,8700,9700,10000,10000,12000,15000,16000,17000,18000,18000,96321,13486,4600.0,5011.601731789537,42.19519999605836,18236.366799996176,1758.08095846181
1764634116,2964,,Aggregated,284.000000,120.900000,4600,8700,9700,10000,10000,12000,15000,16000,17000,18000,18000,96655,13721,4600.0,5022.673307880606,42.19519999605836,18236.366799996176,1753.696859965858
1764634117,2970,,Aggregated,268.700000,100.200000,4700,8700,9700,10000,10000,12000,15000,16000,17000,18000,18000,97116,14031,4700.0,5035.784819453025,42.19519999605836,18236.366799996176,1747.754891058116
1764634118,2976,,Aggregated,266.000000,103.100000,4700,8800,9700,10000,10000,12000,15000,16000,17000,18000,18000,97487,14240,4700.0,5043.787683439847,42.19519999605836,18236.366799996176,1743.4265081498045
1764634119,2982,,Aggregated,286.300000,131.600000,4700,8800,9700,10000,10000,12000,15000,16000,17000,18000,18000,97722,14321,4700.0,5044.8861135343195,42.19519999605836,18236.366799996176,1740.4974314893268
1764634120,2988,,Aggregated,302.300000,144.800000,4700,8800,9700,10000,10000,12000,15000,16000,17000,18000,18000,97959,14401,4700.0,5048.5446829847215,42.19519999605836,18236.366799996176,1738.0746638899948
1764634121,2994,,Aggregated,303.700000,150.700000,4800,8800,9700,10000,10000,12000,15000,16000,17000,18000,18000,98308,14541,4800.0,5058.3969520557885,42.19519999605836,18236.366799996176,1735.5609309517029
1764634122,3000,,Aggregated,297.300000,144.300000,4800,8800,9700,10000,10000,12000,15000,16000,17000,18000,18000,98535,14624,4800.0,5063.266611930788,42.19519999605836,18236.366799996176,1733.9172679758462
1764634123,3006,,Aggregated,305.100000,147.800000,4800,8800,9700,10000,10000,12000,15000,16000,17000,18000,18000,98832,14757,4800.0,5070.227685449052,42.19519999605836,18236.366799996176,1731.093957422697
1764634124,3012,,Aggregated,300.800000,145.700000,4800,8800,9700,10000,10000,12000,15000,16000,17000,18000,18000,99063,14867,4800.0,5075.977927642014,42.19519999605836,18236.366799996176,1728.6959005885144
1764634125,3018,,Aggregated,306.500000,147.700000,4800,8800,9700,10000,10000,12000,15000,16000,17000,18000,18000,99319,14987,4800.0,5082.893509293294,42.19519999605836,18236.366799996176,1726.4989276976207
1764634126,3024,,Aggregated,304.000000,151.300000,4800,8800,9700,10000,10000,12000,15000,16000,17000,18000,18000,99603,15128,4800.0,5091.485367072284,42.19519999605836,18236.366799996176,1723.749816772587
1764634127,3030,,Aggregated,304.000000,156.300000,4900,8800,9700,10000,10000,12000,15000,16000,17000,18000,18000,99993,15338,4900.0,5102.219162915414,42.19519999605836,18236.366799996176,1719.893652555679
1764634128,3036,,Aggregated,303.600000,151.400000,4900,8900,9700,10000,10000,12000,15000,16000,17000,18000,18000,100261,15426,4900.0,5107.778435230057,42.19519999605836,18236.366799996176,1718.051525518397
1764634129,3042,,Aggregated,287.500000,133.000000,4900,8900,9700,10000,10000,12000,15000,16000,17000,18000,18000,100610,15631,4900.0,5118.290452506725,42.19519999605836,18236.366799996176,1714.4819898618427
1764634130,3048,,Aggregated,272.900000,120.600000,4900,8900,9700,10000,10000,12000,15000,16000,17000,18000,18000,100928,15815,4900.0,5127.407999095411,42.19519999605836,18236.366799996176,1710.9870006341155
1764634131,3054,,Aggregated,272.300000,116.100000,5000,8900,9700,10000,10000,12000,15000,16000,17000,18000,18000,101315,16059,5000.0,5139.052367721481,42.19519999605836,18236.366799996176,1706.5592755268224
1764634132,3060,,Aggregated,284.600000,133.500000,5000,8900,9700,10000,10000,12000,15000,16000,17000,18000,18000,101585,16125,5000.0,5144.218881876282,42.19519999605836,18236.366799996176,1705.1140030516317
1764634133,3067,,Aggregated,287.900000,140.900000,5000,8900,9700,10000,10000,12000,15000,16000,17000,18000,18000,101959,16306,5000.0,5152.920821082017,42.19519999605836,18236.366799996176,1701.4036132170775
1764634134,3074,,Aggregated,297.500000,151.700000,5000,8900,9700,10000,10000,12000,15000,16000,17000,18000,18000,102274,16445,5000.0,5158.508411912135,42.19519999605836,18236.366799996176,1698.4529890294698
1764634135,3080,,Aggregated,288.900000,142.700000,5000,8900,9800,10000,10000,12000,15000,16000,17000,18000,18000,102494,16540,5000.0,5162.037680135433,42.19519999605836,18236.366799996176,1696.879027064999
1764634136,3086,,Aggregated,313.800000,155.300000,5100,8900,9800,10000,10000,12000,15000,16000,17000,18000,18000,102774,16696,5100.0,5168.324905186144,41.42120000324212,18236.366799996176,1694.2063848833363
1764634137,3092,,Aggregated,312.300000,151.700000,5100,8900,9800,10000,10000,12000,15000,16000,17000,18000,18000,103033,16820,5100.0,5173.690141695387,41.42120000324212,18236.366799996176,1692.2044684712664
1764634138,3098,,Aggregated,310.300000,151.700000,5100,8900,9800,10000,10000,12000,15000,16000,17000,18000,18000,103325,16993,5100.0,5181.2298627979735,41.42120000324212,18236.366799996176,1689.4840164529398
1764634139,3104,,Aggregated,304.100000,148.900000,5100,9000,9800,10000,10000,12000,15000,16000,17000,18000,18000,103604,17134,5100.0,5187.843450421805,41.42120000324212,18236.366799996176,1687.3170533956218
1764634140,3110,,Aggregated,306.300000,152.600000,5100,9000,9800,10000,10000,12000,15000,16000,17000,18000,18000,103914,17312,5100.0,5195.275348365003,41.42120000324212,18236.366799996176,1684.6190022518622
1764634141,3116,,Aggregated,306.700000,158.300000,5200,9000,9800,10000,10000,12000,15000,16000,17000,18000,18000,104228,17510,5200.0,5203.659304774157,41.42120000324212,18236.366799996176,1681.6251870898416
1764634142,3122,,Aggregated,300.300000,149.900000,5200,9000,9800,10000,10000,12000,15000,16000,17000,18000,18000,104569,17736,5200.0,5211.126542921894,40.45089999999618,18236.366799996176,1677.9955531754154
1764634143,3128,,Aggregated,299.900000,150.700000,5200,9000,9800,10000,10000,12000,15000,16000,17000,18000,18000,104871,17907,5200.0,5216.03335503523,40.45089999999618,18236.366799996176,1674.7166804931774
1764634144,3136,,Aggregated,294.100000,150.900000,5200,9000,9800,10000,10000,12000,15000,16000,17000,18000,18000,105156,18062,5200.0,5224.153252385978,40.45089999999618,18236.366799996176,1672.2570086347903
1764634145,3142,,Aggregated,303.900000,166.000000,5200,9000,9800,10000,10000,12000,15000,16000,17000,18000,18000,105523,18254,5200.0,5234.1797103133895,40.45089999999618,18236.366799996176,1668.7235863271515
1764634146,3148,,Aggregated,285.900000,156.300000,5300,9000,9800,10000,10000,12000,15000,16000,17000,18000,18000,105764,18341,5300.0,5238.311092317802,40.45089999999618,18236.366799996176,1667.6013482848607
1764634147,3154,,Aggregated,287.400000,161.300000,5300,9000,9900,10000,10000,12000,15000,16000,17000,18000,18000,106054,18494,5300.0,5244.930752432727,40.45089999999618,18236.366799996176,1664.4625096648876
1764634148,3160,,Aggregated,298.600000,168.000000,5300,9100,9900,10000,10000,12000,15000,16000,17000,18000,18000,106427,18685,5300.0,5258.452919455586,40.45089999999618,18236.366799996176,1662.7332725718097
1764634149,3166,,Aggregated,296.200000,161.700000,5300,9100,9900,10000,10000,12000,15000,16000,17000,18000,18000,106706,18790,5300.0,5266.441772916228,40.45089999999618,18236.366799996176,1661.7641744606676
1764634150,3172,,Aggregated,301.200000,164.700000,5400,9100,9900,10000,10000,12000,15000,16000,17000,18000,18000,106988,18934,5400.0,5273.495382858801,40.45089999999618,18236.366799996176,1659.790967211276
1764634151,3178,,Aggregated,305.500000,165.000000,5400,9100,9900,10000,10000,12000,15000,16000,17000,18000,18000,107304,19089,5400.0,5279.445338004153,40.45089999999618,18236.366799996176,1656.9963375083873
1764634152,3184,,Aggregated,306.900000,163.700000,5400,9100,9900,10000,10000,12000,15000,16000,17000,18000,18000,107671,19287,5400.0,5288.330918001115,40.45089999999618,18236.366799996176,1653.9699083318628
1764634153,3190,,Aggregated,298.300000,155.200000,5400,9100,9900,10000,10000,12000,15000,16000,17000,18000,18000,107979,19443,5400.0,5295.293186430684,40.45089999999618,18236.366799996176,1651.3734707674641
1764634154,3196,,Aggregated,301.500000,151.900000,5400,9100,9900,10000,10000,12000,15000,16000,17000,18000,18000,108244,19539,5400.0,5300.3321243736245,40.45089999999618,18236.366799996176,1650.0811315176823
1764634155,3202,,Aggregated,305.200000,151.400000,5500,9100,9900,10000,10000,12000,15000,16000,17000,18000,18000,108499,19644,5500.0,5306.16394588428,40.45089999999618,18236.366799996176,1648.248158969207
1764634156,3208,,Aggregated,306.900000,152.500000,5500,9200,9900,10000,10000,12000,15000,16000,17000,18000,18000,108898,19856,5500.0,5317.71977032176,40.45089999999618,18236.366799996176,1644.8521919594482
1764634157,3214,,Aggregated,304.200000,145.400000,5500,9200,9900,10000,10000,12000,15000,16000,17000,18000,18000,109168,19922,5500.0,5322.21796576011,40.45089999999618,18236.366799996176,1643.973545361278
1764634158,3220,,Aggregated,298.100000,141.400000,5500,9200,9900,10000,10000,12000,15000,16000,17000,18000,18000,109394,19977,5500.0,5323.823238373218,40.45089999999618,18236.366799996176,1642.4295299559392
1764634159,3226,,Aggregated,309.500000,149.700000,5600,9200,9900,10000,10000,12000,15000,16000,17000,18000,18000,109750,20129,5600.0,5333.058035643733,40.45089999999618,18236.366799996176,1639.6237448747152
1764634160,3232,,Aggregated,303.800000,138.300000,5600,9200,10000,10000,10000,12000,15000,16000,17000,18000,18000,110101,20319,5600.0,5342.837569293641,40.45089999999618,18236.366799996176,1636.6740538233078
1764634161,3238,,Aggregated,294.200000,129.100000,5600,9200,10000,10000,10000,12000,15000,16000,17000,18000,18000,110414,20478,5600.0,5349.271369261138,40.45089999999618,18236.366799996176,1633.9594526056478
1764634162,3244,,Aggregated,300.200000,130.900000,5600,9200,10000,10000,10000,12000,15000,16000,17000,18000,18000,110718,20638,5600.0,5355.1825255712565,40.45089999999618,18236.366799996176,1630.9597084484908
1764634163,3250,,Aggregated,309.100000,137.900000,5700,9200,10000,10000,10000,12000,15000,16000,17000,18000,18000,111038,20788,5700.0,5362.035680150923,40.45089999999618,18236.366799996176,1628.4978295718583
1764634164,3256,,Aggregated,308.100000,137.700000,5700,9200,10000,10000,10000,12000,15000,16000,17000,18000,18000,111348,20980,5700.0,5370.586797701777,40.45089999999618,18236.366799996176,1625.5399378524985
1764634165,3262,,Aggregated,303.800000,134.200000,5700,9200,10000,10000,10000,12000,15000,16000,17000,18000,18000,111661,21118,5700.0,5377.52052408986,40.45089999999618,18236.366799996176,1623.45723215805
1764634166,3270,,Aggregated,305.000000,134.800000,5800,9300,10000,10000,10000,12000,15000,16000,17000,18000,18000,112123,21395,5800.0,5391.011066737404,40.45089999999618,18236.366799996176,1619.1159708534378
1764634167,3276,,Aggregated,308.100000,143.700000,5800,9300,10000,10000,10000,12000,15000,16000,17000,18000,18000,112443,21538,5800.0,5396.407036833741,40.45089999999618,18236.366799996176,1616.6351040082532
1764634168,3282,,Aggregated,312.400000,144.300000,5800,9300,10000,10000,10000,12000,15000,16000,17000,18000,18000,112707,21617,5800.0,5398.573515135667,40.45089999999618,18236.366799996176,1615.170787972353
1764634169,3288,,Aggregated,319.500000,152.700000,5800,9300,10000,10000,10000,12000,15000,16000,17000,18000,18000,112928,21637,5800.0,5401.539149649296,40.45089999999618,18236.366799996176,1614.8882650892604
1764634170,3294,,Aggregated,326.100000,161.700000,5800,9300,10000,10000,10000,12000,15000,16000,17000,18000,18000,113267,21790,5800.0,5410.607909614409,40.45089999999618,18236.366799996176,1612.8343030185315
1764634171,3300,,Aggregated,327.000000,162.500000,5900,9300,10000,10000,10000,12000,15000,16000,17000,18000,18000,113645,21989,5900.0,5420.11703316463,40.45089999999618,18236.366799996176,1610.1593206916275
1764634173,3306,,Aggregated,313.400000,145.400000,5900,9300,10000,10000,10000,12000,15000,16000,17000,18000,18000,114030,22181,5900.0,5426.319428742393,40.45089999999618,18236.366799996176,1607.2891168990616
1764634174,3312,,Aggregated,319.000000,148.900000,5900,9300,10000,10000,10000,12000,15000,16000,17000,18000,18000,114338,22286,5900.0,5429.3748028047985,40.45089999999618,18236.366799996176,1605.3778708740751
1764634175,3318,,Aggregated,327.500000,153.000000,6000,9300,10000,10000,10000,12000,15000,16000,17000,18000,18000,114625,22389,6000.0,5435.163537768325,40.45089999999618,18236.366799996176,1604.3473238822246
1764634176,3324,,Aggregated,325.200000,147.000000,6000,9300,10000,10000,10000,12000,15000,16000,17000,18000,18000,115033,22631,6000.0,5443.7584369823835,40.45089999999618,18236.366799996176,1600.8471482096443
1764634177,3331,,Aggregated,326.100000,140.100000,6000,9300,10000,10000,10000,12000,15000,16000,17000,18000,18000,115264,22705,6000.0,5445.584933077945,40.45089999999618,18236.366799996176,1599.673827040533
1764634178,3337,,Aggregated,333.500000,149.700000,6100,9300,10000,10000,10000,12000,15000,16000,17000,18000,18000,115617,22899,6100.0,5453.325466902762,40.45089999999618,18236.366799996176,1597.2428622088448
1764634179,3343,,Aggregated,307.700000,129.400000,6100,9300,10000,10000,10000,12000,15000,16000,17000,18000,18000,115945,23064,6100.0,5460.3896823002015,40.45089999999618,18236.366799996176,1594.9648109017207
1764634180,3349,,Aggregated,313.500000,134.600000,6100,9300,10000,10000,10000,12000,15000,16000,17000,18000,18000,116221,23160,6100.0,5465.86233689262,40.45089999999618,18236.366799996176,1593.5983428124005
1764634181,3355,,Aggregated,321.500000,143.700000,6100,9300,10000,10000,10000,12000,15000,16000,17000,18000,18000,116463,23230,6100.0,5468.8414642452735,40.45089999999618,18236.366799996176,1592.8835424126116
1764634182,3361,,Aggregated,325.100000,150.200000,6200,9300,10000,10000,10000,12000,15000,16000,17000,18000,18000,116925,23527,6200.0,5482.043744821866,40.45089999999618,18236.366799996176,1588.8258798375027
1764634183,3367,,Aggregated,316.600000,142.600000,6200,9300,10000,10000,10000,12000,15000,16000,17000,18000,18000,117207,23656,6200.0,5488.733749880952,40.45089999999618,18236.366799996176,1587.161253167473
1764634184,3373,,Aggregated,313.400000,142.000000,6200,9400,10000,10000,10000,12000,15000,16000,17000,18000,18000,117519,23805,6200.0,5493.329448703578,40.45089999999618,18236.366799996176,1584.7416417770744
1764634185,3379,,Aggregated,311.700000,145.300000,6300,9400,10000,10000,10000,12000,15000,16000,17000,18000,18000,117872,24005,6300.0,5501.561820908238,40.45089999999618,18236.366799996176,1581.7849616533188
1764634186,3385,,Aggregated,303.100000,141.500000,6300,9400,10000,10000,10000,12000,15000,16000,17000,18000,18000,118241,24199,6300.0,5509.719538857888,40.45089999999618,18236.366799996176,1579.6867245710032
1764634187,3391,,Aggregated,315.700000,158.300000,6300,9400,10000,10000,10000,12000,15000,16000,17000,18000,18000,118639,24422,6300.0,5517.83755469445,40.45089999999618,18236.366799996176,1577.0003034415327
1764634188,3397,,Aggregated,308.100000,151.100000,6300,9400,10000,10000,10000,12000,15000,16000,17000,18000,18000,118893,24500,6300.0,5520.325922668251,40.45089999999618,18236.366799996176,1575.935967634764
1764634189,3403,,Aggregated,329.100000,166.300000,6400,9400,10000,10000,10000,12000,15000,16000,17000,18000,18000,119190,24610,6400.0,5526.328276396478,40.45089999999618,18236.366799996176,1574.87934390469
1764634190,3409,,Aggregated,318.100000,158.000000,6400,9400,10000,10000,10000,12000,15000,16000,17000,18000,18000,119507,24728,6400.0,5533.414056641005,40.45089999999618,18236.366799996176,1574.3345745437505
1764634191,3415,,Aggregated,316.900000,152.500000,6400,9400,10000,10000,10000,12000,15000,16000,17000,18000,18000,119795,24855,6400.0,5539.6547512149655,40.45089999999618,18236.366799996176,1573.606160524229
1764634192,3421,,Aggregated,317.200000,151.500000,6500,9400,10000,10000,10000,12000,15000,16000,17000,18000,18000,120165,25027,6500.0,5547.912306752356,40.45089999999618,18236.366799996176,1572.0178504556236
1764634193,3428,,Aggregated,324.500000,157.400000,6500,9400,10000,10000,10000,12000,15000,16000,17000,18000,18000,120559,25239,6500.0,5557.903109212896,40.45089999999618,18236.366799996176,1570.9073150905365
1764634194,3434,,Aggregated,322.900000,156.100000,6500,9400,10000,10000,10000,12000,15000,16000,17000,18000,18000,120843,25339,6500.0,5559.988023635595,40.45089999999618,18236.366799996176,1569.4168632026679
1764634195,3440,,Aggregated,321.100000,150.000000,6500,9400,10000,10000,10000,12000,15000,16000,17000,18000,18000,121144,25514,6500.0,5564.614117068916,40.45089999999618,18236.366799996176,1567.0362461203197
1764634196,3446,,Aggregated,337.600000,161.400000,6600,9400,10000,10000,10000,12000,15000,16000,17000,18000,18000,121598,25776,6600.0,5573.572664232941,40.45089999999618,18236.366799996176,1563.1057912136712
1764634197,3452,,Aggregated,324.400000,147.800000,6600,9400,10000,10000,10000,12000,15000,16000,17000,18000,18000,121954,25897,6600.0,5579.529216073244,40.45089999999618,18236.366799996176,1561.984658149794
1764634198,3458,,Aggregated,329.500000,152.200000,6600,9400,10000,10000,10000,12000,15000,16000,17000,18000,18000,122227,25999,6600.0,5582.761960432605,40.45089999999618,18236.366799996176,1560.649291891317
1764634199,3464,,Aggregated,329.900000,148.100000,6700,9400,10000,10000,10000,12000,15000,16000,17000,18000,18000,122577,26218,6700.0,5589.561549764602,40.45089999999618,18236.366799996176,1557.6303955880794
1764634200,3470,,Aggregated,331.600000,147.800000,6700,9500,10000,10000,10000,12000,15000,16000,17000,18000,18000,122955,26431,6700.0,5596.676243402825,40.45089999999618,18236.366799996176,1554.5579764954657
1764634201,3476,,Aggregated,332.700000,153.300000,6700,9500,10000,10000,10000,12000,15000,16000,17000,18000,18000,123261,26609,6700.0,5600.914136691207,40.45089999999618,18236.366799996176,1551.8063539968036
1764634202,3482,,Aggregated,344.400000,169.200000,6700,9500,10000,10000,10000,12000,15000,16000,17000,18000,18000,123652,26821,6700.0,5607.499344060707,40.45089999999618,18236.366799996176,1548.992535502863
1764634203,3488,,Aggregated,346.200000,175.100000,6800,9500,10000,10000,10000,12000,15000,16000,17000,18000,18000,123918,26893,6800.0,5609.744180041597,40.45089999999618,18236.366799996176,1547.9314546716378
1764634204,3494,,Aggregated,342.400000,172.000000,6800,9500,10000,10000,10000,12000,15000,16000,17000,18000,18000,124291,27044,6800.0,5615.638729461468,40.45089999999618,18236.366799996176,1545.7639893475796
1764634205,3500,,Aggregated,343.900000,174.800000,6800,9500,10000,10000,10000,12000,15000,16000,17000,18000,18000,124646,27219,6800.0,5623.525609076857,40.45089999999618,18236.366799996176,1543.6102161320862
1764634206,3500,,Aggregated,333.500000,163.800000,6800,9500,10000,10000,10000,12000,15000,16000,17000,18000,18000,125079,27509,6800.0,5632.183790914492,40.45089999999618,18236.366799996176,1539.643361395598
1764634207,3500,,Aggregated,343.100000,164.300000,6900,9500,10000,10000,10000,12000,15000,16000,17000,18000,18000,125433,27698,6900.0,5636.589901352068,40.45089999999618,18236.366799996176,1536.7954525523587
1764634208,3500,,Aggregated,345.500000,169.300000,6900,9500,10000,10000,10000,12000,15000,16000,17000,18000,18000,125686,27782,6900.0,5638.671234993514,40.45089999999618,18236.366799996176,1535.470489951148
1764634209,3500,,Aggregated,348.300000,180.200000,6900,9500,10000,10000,10000,12000,15000,16000,17000,18000,18000,125935,27871,6900.0,5641.785836394136,40.45089999999618,18236.366799996176,1534.5638781911302
1764634210,3500,,Aggregated,347.600000,179.100000,6900,9500,10000,10000,10000,12000,15000,16000,17000,18000,18000,126388,28183,6900.0,5651.426543477986,40.45089999999618,18236.366799996176,1530.678426749375
1764634211,3500,,Aggregated,340.200000,171.700000,7000,9500,10000,10000,10000,12000,15000,16000,17000,18000,18000,126758,28411,7000.0,5657.978836689563,40.45089999999618,18236.366799996176,1527.8269458337936
1764634212,3500,,Aggregated,332.500000,164.800000,7000,9500,10000,10000,10000,12000,15000,16000,17000,18000,18000,127120,28599,7000.0,5661.803395475895,40.45089999999618,18236.366799996176,1525.1568911264947
1764634213,3500,,Aggregated,343.600000,177.200000,7000,9500,10000,10000,10000,12000,15000,16000,17000,18000,18000,127474,28812,7000.0,5667.460263331316,40.45089999999618,18236.366799996176,1522.3583005161836
1764634214,3500,,Aggregated,350.100000,182.800000,7000,9500,10000,10000,10000,12000,15000,16000,17000,18000,18000,127819,29018,7000.0,5670.916118105261,40.45089999999618,18236.366799996176,1519.4259773586086
1764634215,3500,,Aggregated,348.500000,181.200000,7100,9500,10000,10000,10000,12000,15000,16000,17000,18000,18000,128073,29088,7100.0,5672.361739778071,40.45089999999618,18236.366799996176,1518.2441342047114
1764634216,3500,,Aggregated,357.300000,197.800000,7100,9500,10000,10000,10000,12000,15000,16000,17000,18000,18000,128432,29289,7100.0,5680.045525034239,40.45089999999618,18236.366799996176,1515.785224866077
1764634217,3500,,Aggregated,348.200000,195.400000,7100,9500,10000,10000,10000,12000,15000,16000,17000,18000,18000,128749,29465,7100.0,5685.861951289708,40.45089999999618,18236.366799996176,1513.7137453494784
1764634218,3500,,Aggregated,338.600000,183.400000,7100,9500,10000,10000,10000,12000,15000,16000,17000,18000,18000,129228,29763,7100.0,5694.270301857952,40.45089999999618,18236.366799996176,1509.9145850744421
1764634219,3500,,Aggregated,328.300000,173.100000,7200,9500,10000,10000,10000,12000,15000,16000,17000,18000,18000,129554,29868,7200.0,5698.637227020399,40.45089999999618,18236.366799996176,1508.7781234079998
1764634220,3500,,Aggregated,335.600000,184.600000,7200,9500,10000,10000,10000,12000,15000,16000,17000,18000,18000,129901,30004,7200.0,5703.300792799138,40.45089999999618,18236.366799996176,1507.748069683836
1764634221,3500,,Aggregated,345.400000,196.400000,7200,9500,10000,10000,10000,12000,15000,16000,17000,18000,18000,130193,30142,7200.0,5705.642080955967,40.45089999999618,18236.366799996176,1505.6382678024165
1764634222,3500,,Aggregated,349.800000,189.500000,7200,9500,10000,10000,10000,12000,15000,16000,17000,18000,18000,130606,30413,7200.0,5713.715021573289,40.45089999999618,18236.366799996176,1502.546812550725
1764634223,3500,,Aggregated,337.000000,170.800000,7300,9500,10000,10000,10000,12000,15000,16000,17000,18000,18000,131001,30644,7300.0,5720.993405919801,40.45089999999618,18236.366799996176,1500.2518225051717
1764634224,3500,,Aggregated,330.600000,164.000000,7300,9500,10000,10000,10000,12000,15000,16000,17000,18000,18000,131332,30862,7300.0,5725.861965658787,40.45089999999618,18236.366799996176,1497.2985867876832
1764634225,3500,,Aggregated,336.600000,174.100000,7300,9500,10000,10000,10000,12000,15000,16000,17000,18000,18000,131597,30997,7300.0,5729.591976800385,40.45089999999618,18236.366799996176,1495.5118505741013
1764634226,3500,,Aggregated,339.300000,174.000000,7400,9500,10000,10000,10000,12000,15000,16000,17000,18000,18000,131981,31247,7400.0,5736.971089998556,40.45089999999618,18236.366799996176,1492.5119676317045
1764634227,3500,,Aggregated,344.400000,184.000000,7400,9500,10000,10000,10000,12000,15000,16000,17000,18000,18000,132356,31422,7400.0,5743.572631436426,40.45089999999618,18236.366799996176,1490.7537550243283
1764634228,3500,,Aggregated,339.800000,183.800000,7400,9500,10000,10000,10000,12000,15000,16000,17000,18000,18000,132672,31568,7400.0,5747.20229077876,40.45089999999618,18236.366799996176,1488.7583891099855
1764634229,3500,,Aggregated,349.800000,193.300000,7500,9600,10000,10000,10000,12000,15000,16000,17000,18000,18000,132954,31696,7500.0,5749.76018023301,40.45089999999618,18236.366799996176,1486.9151134979015
1764634230,3500,,Aggregated,345.900000,184.400000,7500,9600,10000,10000,10000,12000,15000,16000,17000,18000,18000,133295,31871,7500.0,5754.610702114116,40.45089999999618,18236.366799996176,1484.7951311001914
1764634231,3500,,Aggregated,344.500000,179.500000,7500,9600,10000,10000,10000,12000,15000,16000,17000,18000,18000,133658,32076,7500.0,5759.638888571587,40.45089999999618,18236.366799996176,1482.3389322000928
1764634232,3500,,Aggregated,336.300000,181.400000,7600,9600,10000,10000,10000,12000,15000,16000,17000,18000,18000,134106,32383,7600.0,5767.561602304908,40.45089999999618,18236.366799996176,1478.83431017255
1764634233,3500,,Aggregated,340.100000,187.900000,7600,9600,10000,10000,10000,12000,15000,16000,17000,18000,18000,134405,32467,7600.0,5769.163864737925,40.45089999999618,18236.366799996176,1477.7056136304452
1764634234,3500,,Aggregated,347.000000,195.400000,7600,9600,10000,10000,10000,12000,15000,16000,17000,18000,18000,134623,32540,7600.0,5770.664383881665,40.45089999999618,18236.366799996176,1476.6373130891452
1764634235,3500,,Aggregated,350.000000,196.100000,7600,9600,10000,10000,10000,12000,15000,16000,17000,18000,18000,135031,32785,7600.0,5776.903441660825,40.45089999999618,18236.366799996176,1473.6414008635054
1764634236,3500,,Aggregated,337.900000,180.500000,7700,9600,10000,10000,10000,12000,14000,16000,17000,18000,18000,135465,33106,7700.0,5784.9641334595935,40.45089999999618,18236.366799996176,1469.8601040859262
1764634237,3500,,Aggregated,326.000000,165.700000,7700,9600,10000,10000,10000,12000,14000,16000,17000,18000,18000,135928,33398,7700.0,5792.286345543256,40.45089999999618,18236.366799996176,1466.7569374963216
1764634238,3500,,Aggregated,341.600000,177.900000,7700,9600,10000,10000,10000,12000,14000,16000,17000,18000,18000,136287,33570,7700.0,5795.75255177752,40.45089999999618,18236.366799996176,1464.5861013889805
1764634240,3500,,Aggregated,356.800000,198.700000,7700,9600,10000,10000,10000,12000,14000,16000,17000,18000,18000,136565,33656,7700.0,5798.188533207661,40.45089999999618,18236.366799996176,1463.705495551569
1764634241,3500,,Aggregated,357.700000,198.600000,7700,9600,10000,10000,10000,12000,14000,16000,17000,18000,18000,136904,33796,7700.0,5801.529027908631,40.45089999999618,18236.366799996176,1461.8703836264829
1764634242,3500,,Aggregated,350.500000,192.500000,7700,9600,10000,10000,11000,12000,14000,16000,17000,18000,18000,137170,33907,7700.0,5804.76204158711,40.45089999999618,18236.366799996176,1460.8405919661734
1764634243,3500,,Aggregated,354.900000,189.300000,7800,9600,10000,10000,11000,12000,14000,16000,17000,18000,18000,137482,34046,7800.0,5808.108728551406,40.45089999999618,18236.366799996176,1459.4565688599234
1764634244,3500,,Aggregated,342.100000,178.400000,7800,9600,10000,10000,11000,12000,14000,16000,17000,18000,18000,137849,34277,7800.0,5814.010575899028,40.45089999999618,18236.366799996176,1456.7544341997402
1764634245,3500,,Aggregated,331.800000,164.200000,7800,9600,10000,10000,10000,12000,14000,16000,17000,18000,18000,138252,34564,7800.0,5822.30685646866,40.45089999999618,18236.366799996176,1453.9503225993114
1764634246,3500,,Aggregated,338.600000,177.200000,7800,9600,10000,10000,10000,12000,14000,16000,17000,18000,18000,138665,34822,7800.0,5828.087394540115,40.45089999999618,18236.366799996176,1450.9864565679875
1764634247,3500,,Aggregated,359.300000,200.800000,7900,9600,10000,10000,10000,12000,14000,16000,17000,18000,18000,139026,35010,7900.0,5830.569288339625,40.45089999999618,18236.366799996176,1448.6196179131962
1764634248,3500,,Aggregated,356.600000,200.300000,7900,9600,10000,10000,10000,12000,14000,16000,17000,18000,18000,139293,35132,7900.0,5832.231508670244,40.45089999999618,18236.366799996176,1447.0438859095575
1764634249,3500,,Aggregated,351.300000,187.200000,7900,9600,10000,10000,10000,12000,14000,16000,17000,18000,18000,139561,35266,7900.0,5834.3957728756895,40.45089999999618,18236.366799996176,1445.6926361949256
1764634250,3500,,Aggregated,331.900000,170.700000,7900,9600,10000,10000,10000,12000,14000,16000,17000,18000,18000,139853,35444,7900.0,5839.228500582071,40.45089999999618,18236.366799996176,1443.8075121734964
1764634251,3500,,Aggregated,323.800000,167.800000,7900,9600,10000,10000,10000,12000,14000,16000,17000,18000,18000,140237,35676,7900.0,5846.484509736403,40.45089999999618,18236.366799996176,1441.6710140690402
1764634252,3500,,Aggregated,332.400000,179.400000,8000,9600,10000,10000,11000,12000,14000,16000,17000,18000,18000,140645,35889,8000.0,5853.08330466497,40.45089999999618,18236.366799996176,1439.3784208468128
1764634253,3500,,Aggregated,327.100000,184.400000,8000,9600,10000,10000,11000,12000,14000,16000,17000,18000,18000,141160,36206,8000.0,5862.070297485865,40.45089999999618,18236.366799996176,1436.2164990082176
1764634254,3500,,Aggregated,344.600000,195.400000,8000,9600,10000,10000,11000,12000,14000,16000,17000,18000,18000,141436,36295,8000.0,5862.823297997717,40.45089999999618,18236.366799996176,1435.2330170536497
1764634255,3500,,Aggregated,361.500000,211.800000,8000,9600,10000,10000,11000,12000,14000,16000,17000,18000,18000,141709,36398,8000.0,5864.193797603576,40.45089999999618,18236.366799996176,1434.068245488995
1764634256,3500,,Aggregated,359.400000,204.100000,8000,9600,10000,10000,11000,12000,14000,16000,17000,18000,18000,142078,36625,8000.0,5870.441302003864,40.45089999999618,18236.366799996176,1432.125043989921
1764634257,3500,,Aggregated,343.500000,182.400000,8000,9600,10000,10000,11000,12000,14000,16000,17000,18000,18000,142361,36741,8000.0,5872.9817717022515,40.45089999999618,18236.366799996176,1430.8533306172337
1764634258,3500,,Aggregated,340.500000,178.600000,8100,9600,10000,10000,11000,12000,14000,16000,17000,18000,18000,142748,37004,8100.0,5878.244538340326,40.45089999999618,18236.366799996176,1427.8893784851628
1764634259,3500,,Aggregated,330.700000,171.500000,8100,9600,10000,10000,11000,12000,14000,16000,17000,18000,18000,143195,37298,8100.0,5884.958893891578,40.45089999999618,18236.366799996176,1424.9921435804322
1764634260,3500,,Aggregated,343.500000,185.000000,8100,9600,10000,10000,11000,12000,14000,16000,17000,18000,18000,143478,37428,8100.0,5886.943543734258,40.45089999999618,18236.366799996176,1423.8540124618407
1764634261,3500,,Aggregated,356.600000,198.300000,8100,9600,10000,10000,11000,12000,14000,16000,17000,18000,18000,143740,37497,8100.0,5887.401306993904,40.45089999999618,18236.366799996176,1422.7611381661334
1764634262,3500,,Aggregated,361.000000,198.400000,8100,9600,10000,10000,11000,12000,14000,16000,17000,18000,18000,144054,37655,8100.0,5891.3696129791815,40.45089999999618,18236.366799996176,1421.1541782942509
1764634263,3500,,Aggregated,354.400000,185.400000,8100,9600,10000,10000,11000,12000,14000,16000,17000,18000,18000,144294,37766,8100.0,5893.699869400003,40.45089999999618,18236.366799996176,1419.9784675731494
1764634264,3500,,Aggregated,340.500000,176.300000,8100,9600,10000,10000,11000,12000,14000,16000,17000,18000,18000,144676,37999,8100.0,5899.559182984757,40.45089999999618,18236.366799996176,1417.6039564267744
1764634265,3500,,Aggregated,316.300000,159.000000,8200,9600,10000,10000,11000,12000,14000,16000,17000,18000,18000,145130,38313,8200.0,5906.887420980526,40.45089999999618,18236.366799996176,1414.6312409563839
1764634266,3500,,Aggregated,318.700000,166.300000,8200,9600,10000,10000,11000,12000,14000,16000,17000,18000,18000,145565,38581,8200.0,5912.581513650969,40.45089999999618,18236.366799996176,1411.8942122076048
1764634267,3500,,Aggregated,337.300000,187.800000,8200,9600,10000,10000,10000,12000,14000,16000,17000,18000,18000,146040,38891,8200.0,5918.481123088219,40.45089999999618,18236.366799996176,1408.5410709394687
1764634268,3500,,Aggregated,345.800000,193.800000,8200,9600,10000,10000,10000,12000,14000,16000,17000,18000,18000,146270,38978,8200.0,5918.891536738249,40.45089999999618,18236.366799996176,1407.3366240514117
1764634269,3500,,Aggregated,351.500000,203.000000,8200,9600,10000,10000,10000,12000,14000,16000,17000,18000,18000,146569,39089,8200.0,5920.541029783267,40.45089999999618,18236.366799996176,1406.1645504847547
1764634270,3500,,Aggregated,353.200000,200.000000,8200,9600,10000,10000,10000,12000,14000,16000,17000,18000,18000,146876,39244,8200.0,5923.864083959967,40.45089999999618,18236.366799996176,1404.4332293907787
1764634271,3500,,Aggregated,340.200000,182.600000,8200,9700,10000,10000,10000,12000,14000,16000,17000,18000,18000,147239,39468,8200.0,5929.109819232028,40.45089999999618,18236.366799996176,1402.4454390480782
1764634272,3500,,Aggregated,338.900000,180.500000,8300,9700,10000,10000,10000,12000,14000,16000,17000,18000,18000,147620,39656,8300.0,5935.112774617288,40.45089999999618,18236.366799996176,1400.9815336675247
1764634273,3500,,Aggregated,345.500000,194.100000,8300,9700,10000,10000,10000,12000,14000,16000,17000,18000,18000,147992,39798,8300.0,5939.432845600462,40.45089999999618,18236.366799996176,1399.9862830423267
1764634274,3500,,Aggregated,352.700000,198.700000,8300,9700,10000,10000,10000,12000,14000,16000,17000,18000,18000,148302,39922,8300.0,5940.490714588504,40.45089999999618,18236.366799996176,1398.555582527545
1764634275,3500,,Aggregated,367.400000,202.300000,8300,9700,10000,10000,10000,12000,14000,16000,17000,18000,18000,148574,40035,8300.0,5941.835585727008,40.45089999999618,18236.366799996176,1397.3582995678921
1764634276,3500,,Aggregated,362.400000,193.800000,8300,9700,10000,10000,10000,12000,14000,16000,17000,18000,18000,148860,40150,8300.0,5945.169186874281,40.45089999999618,18236.366799996176,1396.990447400242
1764634277,3500,,Aggregated,345.000000,175.200000,8300,9700,10000,10000,10000,12000,14000,16000,17000,18000,18000,149161,40301,8300.0,5947.922926645069,40.45089999999618,18236.366799996176,1395.4241390175716
1764634278,3500,,Aggregated,329.700000,159.200000,8300,9700,10000,10000,10000,12000,14000,16000,17000,18000,18000,149506,40555,8300.0,5954.100630617538,40.45089999999618,18236.366799996176,1392.9673926130056
1764634279,3500,,Aggregated,323.800000,150.900000,8300,9700,10000,10000,10000,12000,14000,16000,17000,18000,18000,149903,40833,8300.0,5960.431935587053,40.45089999999618,18236.366799996176,1390.2672661654537
1764634280,3500,,Aggregated,312.200000,147.200000,8300,9700,10000,10000,10000,12000,14000,16000,17000,18000,18000,150282,41018,8300.0,5964.443424473359,40.45089999999618,18236.366799996176,1388.5655367908332
1764634281,3500,,Aggregated,329.500000,169.500000,8300,9700,10000,10000,10000,12000,14000,16000,17000,18000,18000,150652,41238,8300.0,5969.334520654924,40.45089999999618,18236.366799996176,1386.397439131243
1764634282,3500,,Aggregated,335.700000,174.500000,8300,9700,10000,10000,10000,12000,14000,16000,17000,18000,18000,151017,41427,8300.0,5972.951544722158,40.45089999999618,18236.366799996176,1384.3871153578737
1764634283,3500,,Aggregated,336.800000,172.800000,8400,9700,10000,10000,10000,12000,14000,16000,17000,18000,18000,151492,41719,8400.0,5979.968671570156,40.45089999999618,18236.366799996176,1381.635241464896
1764634284,3500,,Aggregated,337.800000,175.700000,8400,9700,10000,10000,10000,12000,14000,16000,17000,18000,18000,151812,41865,8400.0,5981.838554858679,40.45089999999618,18236.366799996176,1380.1786090691119
1764634285,3500,,Aggregated,338.600000,185.100000,8400,9700,10000,10000,10000,12000,14000,16000,17000,18000,18000,152128,42042,8400.0,5984.406407665954,40.45089999999618,18236.366799996176,1378.34124553008
1764634286,3500,,Aggregated,343.800000,190.600000,8400,9700,10000,10000,10000,12000,14000,16000,17000,18000,18000,152453,42231,8400.0,5988.0801433983415,40.45089999999618,18236.366799996176,1376.4874682689092
1764634287,3500,,Aggregated,349.100000,196.000000,8400,9700,10000,10000,10000,12000,14000,16000,17000,18000,18000,152831,42407,8400.0,5992.3262260176825,40.45089999999618,18236.366799996176,1375.2196805621895
1764634288,3500,,Aggregated,352.200000,201.800000,8400,9700,10000,10000,10000,12000,14000,16000,17000,18000,18000,153096,42555,8400.0,5994.54826004735,40.45089999999618,18236.366799996176,1373.6810171395725
1764634289,3500,,Aggregated,358.200000,207.300000,8400,9700,10000,10000,10000,12000,14000,16000,17000,18000,18000,153434,42738,8400.0,5997.5606589733015,40.45089999999618,18236.366799996176,1372.0627761773792
1764634290,3500,,Aggregated,355.200000,199.300000,8400,9700,10000,10000,10000,12000,14000,16000,17000,18000,18000,153781,42893,8400.0,6001.616382367852,40.45089999999618,18236.366799996176,1370.9518666155116
1764634291,3500,,Aggregated,342.900000,187.800000,8400,9700,10000,10000,10000,12000,14000,16000,17000,18000,18000,154037,43039,8400.0,6003.088579991889,40.45089999999618,18236.366799996176,1369.33549731558
1764634292,3500,,Aggregated,338.200000,182.200000,8400,9700,10000,10000,10000,12000,14000,16000,17000,18000,18000,154384,43261,8400.0,6008.087496733531,40.45089999999618,18236.366799996176,1367.5222043735102
1764634293,3500,,Aggregated,332.800000,177.600000,8400,9700,10000,10000,10000,12000,14000,16000,17000,18000,18000,154806,43490,8400.0,6014.615187660098,40.45089999999618,18236.366799996176,1365.8193803857732
1764634294,3500,,Aggregated,326.400000,175.800000,8500,9700,10000,10000,10000,12000,14000,16000,17000,18000,18000,155134,43668,8500.0,6019.276342719253,40.45089999999618,18236.366799996176,1364.1344063841582
1764634295,3500,,Aggregated,327.400000,178.700000,8500,9700,10000,10000,10000,12000,14000,16000,17000,18000,18000,155514,43881,8500.0,6022.890496377874,40.45089999999618,18236.366799996176,1362.101302776599
1764634296,3500,,Aggregated,327.800000,175.500000,8500,9700,10000,10000,10000,12000,14000,15000,17000,18000,18000,155955,44130,8500.0,6029.039896429794,40.45089999999618,18236.366799996176,1360.4819659517168
1764634297,3500,,Aggregated,324.100000,173.700000,8500,9800,10000,10000,10000,12000,14000,15000,17000,18000,18000,156317,44304,8500.0,6031.299652055818,40.45089999999618,18236.366799996176,1358.9104000204711
1764634298,3500,,Aggregated,336.600000,183.300000,8500,9800,10000,10000,10000,12000,14000,15000,17000,18000,18000,156635,44438,8500.0,6032.97558048207,40.45089999999618,18236.366799996176,1357.7490599163661
1764634299,3500,,Aggregated,342.600000,185.600000,8500,9800,10000,10000,10000,12000,14000,15000,17000,18000,18000,156964,44638,8500.0,6037.8441276433405,40.45089999999618,18236.366799996176,1356.2593333503223
1764634300,3500,,Aggregated,351.600000,192.300000,8500,9800,10000,10000,10000,12000,14000,15000,17000,18000,18000,157353,44849,8500.0,6041.222001764888,40.45089999999618,18236.366799996176,1354.6386405089195
1764634301,3500,,Aggregated,353.800000,189.300000,8500,9800,10000,10000,10000,12000,14000,15000,17000,18000,18000,157655,44995,8500.0,6043.512464441408,40.45089999999618,18236.366799996176,1353.6627953442644
1764634302,3500,,Aggregated,351.600000,189.500000,8500,9800,10000,10000,10000,12000,14000,15000,17000,18000,18000,157984,45126,8500.0,6045.076050413405,40.45089999999618,18236.366799996176,1352.592167561272
1764634303,3500,,Aggregated,359.800000,196.100000,8500,9800,10000,10000,10000,12000,14000,15000,17000,18000,18000,158284,45279,8500.0,6047.948605873057,40.45089999999618,18236.366799996176,1351.3796656642492
1764634304,3500,,Aggregated,361.600000,193.200000,8500,9800,10000,10000,10000,12000,14000,15000,17000,18000,18000,158685,45534,8500.0,6053.703072906137,40.45089999999618,18236.366799996176,1349.6354538866308
1764634305,3500,,Aggregated,349.400000,176.200000,8500,9800,10000,10000,10000,12000,14000,15000,17000,18000,18000,159028,45698,8500.0,6056.729439330871,40.45089999999618,18236.366799996176,1348.2901438740348
1764634306,3500,,Aggregated,346.800000,181.300000,8600,9800,10000,10000,10000,12000,14000,15000,17000,18000,18000,159372,45850,8600.0,6058.334792377642,40.45089999999618,18236.366799996176,1346.937805888111
1764634307,3500,,Aggregated,355.700000,187.500000,8600,9800,10000,10000,10000,12000,14000,15000,17000,18000,18000,159678,46001,8600.0,6061.77598120912,40.45089999999618,18236.366799996176,1345.8379175590876
1764634308,3500,,Aggregated,343.000000,175.300000,8600,9800,10000,10000,10000,12000,14000,15000,17000,18000,18000,160021,46192,8600.0,6065.591496005584,40.45089999999618,18236.366799996176,1344.1848132432617
1764634309,3500,,Aggregated,338.800000,170.800000,8600,9800,10000,10000,10000,12000,14000,15000,17000,18000,18000,160394,46404,8600.0,6069.905566737599,40.45089999999618,18236.366799996176,1342.6204035063656
1764634310,3500,,Aggregated,333.500000,168.700000,8600,9800,10000,10000,10000,12000,14000,15000,17000,18000,18000,160722,46590,8600.0,6073.642300685717,40.45089999999618,18236.366799996176,1341.113674543622
1764634311,3500,,Aggregated,335.600000,174.400000,8600,9800,10000,10000,10000,12000,14000,15000,17000,18000,18000,161080,46782,8600.0,6075.78272685815,40.45089999999618,18236.366799996176,1339.4871306183263
1764634312,3500,,Aggregated,341.200000,177.900000,8600,9800,10000,10000,10000,12000,14000,15000,17000,18000,18000,161466,46970,8600.0,6079.372186792333,40.45089999999618,18236.366799996176,1338.0870585757993
1764634313,3500,,Aggregated,332.900000,172.400000,8600,9800,10000,10000,10000,12000,14000,15000,17000,18000,18000,161777,47152,8600.0,6082.399433294049,40.45089999999618,18236.366799996176,1336.471272183314
1764634314,3500,,Aggregated,341.300000,178.900000,8600,9800,10000,10000,10000,11000,14000,15000,17000,18000,18000,162073,47289,8600.0,6084.853729738524,40.45089999999618,18236.366799996176,1335.5621355808803
1764634315,3500,,Aggregated,345.800000,184.200000,8600,9800,10000,10000,10000,11000,14000,15000,17000,18000,18000,162404,47488,8600.0,6088.716236441911,40.45089999999618,18236.366799996176,1333.788274919337
1764634316,3500,,Aggregated,344.000000,182.400000,8600,9800,10000,10000,10000,11000,14000,15000,17000,18000,18000,162751,47714,8600.0,6092.7005953924245,40.45089999999618,18236.366799996176,1331.9090881162022
1764634317,3500,,Aggregated,336.200000,174.900000,8600,9800,10000,10000,10000,11000,14000,15000,17000,18000,18000,163096,47923,8600.0,6095.991308910172,40.45089999999618,18236.366799996176,1330.0500748025702
1764634318,3500,,Aggregated,338.200000,181.600000,8600,9800,10000,10000,10000,11000,14000,15000,17000,18000,18000,163469,48139,8600.0,6100.57473185077,40.45089999999618,18236.366799996176,1328.388991184873
1764634319,3500,,Aggregated,334.800000,186.100000,8700,9800,10000,10000,10000,11000,14000,15000,17000,18000,18000,163837,48361,8700.0,6104.893228977666,40.45089999999618,18236.366799996176,1326.8767555558268
1764634320,3500,,Aggregated,341.400000,191.900000,8700,9800,10000,10000,10000,11000,14000,15000,17000,18000,18000,164190,48539,8700.0,6107.332599551828,40.45089999999618,18236.366799996176,1325.4953468542542
1764634321,3500,,Aggregated,340.000000,190.200000,8700,9800,10000,10000,10000,11000,14000,15000,17000,18000,18000,164502,48709,8700.0,6109.998516927544,40.45089999999618,18236.366799996176,1323.9889423836792
1764634322,3500,,Aggregated,342.600000,194.400000,8700,9800,10000,10000,10000,11000,14000,15000,17000,18000,18000,164877,48902,8700.0,6112.868172897464,40.45089999999618,18236.366799996176,1322.473850203485
1764634323,3500,,Aggregated,344.300000,193.400000,8700,9800,10000,10000,10000,11000,14000,15000,17000,18000,18000,165243,49098,8700.0,6116.6037013647465,40.45089999999618,18236.366799996176,1321.1125191384808
1764634324,3500,,Aggregated,340.600000,192.200000,8700,9800,10000,10000,10000,11000,14000,15000,17000,18000,18000,165563,49252,8700.0,6119.509551220472,40.45089999999618,18236.366799996176,1320.0497756141167
1764634325,3500,,Aggregated,338.900000,190.800000,8700,9800,10000,10000,10000,11000,14000,15000,17000,18000,18000,165872,49374,8700.0,6121.156545412817,40.45089999999618,18236.366799996176,1319.1287016494646
1764634326,3500,,Aggregated,345.400000,193.400000,8700,9800,10000,10000,10000,11000,14000,15000,17000,18000,18000,166225,49590,8700.0,6125.476251530246,40.45089999999618,18236.366799996176,1317.5210588058355
1764634327,3500,,Aggregated,346.300000,194.400000,8700,9800,10000,10000,10000,11000,14000,15000,17000,18000,18000,166560,49744,8700.0,6127.32157968429,40.45089999999618,18236.366799996176,1316.2362031700288
1764634328,3500,,Aggregated,344.400000,186.500000,8700,9800,10000,10000,10000,11000,14000,15000,17000,18000,18000,166889,49897,8700.0,6129.881959263434,40.45089999999618,18236.366799996176,1315.3179178975247
1764634329,3500,,Aggregated,345.700000,185.500000,8700,9900,10000,10000,10000,11000,14000,15000,17000,18000,18000,167232,50089,8700.0,6133.741953561015,40.45089999999618,18236.366799996176,1313.9254269517796
1764634330,3500,,Aggregated,340.300000,178.600000,8700,9900,10000,10000,10000,11000,14000,15000,17000,18000,18000,167604,50277,8700.0,6137.123625043056,40.45089999999618,18236.366799996176,1312.707930598315
1764634331,3500,,Aggregated,340.000000,174.100000,8700,9900,10000,10000,10000,11000,14000,15000,17000,18000,18000,167938,50445,8700.0,6140.20603194998,40.45089999999618,18236.366799996176,1311.5453202967763
1764634332,3500,,Aggregated,335.700000,170.400000,8700,9900,10000,10000,10000,11000,14000,15000,17000,18000,18000,168325,50650,8700.0,6144.357036822905,40.45089999999618,18236.366799996176,1310.07401752562
1764634333,3500,,Aggregated,338.800000,173.400000,8700,9900,10000,10000,10000,11000,14000,15000,17000,18000,18000,168666,50816,8700.0,6147.1990995210435,40.45089999999618,18236.366799996176,1308.9733852702975
1764634334,3500,,Aggregated,338.300000,170.000000,8700,9900,10000,10000,10000,11000,14000,15000,17000,18000,18000,168984,51003,8700.0,6149.758202381388,40.45089999999618,18236.366799996176,1307.697971405577
1764634335,3500,,Aggregated,341.400000,173.300000,8800,9900,10000,10000,10000,11000,14000,15000,17000,18000,18000,169338,51234,8800.0,6154.075572869737,40.45089999999618,18236.366799996176,1306.1216856228373
1764634336,3500,,Aggregated,339.500000,170.800000,8800,9900,10000,10000,10000,11000,14000,15000,17000,18000,18000,169673,51387,8800.0,6155.523916177682,40.45089999999618,18236.366799996176,1304.7151756614194
1764634337,3500,,Aggregated,340.300000,174.700000,8800,9900,10000,10000,10000,11000,14000,15000,17000,18000,18000,170034,51615,8800.0,6159.2969891846105,40.45089999999618,18236.366799996176,1303.062099344837
1764634338,3500,,Aggregated,343.100000,184.000000,8800,9900,10000,10000,10000,11000,14000,15000,17000,18000,18000,170377,51781,8800.0,6161.706071336015,40.45089999999618,18236.366799996176,1301.7227383977884
1764634339,3500,,Aggregated,343.800000,180.300000,8800,9900,10000,10000,10000,11000,14000,15000,17000,18000,18000,170711,51947,8800.0,6164.165248865722,40.45089999999618,18236.366799996176,1300.482546526
1764634340,3500,,Aggregated,347.300000,186.800000,8800,9900,10000,10000,10000,11000,14000,15000,17000,18000,18000,171057,52145,8800.0,6167.807806767431,40.45089999999618,18236.366799996176,1299.1584325692606
1764634341,3500,,Aggregated,347.300000,187.200000,8800,9900,10000,10000,10000,11000,14000,15000,17000,18000,18000,171389,52315,8800.0,6170.895453903792,40.45089999999618,18236.366799996176,1297.9883423090164
1764634343,3500,,Aggregated,344.000000,185.700000,8800,9900,10000,10000,10000,11000,14000,15000,17000,18000,18000,171747,52497,8800.0,6174.34955596788,40.45089999999618,18236.366799996176,1296.8714679150146
1764634344,3500,,Aggregated,342.100000,185.700000,8800,9900,10000,10000,10000,11000,14000,15000,17000,18000,18000,172107,52677,8800.0,6176.76504341378,40.45089999999618,18236.366799996176,1295.5653866490031
1764634345,3500,,Aggregated,331.500000,179.600000,8800,9900,10000,10000,10000,11000,14000,15000,17000,18000,18000,172467,52888,8800.0,6179.720539198307,40.45089999999618,18236.366799996176,1293.9913838589412
1764634346,3500,,Aggregated,337.200000,182.700000,8800,9900,10000,10000,10000,11000,14000,15000,17000,18000,18000,172857,53084,8800.0,6183.808260993848,40.45089999999618,18236.366799996176,1292.8957924758615
1764634347,3500,,Aggregated,340.100000,184.200000,8800,9900,10000,10000,10000,11000,14000,15000,17000,18000,18000,173145,53256,8800.0,6186.811361332488,40.45089999999618,18236.366799996176,1291.80396199717
1764634348,3500,,Aggregated,344.500000,180.800000,8800,9900,10000,10000,10000,11000,14000,15000,17000,18000,18000,173432,53415,8800.0,6189.280307584606,40.45089999999618,18236.366799996176,1290.887529406338
1764634349,3500,,Aggregated,336.700000,180.300000,8800,9900,10000,10000,10000,11000,14000,15000,17000,18000,18000,173796,53614,8800.0,6193.765806670543,40.45089999999618,18236.366799996176,1289.5994326681857
1764634350,3500,,Aggregated,329.900000,175.200000,8800,9900,10000,10000,10000,11000,14000,15000,17000,18000,18000,174153,53810,8800.0,6197.040593177346,40.45089999999618,18236.366799996176,1288.2425223797466
1764634351,3500,,Aggregated,329.800000,177.000000,8800,9900,10000,10000,10000,11000,14000,15000,17000,18000,18000,174504,54026,8800.0,6199.5620288275,40.45089999999618,18236.366799996176,1286.442075826342
1764634352,3500,,Aggregated,335.000000,181.600000,8800,9900,10000,10000,10000,11000,14000,15000,17000,18000,18000,174818,54212,8800.0,6201.366367831772,40.45089999999618,18236.366799996176,1284.796210916496
1764634353,3500,,Aggregated,334.900000,182.000000,8800,9900,10000,10000,10000,11000,14000,15000,17000,18000,18000,175143,54389,8800.0,6203.484622535381,40.45089999999618,18236.366799996176,1283.3024385787614
1764634354,3500,,Aggregated,333.600000,183.100000,8800,10000,10000,10000,10000,11000,14000,15000,17000,18000,18000,175500,54597,8800.0,6207.7254678314175,40.45089999999618,18236.366799996176,1282.0605698005697
1764634355,3500,,Aggregated,343.800000,193.200000,8900,10000,10000,10000,10000,11000,14000,15000,17000,18000,18000,175883,54815,8900.0,6211.44951664184,40.45089999999618,18236.366799996176,1280.5880841241053
1764634356,3500,,Aggregated,336.500000,190.000000,8900,10000,10000,10000,10000,11000,14000,15000,17000,18000,18000,176231,54998,8900.0,6214.371850326087,40.45089999999618,18236.366799996176,1279.3533544041627
1764634357,3500,,Aggregated,335.700000,188.700000,8900,10000,10000,10000,10000,11000,14000,15000,17000,18000,18000,176557,55167,8900.0,6216.952233106114,40.45089999999618,18236.366799996176,1278.3659837899374
1764634358,3500,,Aggregated,333.100000,189.700000,8900,10000,10000,10000,10000,11000,14000,15000,17000,18000,18000,176907,55374,8900.0,6219.844878430553,40.45089999999618,18236.366799996176,1276.6674354321763
1764634359,3500,,Aggregated,340.300000,191.800000,8900,10000,10000,10000,10000,11000,14000,15000,17000,18000,18000,177159,55495,8900.0,6221.74670852857,40.45089999999618,18236.366799996176,1275.97660858325
1764634360,3500,,Aggregated,344.600000,193.700000,8900,10000,10000,10000,10000,11000,14000,15000,17000,18000,18000,177528,55694,8900.0,6225.569694512495,40.45089999999618,18236.366799996176,1274.7398438556172
1764634361,3500,,Aggregated,342.000000,191.600000,8900,10000,10000,10000,10000,11000,14000,15000,17000,18000,18000,177906,55840,8900.0,6229.308050581288,40.45089999999618,18236.366799996176,1274.1984755994738
1764634362,3500,,Aggregated,331.100000,184.600000,8900,10000,10000,10000,10000,11000,14000,15000,17000,18000,18000,178195,56011,8900.0,6231.3810124701295,40.45089999999618,18236.366799996176,1272.8882460226157
1764634363,3500,,Aggregated,339.000000,182.300000,8900,10000,10000,10000,10000,11000,14000,15000,17000,18000,18000,178493,56153,8900.0,6232.972204662442,40.45089999999618,18236.366799996176,1271.8653392570018
1764634364,3500,,Aggregated,337.700000,181.300000,8900,10000,10000,10000,10000,11000,14000,15000,17000,18000,18000,178899,56251,8900.0,6236.987826622355,40.45089999999618,18236.366799996176,1271.9551087485117
1764634365,3500,,Aggregated,332.500000,174.700000,8900,10000,10000,10000,10000,11000,14000,15000,17000,18000,18000,179270,56452,8900.0,6240.845668736057,40.45089999999618,18236.366799996176,1270.703107045239
1764634366,3500,,Aggregated,330.800000,164.300000,8900,10000,10000,10000,10000,11000,14000,15000,17000,18000,18000,179582,56616,8900.0,6241.981748083956,40.45089999999618,18236.366799996176,1269.2694423717298
1764634367,3500,,Aggregated,332.800000,161.900000,8900,10000,10000,10000,10000,11000,14000,15000,17000,18000,18000,179907,56820,8900.0,6245.341179592305,40.45089999999618,18236.366799996176,1267.9164679528867
1764634368,3500,,Aggregated,326.500000,155.700000,8900,10000,10000,10000,10000,11000,14000,15000,17000,17000,18000,180258,57029,8900.0,6250.429593134903,40.45089999999618,18236.366799996176,1267.131583619035
1764634369,3500,,Aggregated,321.900000,154.200000,8900,10000,10000,10000,10000,11000,14000,15000,17000,17000,18000,180530,57105,8900.0,6252.555024461928,40.45089999999618,18236.366799996176,1267.0922395169778
1764634370,3500,,Aggregated,324.000000,159.000000,8900,10000,10000,10000,10000,11000,14000,15000,17000,17000,18000,180833,57263,8900.0,6256.3230885790335,40.45089999999618,18236.366799996176,1266.2046473818384
1764634371,3500,,Aggregated,326.300000,159.200000,8900,10000,10000,10000,10000,11000,14000,15000,17000,17000,18000,181254,57541,8900.0,6260.890101323627,40.45089999999618,18236.366799996176,1264.1772043651451
1764634372,3500,,Aggregated,328.300000,153.500000,8900,10000,10000,10000,10000,11000,14000,15000,17000,17000,18000,181590,57759,8900.0,6263.7423402219965,40.45089999999618,18236.366799996176,1262.7907759237844
1764634373,3500,,Aggregated,321.000000,158.300000,8900,10000,10000,10000,10000,11000,14000,15000,17000,17000,18000,181996,57965,8900.0,6268.515588401462,40.45089999999618,18236.366799996176,1262.1767071803777
1764634374,3500,,Aggregated,330.000000,167.200000,8900,10000,10000,10000,10000,11000,14000,15000,17000,17000,18000,182256,58079,8900.0,6269.169249789379,40.45089999999618,18236.366799996176,1261.5866418663857
1764634375,3500,,Aggregated,338.100000,174.800000,8900,10000,10000,10000,10000,11000,14000,15000,17000,17000,18000,182566,58311,8900.0,6271.875525597943,40.45089999999618,18236.366799996176,1259.9645278967607
1764634376,3500,,Aggregated,337.000000,179.900000,8900,10000,10000,10000,10000,11000,14000,15000,17000,17000,18000,182967,58580,8900.0,6276.81879280587,40.45089999999618,18236.366799996176,1258.4815294561315
1764634377,3500,,Aggregated,327.200000,179.000000,9000,10000,10000,10000,10000,11000,14000,15000,17000,17000,18000,183410,58810,9000.0,6280.517460593265,40.45089999999618,18236.366799996176,1257.5988550242625
1764634378,3500,,Aggregated,328.700000,188.600000,9000,10000,10000,10000,10000,11000,14000,15000,17000,17000,18000,183762,58976,9000.0,6282.15731356216,40.45089999999618,18236.366799996176,1256.9061013702506
1764634379,3500,,Aggregated,341.900000,197.100000,9000,10000,10000,10000,10000,11000,14000,15000,17000,17000,18000,184075,59122,9000.0,6282.531151520359,40.45089999999618,18236.366799996176,1255.8620127665354
1764634380,3500,,Aggregated,348.500000,197.100000,9000,10000,10000,10000,10000,11000,14000,15000,17000,17000,18000,184412,59345,9000.0,6284.9739412761155,40.45089999999618,18236.366799996176,1254.574431165
1764634381,3500,,Aggregated,349.100000,195.200000,9000,10000,10000,10000,10000,11000,14000,15000,17000,17000,18000,184712,59516,9000.0,6287.154614173473,40.45089999999618,18236.366799996176,1253.9824916626965
1764634382,3500,,Aggregated,349.000000,201.400000,9000,10000,10000,10000,10000,11000,14000,15000,17000,17000,18000,185077,59727,9000.0,6290.913860016152,40.45089999999618,18236.366799996176,1253.1356516476926
1764634383,3500,,Aggregated,345.800000,200.500000,9000,10000,10000,10000,10000,11000,14000,15000,17000,17000,18000,185438,59905,9000.0,6294.375148309989,40.45089999999618,18236.366799996176,1252.5136757298935
1764634384,3500,,Aggregated,337.700000,192.500000,9000,10000,10000,10000,10000,11000,14000,15000,17000,17000,18000,185796,60110,9000.0,6297.017807226783,40.45089999999618,18236.366799996176,1251.2351180865035
1764634385,3500,,Aggregated,335.600000,188.000000,9000,10000,10000,10000,10000,11000,14000,15000,17000,17000,18000,186067,60214,9000.0,6298.403707352766,40.45089999999618,18236.366799996176,1250.7471770921227
1764634386,3500,,Aggregated,342.500000,195.200000,9000,10000,10000,10000,10000,11000,14000,15000,17000,17000,18000,186396,60393,9000.0,6301.698368963419,40.45089999999618,18236.366799996176,1249.9416028240948
1764634387,3500,,Aggregated,348.100000,198.600000,9000,10000,10000,10000,10000,11000,14000,15000,17000,17000,18000,186699,60541,9000.0,6304.287088670032,40.45089999999618,18236.366799996176,1249.1765676302498
1764634388,3500,,Aggregated,346.700000,187.300000,9000,10000,10000,10000,10000,11000,14000,15000,17000,17000,18000,187049,60749,9000.0,6308.329890373143,40.45089999999618,18236.366799996176,1247.9737288090287
1764634389,3500,,Aggregated,332.300000,175.900000,9000,10000,10000,10000,10000,11000,14000,15000,17000,17000,18000,187403,60945,9000.0,6311.6255649958,40.45089999999618,18236.366799996176,1247.0079294354946
1764634390,3500,,Aggregated,322.300000,169.700000,9000,10000,10000,10000,10000,11000,14000,15000,17000,17000,18000,187725,61108,9000.0,6314.212778878188,40.45089999999618,18236.366799996176,1246.0277000932215
1764634391,3500,,Aggregated,320.700000,174.300000,9000,10000,10000,10000,10000,11000,14000,15000,17000,17000,18000,188095,61323,9000.0,6317.379956648018,40.45089999999618,18236.366799996176,1244.7287913022674
1764634392,3500,,Aggregated,331.100000,181.700000,9000,10000,10000,10000,10000,11000,14000,15000,17000,17000,18000,188477,61510,9000.0,6321.044379083437,40.45089999999618,18236.366799996176,1243.957029239642
1764634393,3500,,Aggregated,329.500000,174.800000,9000,10000,10000,10000,10000,11000,14000,15000,17000,17000,18000,188840,61691,9000.0,6323.012510304538,40.45089999999618,18236.366799996176,1242.9891071806821
1764634394,3500,,Aggregated,335.900000,179.700000,9000,10000,10000,10000,10000,11000,14000,15000,17000,17000,18000,189233,61893,9000.0,6325.747621805447,40.45089999999618,18236.366799996176,1242.0027109436514
1764634395,3500,,Aggregated,336.700000,176.800000,9000,10000,10000,10000,10000,11000,14000,15000,17000,17000,18000,189588,62052,9000.0,6327.887512098922,40.45089999999618,18236.366799996176,1241.5116357575373
1764634396,3500,,Aggregated,334.100000,174.900000,9000,10000,10000,10000,10000,11000,14000,15000,17000,17000,18000,189998,62260,9000.0,6330.268996652113,40.45089999999618,18236.366799996176,1240.4836893019926
1764634397,3500,,Aggregated,342.300000,177.900000,9000,10000,10000,10000,10000,11000,14000,15000,17000,17000,18000,190346,62459,9000.0,6332.282056224496,40.45089999999618,18236.366799996176,1239.2173147846554
1764634398,3500,,Aggregated,349.400000,181.700000,9000,10000,10000,10000,10000,11000,14000,15000,17000,17000,18000,190724,62651,9000.0,6334.031968694597,40.45089999999618,18236.366799996176,1238.2276063840943
1764634399,3500,,Aggregated,357.600000,186.400000,9000,10000,10000,10000,10000,11000,14000,15000,17000,17000,18000,191064,62810,9000.0,6335.453080490347,40.45089999999618,18236.366799996176,1237.3952235900013
1764634400,3500,,Aggregated,361.100000,189.500000,9000,10000,10000,10000,10000,11000,14000,15000,17000,17000,18000,191407,62988,9000.0,6336.790655547638,40.45089999999618,18236.366799996176,1236.508461028071
1764634401,3500,,Aggregated,365.200000,189.100000,9000,10000,10000,10000,10000,11000,14000,15000,17000,17000,18000,191700,63112,9000.0,6337.575743816417,40.45089999999618,18236.366799996176,1236.0762545644236
1764634402,3500,,Aggregated,360.800000,183.300000,9000,10000,10000,10000,10000,11000,14000,15000,17000,17000,18000,192151,63358,9000.0,6340.116632410492,40.45089999999618,18236.366799996176,1234.766610634345
1764634404,3500,,Aggregated,365.100000,186.500000,9000,10000,10000,10000,10000,11000,14000,15000,17000,17000,18000,192494,63536,9000.0,6341.187669088435,40.45089999999618,18236.366799996176,1233.6783847808244
1764634405,3500,,Aggregated,363.900000,183.600000,9000,10000,10000,10000,10000,11000,14000,15000,17000,17000,18000,192863,63728,9000.0,6342.522080425533,40.45089999999618,18236.366799996176,1232.6720262569804
1764634406,3500,,Aggregated,362.800000,183.700000,9000,10000,10000,10000,10000,11000,14000,15000,17000,17000,18000,193147,63873,9000.0,6343.366724142282,40.45089999999618,18236.366799996176,1231.9730464361342
1764634407,3500,,Aggregated,357.900000,180.100000,9000,10000,10000,10000,10000,11000,14000,15000,17000,17000,18000,193524,64059,9000.0,6345.853532708649,40.45089999999618,18236.366799996176,1231.607030652529
1764634408,3500,,Aggregated,350.200000,179.100000,9000,10000,10000,10000,10000,11000,14000,15000,17000,17000,18000,193925,64320,9000.0,6348.879985678529,40.45089999999618,18236.366799996176,1230.1134304499162
1764634409,3500,,Aggregated,344.300000,177.200000,9000,10000,10000,10000,10000,11000,14000,15000,17000,17000,18000,194295,64508,9000.0,6350.284319857988,40.45089999999618,18236.366799996176,1229.058174425487
1764634410,3500,,Aggregated,353.000000,184.200000,9000,10000,10000,10000,10000,11000,14000,15000,17000,17000,18000,194650,64696,9000.0,6352.134117855165,40.45089999999618,18236.366799996176,1228.0830156691497
1764634411,3500,,Aggregated,350.000000,183.000000,9000,10000,10000,10000,10000,11000,14000,15000,17000,17000,18000,195009,64890,9000.0,6354.807882139323,40.45089999999618,18236.366799996176,1227.6606413037348
1764634412,3500,,Aggregated,351.400000,184.900000,9000,10000,10000,10000,10000,11000,14000,15000,17000,17000,18000,195373,65066,9000.0,6357.12212904192,40.45089999999618,18236.366799996176,1227.0898077011666
1764634413,3500,,Aggregated,353.200000,187.100000,9000,10000,10000,10000,10000,11000,14000,15000,17000,17000,18000,195669,65240,9000.0,6358.9615469947,40.45089999999618,18236.366799996176,1226.192427006833
1764634414,3500,,Aggregated,354.300000,186.000000,9000,10000,10000,10000,10000,11000,14000,15000,17000,17000,18000,196020,65408,9000.0,6360.254245541813,40.45089999999618,18236.366799996176,1225.5460157126824
1764634415,3500,,Aggregated,344.800000,183.900000,9000,10000,10000,10000,10000,11000,14000,15000,17000,17000,18000,196413,65625,9000.0,6362.364955483109,40.45089999999618,18236.366799996176,1224.4818163767163
1764634416,3500,,Aggregated,344.300000,184.900000,9000,10000,10000,10000,10000,11000,14000,15000,17000,17000,18000,196790,65829,9000.0,6364.503309117868,40.45089999999618,18236.366799996176,1223.593830987347
1764634417,3500,,Aggregated,345.900000,184.000000,9000,10000,10000,10000,10000,11000,14000,15000,17000,17000,18000,197147,65999,9000.0,6365.840659589074,40.45089999999618,18236.366799996176,1222.7840088867697
1764634418,3500,,Aggregated,354.500000,191.600000,9000,10000,10000,10000,10000,11000,14000,15000,17000,17000,18000,197473,66151,9000.0,6366.61516873603,40.45089999999618,18236.366799996176,1221.988535141513
1764634419,3500,,Aggregated,360.700000,191.000000,9000,10000,10000,10000,10000,11000,14000,15000,17000,17000,18000,197893,66392,9000.0,6370.125503875887,40.45089999999618,18236.366799996176,1220.7964303942028
1764634420,3500,,Aggregated,349.500000,180.000000,9000,10000,10000,10000,10000,11000,14000,15000,17000,17000,18000,198480,66812,9000.0,6368.391653300646,40.45089999999618,18236.366799996176,1218.5764812575574
1764634421,3500,,Aggregated,348.900000,179.800000,9000,10000,10000,10000,10000,11000,14000,15000,17000,17000,18000,199889,68175,9000.0,6360.639541742732,40.45089999999618,18236.366799996176,1210.512179259489
1764634422,3500,,Aggregated,360.100000,190.800000,9000,10000,10000,10000,10000,11000,14000,15000,17000,17000,18000,200709,68911,9000.0,6356.029959650607,40.45089999999618,18236.366799996176,1205.7758745248095
1764634423,3500,,Aggregated,447.100000,285.300000,9000,10000,10000,10000,10000,11000,14000,15000,17000,17000,18000,200907,68929,9000.0,6351.342386710833,40.45089999999618,18236.366799996176,1204.6872881482477
1764634424,3500,,Aggregated,534.800000,386.000000,9000,10000,10000,10000,10000,11000,14000,15000,17000,17000,18000,201071,68929,9000.0,6347.012389201389,40.45089999999618,18236.366799996176,1203.7940727404748
1764634425,3500,,Aggregated,523.600000,373.100000,9000,10000,10000,10000,10000,11000,14000,15000,17000,17000,18000,201263,68929,9000.0,6342.453443460117,40.45089999999618,18236.366799996176,1202.7945374957146
1764634426,3500,,Aggregated,507.800000,354.400000,9000,10000,10000,10000,10000,11000,14000,15000,17000,17000,18000,201413,68929,9000.0,6338.624222038858,40.45089999999618,18236.366799996176,1202.0181716175223
1764634427,3500,,Aggregated,487.300000,336.800000,9000,10000,10000,10000,10000,11000,14000,15000,17000,17000,18000,201509,68936,9000.0,6336.02550982245,40.45089999999618,18236.366799996176,1201.5146916514896
1764634428,3500,,Aggregated,467.100000,314.100000,9000,10000,10000,10000,10000,11000,14000,15000,17000,17000,18000,201722,69120,9000.0,6333.3364105997925,40.45089999999618,18236.366799996176,1200.3060647822251
1764634429,3500,,Aggregated,441.700000,297.900000,8900,10000,10000,10000,10000,11000,14000,15000,17000,18000,18000,203444,70836,8900.0,6320.396326988313,37.40090000064811,18306.6977999988,1190.477256640648
1764634430,3500,,Aggregated,417.500000,285.400000,8900,10000,10000,10000,10000,11000,14000,15000,17000,18000,18000,204729,72057,8900.0,6314.639215475636,37.40090000064811,18306.6977999988,1183.2875362063996
1764634431,3500,,Aggregated,512.300000,395.500000,8900,10000,10000,10000,10000,11000,14000,15000,17000,18000,18000,205419,72626,8900.0,6301.661592087931,37.40090000064811,18306.6977999988,1179.4909769787605
1764634432,3500,,Aggregated,611.600000,510.600000,8900,10000,10000,10000,10000,11000,14000,15000,17000,18000,22000,206080,73214,8900.0,6291.819890224725,37.40090000064811,21971.12200000265,1175.858399650621
1764634433,3500,,Aggregated,573.000000,468.300000,8900,10000,10000,10000,10000,11000,14000,15000,17000,20000,22000,206930,74030,8900.0,6276.03202531055,37.40090000064811,22384.66299999709,1171.2061953317548
1764634434,3500,,Aggregated,526.000000,417.400000,8800,10000,10000,10000,10000,11000,14000,15000,17000,20000,22000,207646,74724,8800.0,6259.426954076227,37.40090000064811,22384.66299999709,1167.3120069734066
1764634435,3500,,Aggregated,575.000000,477.200000,8800,10000,10000,10000,10000,11000,14000,15000,17000,20000,22000,208385,75424,8800.0,6242.792443726335,37.40090000064811,22384.66299999709,1163.3351824747463
1764634436,3500,,Aggregated,616.400000,534.000000,8800,10000,10000,10000,10000,11000,14000,15000,17000,20000,22000,208737,75717,8800.0,6235.627617169032,37.40090000064811,22384.66299999709,1161.5200036409453
1764634437,3500,,Aggregated,682.900000,613.600000,8800,10000,10000,10000,10000,11000,14000,15000,17000,20000,22000,208917,75802,8800.0,6231.836420447422,37.40090000064811,22384.66299999709,1160.7271260835644
1764634438,3500,,Aggregated,729.200000,674.200000,8800,10000,10000,10000,10000,11000,14000,15000,17000,20000,22000,209089,75869,8800.0,6228.57266204494,37.40090000064811,22384.66299999709,1160.3249812280894
1764634439,3500,,Aggregated,734.300000,682.900000,8800,10000,10000,10000,10000,11000,14000,15000,17000,20000,22000,209263,75941,8800.0,6225.649407169034,37.40090000064811,22384.66299999709,1159.8966754753587
1764634440,3500,,Aggregated,743.000000,687.800000,8800,10000,10000,10000,10000,11000,14000,15000,17000,20000,22000,209495,76012,8800.0,6222.647662673635,37.40090000064811,22384.66299999709,1160.0943220601923
1764634441,3500,,Aggregated,631.500000,566.300000,8800,10000,10000,10000,10000,11000,14000,15000,17000,20000,22000,209870,76052,8800.0,6219.982758287092,37.40090000064811,22384.66299999709,1160.7915471482347
1764634442,3500,,Aggregated,505.200000,429.900000,8800,10000,10000,10000,10000,11000,14000,15000,17000,20000,22000,210330,76052,8800.0,6216.788834513929,37.40090000064811,22384.66299999709,1161.1044216231635
1764634443,3500,,Aggregated,448.400000,363.100000,8800,10000,10000,10000,10000,11000,14000,15000,17000,20000,22000,210756,76052,8800.0,6212.622117796954,37.40090000064811,22384.66299999709,1162.5827449752321
1764634444,3500,,Aggregated,425.000000,304.500000,8800,10000,10000,10000,10000,11000,14000,15000,17000,20000,22000,211069,76052,8800.0,6207.637766335712,37.40090000064811,22384.66299999709,1162.904277748035
1764634445,3500,,Aggregated,391.300000,235.100000,8700,10000,10000,10000,10000,11000,14000,15000,17000,20000,22000,211310,76052,8700.0,6203.881423278182,37.40090000064811,22384.66299999709,1163.0769485589892
1764634446,3500,,Aggregated,371.000000,178.300000,8700,10000,10000,10000,10000,11000,14000,15000,17000,20000,22000,211493,76052,8700.0,6200.888671008557,37.40090000064811,22384.66299999709,1163.2153451887295
1764634447,3500,,Aggregated,318.500000,98.700000,8700,10000,10000,10000,10000,11000,14000,15000,17000,20000,22000,211645,76052,8700.0,6198.41666308164,37.40090000064811,22384.66299999709,1163.457572822415
1764634448,3500,,Aggregated,271.500000,38.100000,8700,10000,10000,10000,10000,11000,14000,15000,17000,20000,22000,211760,76052,8700.0,6196.099937040103,37.40090000064811,22384.66299999709,1163.4760105780128
1764634449,3500,,Aggregated,274.300000,29.200000,8700,10000,10000,10000,10000,11000,14000,15000,17000,20000,22000,211879,76052,8700.0,6194.165676723096,37.40090000064811,22384.66299999709,1163.4434936921546
1764634450,3500,,Aggregated,269.800000,21.900000,8700,10000,10000,10000,10000,11000,14000,15000,17000,20000,22000,211971,76052,8700.0,6192.361281377233,37.40090000064811,22384.66299999709,1163.5943501705422
1764634451,3500,,Aggregated,264.700000,15.400000,8700,10000,10000,10000,10000,11000,14000,15000,17000,20000,22000,212277,76257,8700.0,6197.631266269614,37.40090000064811,22384.66299999709,1162.6582672639995
1764634452,3500,,Aggregated,256.000000,7.800000,8700,10000,10000,10000,10000,11000,14000,15000,17000,20000,22000,212730,76612,8700.0,6207.893400539712,37.40090000064811,22384.66299999709,1160.9391200112818
1764634453,3500,,Aggregated,238.600000,2.400000,8800,10000,10000,10000,10000,11000,14000,15000,17000,20000,22000,213286,77039,8800.0,6220.457545058816,37.40090000064811,22384.66299999709,1158.4591112403064
1764634454,3500,,Aggregated,237.100000,36.500000,8800,10000,10000,10000,10000,11000,14000,16000,18000,20000,22000,213843,77472,8800.0,6234.451392658709,37.40090000064811,22384.66299999709,1155.7154781779157
1764634455,3500,,Aggregated,238.400000,67.800000,8800,10000,10000,10000,10000,11000,14000,16000,19000,21000,22000,214294,77779,8800.0,6242.832664957105,37.40090000064811,22384.66299999709,1153.8225755270796
1764634456,3500,,Aggregated,256.900000,111.400000,8800,10000,10000,10000,10000,11000,14000,16000,19000,22000,23000,214866,78199,8800.0,6256.713104758405,37.40090000064811,23160.70590000163,1151.1682071616729
1764634457,3500,,Aggregated,276.400000,150.900000,8800,10000,10000,10000,10000,11000,14000,16000,20000,22000,25000,215236,78415,8800.0,6258.445088152642,37.40090000064811,24626.572000001033,1149.8730509766024
1764634458,3500,,Aggregated,310.200000,184.700000,8800,10000,10000,10000,10000,11000,14000,16000,20000,22000,26000,215477,78511,8800.0,6259.144079816976,37.40090000064811,26029.161799997382,1149.4611118588064
1764634459,3500,,Aggregated,347.400000,227.600000,8800,10000,10000,10000,10000,11000,14000,16000,20000,23000,27000,215865,78758,8800.0,6255.741685958003,37.40090000064811,26655.567900001188,1148.176652074213
1764634460,3500,,Aggregated,361.800000,238.200000,8800,10000,10000,10000,10000,11000,14000,16000,20000,25000,28000,216307,79030,8800.0,6253.933678560218,37.40090000064811,28028.137000001152,1147.331371615343
1764634461,3500,,Aggregated,372.200000,247.100000,8800,10000,10000,10000,10000,11000,14000,16000,20000,26000,29000,216747,79211,8800.0,6257.320122456252,37.40090000064811,28663.291500000923,1147.2783060434515
1764634462,3500,,Aggregated,403.000000,276.300000,8800,10000,10000,10000,10000,11000,15000,16000,21000,28000,30000,217154,79329,8700.0,6260.700966561172,37.40090000064811,30108.79780000687,1147.662948874992
1764634463,3500,,Aggregated,438.800000,302.400000,8700,10000,10000,10000,10000,11000,15000,16000,23000,30000,30000,217559,79416,8700.0,6264.280823277946,37.40090000064811,30307.926000001316,1148.6349909679673
1764634464,3500,,Aggregated,439.000000,285.300000,8700,10000,10000,10000,10000,11000,15000,16000,24000,30000,30000,218079,79646,8700.0,6264.406113157271,37.40090000064811,30307.926000001316,1148.3973651750055
1764634465,3500,,Aggregated,436.500000,261.700000,8700,10000,10000,10000,10000,12000,15000,16000,25000,30000,30000,218510,79787,8700.0,6262.4749756854335,37.40090000064811,30307.926000001316,1148.3217930529495
1764634466,3500,,Aggregated,420.600000,228.700000,8700,10000,10000,10000,10000,12000,15000,16000,26000,30000,30000,218934,79906,8700.0,6262.4847491386745,37.40090000064811,30307.926000001316,1148.247252596673
1764634467,3500,,Aggregated,418.800000,209.800000,8700,10000,10000,10000,10000,12000,15000,16000,26000,30000,30000,219343,80083,8700.0,6262.210540269464,37.40090000064811,30307.926000001316,1147.8146783804361
1764634468,3500,,Aggregated,413.500000,190.800000,8700,10000,10000,10000,10000,12000,15000,16000,26000,30000,30000,219861,80294,8700.0,6258.322330977421,37.40090000064811,30307.926000001316,1147.0379876376437
1764634469,3500,,Aggregated,397.700000,161.400000,8700,10000,10000,10000,10000,12000,15000,16000,26000,30000,30000,220291,80490,8700.0,6254.968096999078,37.40090000064811,30307.926000001316,1146.0906845944683
1764634470,3500,,Aggregated,408.700000,166.100000,8700,10000,10000,10000,10000,12000,15000,16000,26000,30000,30000,220755,80736,8700.0,6252.0989788581055,37.40090000064811,30307.926000001316,1144.9412108446015
1764634471,3500,,Aggregated,440.400000,179.800000,8700,10000,10000,10000,10000,12000,15000,16000,26000,30000,30000,221229,81018,8700.0,6251.845057139516,37.40090000064811,30307.926000001316,1143.655085906459
1764634472,3500,,Aggregated,438.500000,169.500000,8700,10000,10000,10000,10000,12000,15000,16000,26000,30000,30000,221670,81291,8700.0,6249.802188933623,37.40090000064811,30307.926000001316,1142.0512699057158
1764634473,3500,,Aggregated,441.000000,169.000000,8700,10000,10000,10000,10000,12000,15000,16000,26000,30000,30000,222124,81557,8700.0,6247.965875312516,37.40090000064811,30307.926000001316,1140.35874106355
1764634475,3500,,Aggregated,436.500000,174.800000,8700,10000,10000,10000,10000,12000,15000,16000,26000,30000,30000,222528,81789,8700.0,6243.832431868881,37.40090000064811,30307.926000001316,1138.9365787676159
1764634476,3500,,Aggregated,446.000000,210.400000,8700,10000,10000,10000,10000,12000,15000,16000,26000,30000,30000,222996,82105,8700.0,6239.679684862143,37.40090000064811,30307.926000001316,1137.1285449066352
1764634477,3500,,Aggregated,438.200000,213.000000,8700,10000,10000,10000,10000,12000,15000,16000,26000,30000,30000,223519,82483,8700.0,6237.180612798103,37.40090000064811,30307.926000001316,1134.945074020553
1764634478,3500,,Aggregated,426.400000,220.800000,8700,10000,10000,10000,10000,12000,15000,16000,26000,30000,30000,223947,82771,8700.0,6237.491666046514,37.40090000064811,30307.926000001316,1133.2566946643626
1764634479,3500,,Aggregated,440.200000,246.500000,8700,10000,10000,10000,10000,12000,15000,16000,26000,30000,30000,224398,83077,8700.0,6234.399755623566,37.40090000064811,30307.926000001316,1131.3731316678402
1764634480,3500,,Aggregated,448.200000,262.600000,8700,10000,10000,10000,10000,11000,15000,16000,26000,30000,30000,224828,83366,8700.0,6231.255277201312,37.40090000064811,30307.926000001316,1129.8354564378103
1764634481,3500,,Aggregated,436.500000,267.900000,8700,10000,10000,10000,10000,11000,15000,16000,26000,30000,30000,225274,83654,8700.0,6226.418637664873,37.40090000064811,30307.926000001316,1128.1217717091188
1764634482,3500,,Aggregated,438.500000,277.700000,8600,10000,10000,10000,10000,11000,15000,16000,26000,30000,30000,225771,83959,8600.0,6222.820951787079,37.40090000064811,30307.926000001316,1126.4865505312905
1764634483,3500,,Aggregated,433.800000,280.500000,8600,10000,10000,10000,10000,11000,15000,16000,27000,30000,30000,226251,84278,8600.0,6220.545705867908,37.40090000064811,30307.926000001316,1124.791846223884
1764634484,3500,,Aggregated,441.800000,286.500000,8600,10000,10000,10000,10000,11000,15000,16000,27000,30000,30000,226704,84554,8600.0,6220.391878202511,37.40090000064811,30307.926000001316,1123.597828004799
1764634485,3500,,Aggregated,445.300000,290.800000,8600,10000,10000,10000,10000,11000,15000,16000,27000,30000,30000,227152,84780,8600.0,6219.87788233308,37.40090000064811,30307.926000001316,1122.3330413115448
1764634486,3500,,Aggregated,446.100000,292.400000,8600,10000,10000,10000,10000,11000,15000,16000,28000,30000,30000,227639,85072,8600.0,6219.400144054494,37.40090000064811,30307.926000001316,1120.7578007283462
1764634487,3500,,Aggregated,441.500000,288.000000,8600,10000,10000,10000,10000,12000,15000,16000,29000,30000,30000,228180,85393,8600.0,6220.963874511004,37.40090000064811,30307.926000001316,1119.3644359716013
1764634488,3500,,Aggregated,455.500000,291.200000,8600,10000,10000,10000,10000,12000,15000,16000,29000,30000,30000,228589,85616,8600.0,6223.1860910609075,37.40090000064811,30307.926000001316,1118.4198627230533
1764634489,3500,,Aggregated,459.300000,290.600000,8600,10000,10000,10000,10000,12000,15000,16000,29000,30000,30000,229134,85962,8600.0,6223.107427090801,37.40090000064811,30307.926000001316,1116.7632389780651
1764634490,3500,,Aggregated,455.000000,279.600000,8600,10000,10000,10000,10000,12000,15000,16000,29000,30000,30000,229610,86241,8600.0,6222.9889374566565,37.40090000064811,30307.926000001316,1115.398636818954
1764634491,3500,,Aggregated,460.300000,279.900000,8600,10000,10000,10000,10000,12000,15000,16000,29000,30000,30000,230063,86494,8600.0,6219.569412529724,37.40090000064811,30307.926000001316,1114.0620438749386
1764634492,3500,,Aggregated,470.100000,284.900000,8600,9900,10000,10000,10000,12000,15000,16000,29000,30000,30000,230475,86704,8600.0,6218.742153851941,37.40090000064811,30307.926000001316,1113.1792515457207
1764634493,3500,,Aggregated,471.200000,281.200000,8600,9900,10000,10000,10000,11000,15000,16000,30000,30000,30000,230975,86951,8600.0,6214.295900682009,37.40090000064811,30307.926000001316,1111.9190172096546
1764634494,3500,,Aggregated,463.500000,273.200000,8600,9900,10000,10000,10000,11000,15000,16000,30000,30000,30000,231486,87241,8600.0,6210.303567255583,37.40090000064811,30307.926000001316,1110.484755017582
1764634495,3500,,Aggregated,466.800000,265.800000,8600,9900,10000,10000,10000,11000,15000,16000,30000,30000,30000,232005,87557,8600.0,6207.413643314687,37.40090000064811,30307.926000001316,1108.8447878278484
1764634496,3500,,Aggregated,470.700000,264.700000,8600,9900,10000,10000,10000,11000,15000,16000,30000,30000,30000,232457,87767,8600.0,6205.663300482785,37.40090000064811,30307.926000001316,1107.9098758049877
1764634497,3500,,Aggregated,485.700000,276.700000,8600,9900,10000,10000,10000,11000,15000,16000,30000,30000,30000,232912,87986,8600.0,6200.839253333556,37.40090000064811,30307.926000001316,1106.7213454008381
1764634498,3500,,Aggregated,482.300000,275.600000,8600,9900,10000,10000,10000,11000,15000,16000,30000,30000,30000,233344,88216,8600.0,6196.914053683936,37.40090000064811,30307.926000001316,1105.5303928963247
1764634499,3500,,Aggregated,471.300000,258.200000,8500,9900,10000,10000,10000,11000,15000,16000,30000,30000,30000,233766,88469,8500.0,6192.070390307067,37.40090000064811,30307.926000001316,1104.4484441706663
1764634500,3500,,Aggregated,474.300000,260.000000,8500,9900,10000,10000,10000,11000,15000,16000,30000,30000,30000,234235,88781,8500.0,6189.737106734773,37.40090000064811,30307.926000001316,1102.893329348731
1764634501,3500,,Aggregated,467.700000,254.700000,8500,9900,10000,10000,10000,11000,15000,16000,30000,30000,30000,234771,89126,8500.0,6185.457696898333,37.40090000064811,30307.926000001316,1101.0612809929676
1764634502,3500,,Aggregated,456.100000,248.300000,8500,9900,10000,10000,10000,11000,15000,16000,30000,30000,30000,235227,89406,8500.0,6182.307646882017,37.40090000064811,30307.926000001316,1099.534207382656
1764634503,3500,,Aggregated,464.300000,256.900000,8500,9900,10000,10000,10000,11000,15000,16000,30000,30000,30000,235742,89745,8500.0,6179.208795711488,37.40090000064811,30307.926000001316,1097.787475290784
1764634504,3500,,Aggregated,471.600000,264.800000,8500,9900,10000,10000,10000,11000,15000,16000,30000,30000,30000,236187,90033,8500.0,6179.422325423572,37.40090000064811,30307.926000001316,1096.5387934136934
1764634505,3500,,Aggregated,465.600000,269.400000,8500,9900,10000,10000,10000,11000,15000,16000,30000,30000,30000,236593,90285,8500.0,6175.956261177714,37.40090000064811,30307.926000001316,1095.1597257737972
1764634506,3500,,Aggregated,461.100000,272.300000,8500,9900,10000,10000,10000,11000,15000,16000,30000,30000,30000,237091,90620,8500.0,6172.6947454117535,37.40090000064811,30307.926000001316,1093.4961217422847
1764634507,3500,,Aggregated,458.500000,271.500000,8500,9900,10000,10000,10000,11000,15000,16000,30000,30000,30000,237597,90970,8500.0,6171.599129451618,37.40090000064811,30307.926000001316,1091.7784147106233
1764634508,3500,,Aggregated,457.400000,274.700000,8500,9900,10000,10000,10000,11000,15000,16000,30000,30000,30000,237961,91208,8500.0,6173.531284624436,37.40090000064811,30390.99929999793,1090.7455969675702
1764634509,3500,,Aggregated,459.800000,288.900000,8500,9900,10000,10000,10000,11000,15000,16000,30000,30000,30000,238424,91487,8500.0,6171.327130042767,37.40090000064811,30390.99929999793,1089.3201733047008
1764634510,3500,,Aggregated,450.200000,289.300000,8500,9900,10000,10000,10000,11000,15000,16000,30000,30000,30000,238871,91764,8500.0,6167.297560415098,37.40090000064811,30390.99929999793,1087.888839582871
1764634511,3500,,Aggregated,459.100000,298.700000,8500,9900,10000,10000,10000,11000,15000,16000,30000,30000,30000,239366,92061,8500.0,6164.626241686866,37.40090000064811,30390.99929999793,1086.562009642138
1764634512,3500,,Aggregated,462.600000,297.600000,8500,9900,10000,10000,10000,11000,15000,17000,30000,30000,30000,239826,92345,8500.0,6165.290877194788,37.40090000064811,30390.99929999793,1085.3720280536722
1764634513,3500,,Aggregated,452.600000,290.300000,8500,9900,10000,10000,10000,11000,15000,17000,30000,30000,30000,240312,92613,8500.0,6164.093893592157,37.40090000064811,30390.99929999793,1083.9900629182064
1764634514,3500,,Aggregated,453.600000,289.400000,8500,9900,10000,10000,10000,11000,15000,17000,30000,30000,30000,240807,92876,8500.0,6162.355887213894,37.40090000064811,30390.99929999793,1082.7769084785741
1764634515,3500,,Aggregated,456.200000,288.200000,8400,9800,10000,10000,10000,11000,15000,17000,30000,30000,53000,241277,93146,8400.0,6161.30742062864,37.40090000064811,53362.64540000411,1081.7738823012553
1764634516,3500,,Aggregated,460.600000,286.300000,8400,9800,10000,10000,10000,11000,15000,17000,30000,30000,53000,241658,93329,8400.0,6161.019704040488,37.40090000064811,53362.64540000411,1081.260127949416
1764634517,3500,,Aggregated,459.100000,282.200000,8400,9800,10000,10000,10000,11000,15000,17000,30000,30000,53000,242173,93580,8400.0,6156.325134833852,37.40090000064811,53362.64540000411,1080.1347218723804
1764634518,3500,,Aggregated,457.300000,278.600000,8400,9800,10000,10000,10000,11000,15000,17000,30000,30000,53000,242662,93825,8400.0,6154.00091690879,37.40090000064811,53362.64540000411,1079.2180852379029
1764634519,3500,,Aggregated,454.000000,265.100000,8400,9800,10000,10000,10000,11000,15000,17000,30000,30000,53000,243089,94030,8400.0,6150.958446298756,37.40090000064811,53362.64540000411,1078.3248810106586
1764634520,3500,,Aggregated,468.900000,266.000000,8400,9800,10000,10000,10000,11000,15000,17000,30000,30000,53000,243480,94222,8400.0,6149.4656255898535,37.40090000064811,53362.64540000411,1077.6163257762444
1764634521,3500,,Aggregated,468.400000,258.500000,8400,9800,10000,10000,10000,11000,15000,17000,30000,30000,53000,243993,94499,8400.0,6146.748599850884,37.40090000064811,53362.64540000411,1076.5000389355432
1764634522,3500,,Aggregated,463.000000,252.100000,8400,9800,10000,10000,10000,11000,15000,17000,30000,30000,53000,244442,94721,8400.0,6144.653006687532,37.40090000064811,53362.64540000411,1075.5302648481031
