Timestamp,User Count,Type,Name,Requests/s,Failures/s,50%,66%,75%,80%,90%,95%,98%,99%,99.9%,99.99%,100%,Total Request Count,Total Failure Count,Total Median Response Time,Total Average Response Time,Total Min Response Time,Total Max Response Time,Total Average Content Size
1764630568,0,,Aggregated,0.000000,0.000000,N/A,N/A,N/A,N/A,N/A,N/A,N/A,N/A,N/A,N/A,N/A,0,0,0,0.0,0,0,0
1764630569,20,,Aggregated,0.000000,0.000000,340,420,490,510,720,910,990,990,990,990,990,32,0,300.0,353.07003437469575,58.0435999945621,990.3880999991088,10881.0
1764630570,20,,Aggregated,0.000000,0.000000,300,420,510,700,990,1100,1100,1100,1100,1100,1100,40,0,280.0,374.42215499977465,58.0435999945621,1134.534300006635,9191.675
1764630571,20,,Aggregated,28.000000,0.000000,220,360,460,510,910,1000,1100,1100,1100,1100,1100,49,0,220.0,333.87155306100254,58.0435999945621,1134.534300006635,7674.673469387755
1764630572,20,,Aggregated,19.500000,0.000000,200,320,410,470,790,1000,1100,1100,1100,1100,1100,58,0,190.0,302.1175931032209,51.83170000236714,1134.534300006635,6760.051724137931
1764630573,20,,Aggregated,19.500000,0.000000,160,280,360,420,720,990,1100,1100,1100,1100,1100,67,0,160.0,273.22978955233526,51.83170000236714,1134.534300006635,6090.194029850746
1764630574,20,,Aggregated,14.250000,0.000000,130,240,340,410,700,990,1100,1100,1100,1100,1100,75,0,130.0,252.8548053332876,51.83170000236714,1134.534300006635,5644.04
1764630575,20,,Aggregated,13.400000,0.000000,130,230,310,360,530,910,1100,1100,1100,1100,1100,82,0,130.0,238.19510365865426,51.08410000684671,1134.534300006635,5348.719512195122
1764630576,20,,Aggregated,12.166667,0.000000,130,220,300,360,530,910,1100,1100,1100,1100,1100,88,0,130.0,228.35655000000605,51.08410000684671,1134.534300006635,5118.193181818182
1764630577,20,,Aggregated,11.428571,0.000000,130,220,250,320,510,910,1100,1100,1100,1100,1100,97,0,130.0,218.17917938130552,51.08410000684671,1134.534300006635,4804.711340206186
1764630578,20,,Aggregated,11.428571,0.000000,120,190,240,300,490,790,1000,1100,1100,1100,1100,107,0,120.0,208.26565420565686,51.08410000684671,1134.534300006635,4693.177570093458
1764630579,20,,Aggregated,10.555556,0.000000,120,180,230,280,470,790,1000,1100,1100,1100,1100,115,0,120.0,200.10924521737488,51.08410000684671,1134.534300006635,4420.547826086957
1764630580,20,,Aggregated,10.555556,0.000000,110,180,230,270,460,720,1000,1100,1100,1100,1100,122,0,83,195.08684672127558,51.08410000684671,1134.534300006635,4253.754098360656
1764630581,20,,Aggregated,8.600000,0.000000,81,170,220,250,460,720,1000,1100,1100,1100,1100,129,0,81,189.1398806200618,51.02759999863338,1134.534300006635,4168.488372093023
1764630582,20,,Aggregated,8.300000,0.000000,80,140,220,240,420,720,1000,1100,1100,1100,1100,140,0,79,182.3532364284412,51.02759999863338,1134.534300006635,4019.6285714285714
1764630583,20,,Aggregated,8.000000,0.000000,79,130,220,230,410,700,1000,1100,1100,1100,1100,148,0,75,177.52714999993702,51.02759999863338,1134.534300006635,3936.587837837838
1764630584,20,,Aggregated,7.800000,0.000000,74,130,220,230,380,700,990,1100,1100,1100,1100,158,0,73,172.15828924047315,50.597399997059256,1134.534300006635,3786.8607594936707
1764630585,20,,Aggregated,8.000000,0.000000,72,130,220,230,360,530,990,1100,1100,1100,1100,166,0,71,167.82723373490813,50.597399997059256,1134.534300006635,3701.3012048192772
1764630586,20,,Aggregated,8.300000,0.000000,72,130,220,230,360,530,990,1100,1100,1100,1100,176,0,72,165.15733352269473,48.569800004770514,1134.534300006635,3627.931818181818
1764630587,20,,Aggregated,8.500000,0.000000,72,130,220,230,340,510,990,1100,1100,1100,1100,184,0,71,162.17884782607777,48.569800004770514,1134.534300006635,3591.0978260869565
1764630588,20,,Aggregated,8.700000,0.000000,70,130,220,220,320,510,990,1100,1100,1100,1100,192,0,69,158.81594062500426,48.569800004770514,1134.534300006635,3528.078125
1764630589,20,,Aggregated,8.600000,0.000000,69,130,210,220,320,510,990,1100,1100,1100,1100,200,0,68,156.22208099997806,48.569800004770514,1134.534300006635,3462.0
1764630590,20,,Aggregated,8.300000,0.000000,69,130,200,220,310,490,910,1000,1100,1100,1100,208,0,68,154.21303076926472,48.569800004770514,1134.534300006635,3451.798076923077
1764630591,20,,Aggregated,8.400000,0.000000,68,130,200,220,310,490,910,1000,1100,1100,1100,216,0,68,152.39050092606232,48.569800004770514,1134.534300006635,3391.2268518518517
1764630592,20,,Aggregated,8.500000,0.000000,68,130,190,220,300,470,910,1000,1100,1100,1100,225,0,68,150.44008000010055,48.569800004770514,1134.534300006635,3360.288888888889
1764630593,20,,Aggregated,8.300000,0.000000,68,120,180,220,280,470,910,1000,1100,1100,1100,235,0,68,148.50795787243305,48.569800004770514,1134.534300006635,3364.668085106383
1764630594,20,,Aggregated,8.700000,0.000000,68,120,180,220,280,460,910,1000,1100,1100,1100,242,0,68,146.54552314050682,48.569800004770514,1134.534300006635,3347.8223140495866
1764630595,20,,Aggregated,8.600000,0.000000,67,120,140,220,270,460,790,1000,1100,1100,1100,253,0,67,143.12486403161938,47.36119999870425,1134.534300006635,3330.7312252964425
1764630596,20,,Aggregated,8.500000,0.000000,68,120,160,220,270,460,790,1000,1100,1100,1100,260,0,68,142.88326346149216,47.36119999870425,1134.534300006635,3290.3423076923077
1764630597,20,,Aggregated,8.400000,0.000000,67,120,140,220,260,420,790,1000,1100,1100,1100,273,0,67,140.47766336995295,47.36119999870425,1134.534300006635,3226.6666666666665
1764630598,20,,Aggregated,8.300000,0.000000,67,120,140,220,260,420,790,1000,1100,1100,1100,279,0,67,139.58676559139667,47.36119999870425,1134.534300006635,3189.2186379928316
1764630599,20,,Aggregated,8.800000,0.000000,67,120,130,220,250,410,790,1000,1100,1100,1100,285,0,67,138.09966596490355,47.36119999870425,1134.534300006635,3174.6701754385963
1764630600,20,,Aggregated,8.700000,0.000000,67,120,130,210,250,410,790,1000,1100,1100,1100,295,0,67,136.29712644067664,47.36119999870425,1134.534300006635,3126.5593220338983
1764630601,20,,Aggregated,8.500000,0.000000,67,120,130,210,250,380,720,990,1100,1100,1100,307,0,67,134.45245570029456,47.36119999870425,1134.534300006635,3089.9609120521172
1764630602,20,,Aggregated,8.500000,0.000000,67,120,130,200,240,380,720,990,1100,1100,1100,311,0,67,133.7498286173526,47.36119999870425,1134.534300006635,3070.958199356913
1764630603,20,,Aggregated,9.400000,0.000000,67,120,130,210,240,380,720,990,1100,1100,1100,320,0,67,133.30733093748677,47.36119999870425,1134.534300006635,3043.971875
1764630604,20,,Aggregated,8.800000,0.000000,67,120,130,200,240,360,720,990,1100,1100,1100,331,0,67,131.97610785494354,47.36119999870425,1134.534300006635,3027.6495468277944
1764630605,20,,Aggregated,8.100000,0.000000,67,120,130,190,240,360,720,990,1100,1100,1100,341,0,67,129.87586158356606,47.36119999870425,1134.534300006635,2991.9061583577713
1764630606,20,,Aggregated,8.800000,0.000000,67,110,130,180,240,360,700,990,1100,1100,1100,351,0,67,128.43419373217185,47.36119999870425,1134.534300006635,2995.5213675213677
1764630607,20,,Aggregated,8.900000,0.000000,66,110,130,180,240,360,700,990,1100,1100,1100,358,0,66,127.71663491620829,47.36119999870425,1134.534300006635,2954.45530726257
1764630608,20,,Aggregated,8.900000,0.000000,67,110,130,180,240,340,700,990,1100,1100,1100,362,0,66,127.3349477900541,47.36119999870425,1134.534300006635,2966.511049723757
1764630609,20,,Aggregated,8.700000,0.000000,66,110,130,160,240,340,700,990,1100,1100,1100,371,0,66,125.84828221019654,47.36119999870425,1134.534300006635,2965.6954177897574
1764630610,20,,Aggregated,8.200000,0.000000,66,110,130,160,240,320,700,990,1100,1100,1100,381,0,66,125.57864199475608,47.36119999870425,1134.534300006635,2973.8871391076113
1764630611,20,,Aggregated,8.300000,0.000000,67,120,130,170,240,320,700,990,1100,1100,1100,384,0,66,125.76372786458023,47.36119999870425,1134.534300006635,2981.3854166666665
1764630612,20,,Aggregated,8.700000,0.000000,66,120,130,160,240,320,700,990,1100,1100,1100,395,0,66,124.78080455694919,47.36119999870425,1134.534300006635,2966.46582278481
1764630613,20,,Aggregated,7.700000,0.000000,66,110,130,140,230,310,530,910,1100,1100,1100,403,0,66,123.6346434243139,47.36119999870425,1134.534300006635,2972.411910669975
1764630614,20,,Aggregated,8.100000,0.000000,66,110,130,140,230,310,530,910,1100,1100,1100,413,0,66,122.5677179176511,47.36119999870425,1134.534300006635,2933.5714285714284
1764630615,20,,Aggregated,8.500000,0.000000,66,110,130,150,230,310,530,910,1100,1100,1100,421,0,66,122.66371662707681,47.36119999870425,1134.534300006635,2890.0
1764630616,20,,Aggregated,7.700000,0.000000,66,110,130,150,230,310,530,910,1100,1100,1100,427,0,66,122.28443583137745,47.36119999870425,1134.534300006635,2890.192037470726
1764630617,20,,Aggregated,8.000000,0.000000,66,110,130,140,230,310,530,910,1100,1100,1100,437,0,66,121.15433340960726,47.36119999870425,1134.534300006635,2874.3844393592676
1764630618,20,,Aggregated,7.900000,0.000000,66,110,130,140,230,300,530,910,1100,1100,1100,447,0,66,120.26536062639975,47.36119999870425,1134.534300006635,2868.0514541387024
1764630619,20,,Aggregated,7.200000,0.000000,66,110,130,140,230,300,510,910,1100,1100,1100,453,0,66,120.3534364238286,47.36119999870425,1134.534300006635,2832.58940397351
1764630620,20,,Aggregated,8.600000,0.000000,66,110,130,140,230,280,510,910,1100,1100,1100,463,0,66,119.18567451406092,47.36119999870425,1134.534300006635,2816.5658747300217
1764630621,20,,Aggregated,8.300000,0.000000,66,110,130,130,230,280,510,910,1100,1100,1100,474,0,66,118.36244535869069,47.36119999870425,1134.534300006635,2807.9641350210973
1764630622,20,,Aggregated,8.100000,0.000000,66,110,130,130,230,280,510,910,1100,1100,1100,482,0,66,117.68527219920766,47.36119999870425,1134.534300006635,2802.219917012448
1764630623,20,,Aggregated,8.700000,0.000000,66,90,120,130,230,280,510,910,1100,1100,1100,490,0,66,116.80583510208133,47.36119999870425,1134.534300006635,2801.942857142857
1764630624,20,,Aggregated,8.500000,0.000000,66,110,120,130,230,280,510,910,1100,1100,1100,497,0,66,116.59042132805278,47.36119999870425,1134.534300006635,2805.835010060362
1764630625,20,,Aggregated,8.600000,0.000000,66,89,120,130,220,270,490,790,1100,1100,1100,502,0,65,116.0371980080657,47.36119999870425,1134.534300006635,2799.211155378486
1764630626,20,,Aggregated,8.700000,0.000000,65,88,120,130,220,270,490,790,1100,1100,1100,514,0,65,115.04615836586316,47.36119999870425,1134.534300006635,2800.922178988327
1764630627,20,,Aggregated,8.100000,0.000000,65,89,120,130,220,260,490,790,1100,1100,1100,522,0,65,115.03841015335192,47.36119999870425,1134.534300006635,2791.344827586207
1764630628,20,,Aggregated,8.200000,0.000000,65,88,120,130,220,260,490,790,1100,1100,1100,531,0,65,114.35071224115022,47.36119999870425,1134.534300006635,2786.337099811676
1764630629,20,,Aggregated,8.700000,0.000000,65,85,120,130,220,260,490,790,1100,1100,1100,537,0,65,113.7280327747887,47.36119999870425,1134.534300006635,2767.6983240223462
1764630630,20,,Aggregated,8.200000,0.000000,65,83,120,130,220,260,490,790,1100,1100,1100,547,0,65,112.8856800732282,47.36119999870425,1134.534300006635,2752.842778793419
1764630631,20,,Aggregated,8.400000,0.000000,65,81,120,130,220,260,470,790,1100,1100,1100,555,0,65,112.50144846857734,47.36119999870425,1134.534300006635,2736.472072072072
1764630632,20,,Aggregated,7.800000,0.000000,65,81,120,130,220,250,470,790,1100,1100,1100,564,0,64,111.85511276607618,47.36119999870425,1134.534300006635,2730.0567375886526
1764630633,20,,Aggregated,8.100000,0.000000,65,81,120,130,220,250,470,790,1100,1100,1100,568,0,65,111.8137007043374,47.36119999870425,1134.534300006635,2738.044014084507
1764630634,20,,Aggregated,8.000000,0.000000,64,80,120,130,220,250,470,790,1100,1100,1100,580,0,64,110.94600034493537,47.36119999870425,1134.534300006635,2730.0810344827587
1764630635,20,,Aggregated,8.100000,0.000000,64,81,120,130,220,250,470,790,1100,1100,1100,587,0,64,110.8348669507288,47.36119999870425,1134.534300006635,2730.6064735945483
1764630636,20,,Aggregated,7.600000,0.000000,65,81,120,130,220,250,470,790,1100,1100,1100,596,0,64,110.37207969809896,47.36119999870425,1134.534300006635,2727.058724832215
1764630637,20,,Aggregated,8.300000,0.000000,64,81,120,130,220,250,460,720,1100,1100,1100,602,0,64,110.07213803999808,47.36119999870425,1134.534300006635,2722.4584717607972
1764630638,20,,Aggregated,8.200000,0.000000,64,80,120,130,220,250,460,720,1100,1100,1100,609,0,64,109.70906683098579,47.36119999870425,1134.534300006635,2721.1806239737275
1764630639,20,,Aggregated,8.200000,0.000000,64,80,120,130,220,250,460,720,1100,1100,1100,615,0,64,109.24381300823799,47.36119999870425,1134.534300006635,2717.2162601626014
1764630640,20,,Aggregated,7.700000,0.000000,64,78,120,130,220,250,460,720,1100,1100,1100,628,0,64,108.59554171989298,47.36119999870425,1134.534300006635,2704.826433121019
1764630641,20,,Aggregated,7.700000,0.000000,64,79,120,130,220,250,460,720,1100,1100,1100,636,0,64,108.54522311334829,47.36119999870425,1134.534300006635,2702.9685534591194
1764630642,20,,Aggregated,8.400000,0.000000,64,78,120,130,220,250,460,720,1100,1100,1100,642,0,64,108.06209003128748,47.36119999870425,1134.534300006635,2696.403426791277
1764630643,20,,Aggregated,8.000000,0.000000,64,77,120,130,220,250,460,720,1100,1100,1100,649,0,64,107.64985161800774,47.36119999870425,1134.534300006635,2693.405238828968
1764630644,20,,Aggregated,8.100000,0.000000,64,75,120,130,220,250,420,720,1100,1100,1100,656,0,64,107.17263567086064,47.36119999870425,1134.534300006635,2686.8445121951218
1764630645,20,,Aggregated,7.600000,0.000000,64,75,120,130,220,240,420,720,1100,1100,1100,668,0,64,106.63815943126373,47.36119999870425,1134.534300006635,2669.6032934131736
1764630646,20,,Aggregated,8.200000,0.000000,64,74,120,130,220,240,420,720,1100,1100,1100,674,0,64,106.2904713651177,47.36119999870425,1134.534300006635,2669.59940652819
1764630647,20,,Aggregated,7.600000,0.000000,64,74,120,130,220,240,420,720,1100,1100,1100,682,0,64,105.78236964820489,47.36119999870425,1134.534300006635,2669.5879765395894
1764630648,20,,Aggregated,8.200000,0.000000,64,74,120,130,220,240,420,720,1100,1100,1100,692,0,64,105.66360419084495,47.36119999870425,1134.534300006635,2669.9971098265896
1764630649,20,,Aggregated,8.000000,0.000000,64,74,120,130,220,240,420,720,1100,1100,1100,698,0,64,105.35253724935988,47.36119999870425,1134.534300006635,2663.10888252149
1764630650,20,,Aggregated,7.900000,0.000000,64,74,120,130,220,240,410,700,1100,1100,1100,707,0,64,105.15649490814381,47.36119999870425,1134.534300006635,2658.7256011315417
1764630651,20,,Aggregated,8.200000,0.000000,64,73,120,130,220,240,410,700,1100,1100,1100,715,0,64,104.74060153851401,47.36119999870425,1134.534300006635,2670.54965034965
1764630652,20,,Aggregated,7.800000,0.000000,64,74,120,130,220,240,410,700,1100,1100,1100,723,0,64,104.93559059479851,47.36119999870425,1134.534300006635,2663.3651452282156
1764630653,20,,Aggregated,8.000000,0.000000,64,74,120,130,220,240,410,700,1100,1100,1100,730,0,64,104.63272506852151,47.36119999870425,1134.534300006635,2668.313698630137
1764630654,20,,Aggregated,8.100000,0.000000,64,73,120,120,220,240,410,700,1100,1100,1100,739,0,64,104.20735101490433,47.36119999870425,1134.534300006635,2676.8903924221922
1764630655,20,,Aggregated,8.200000,0.000000,64,74,120,130,220,240,410,700,1100,1100,1100,745,0,64,104.31070953022358,47.36119999870425,1134.534300006635,2679.7060402684565
1764630656,20,,Aggregated,8.100000,0.000000,64,74,120,130,220,240,380,700,1100,1100,1100,758,0,64,104.38697124012747,47.36119999870425,1134.534300006635,2679.463060686016
1764630657,20,,Aggregated,8.200000,0.000000,64,75,120,130,220,240,380,700,1100,1100,1100,764,0,64,104.5207391361579,47.36119999870425,1134.534300006635,2681.25
1764630658,20,,Aggregated,7.600000,0.000000,64,75,120,130,220,240,380,700,1100,1100,1100,775,0,64,104.55750800001682,47.122999996645376,1134.534300006635,2677.5948387096773
1764630659,20,,Aggregated,8.200000,0.000000,64,75,120,130,220,240,380,700,1100,1100,1100,781,0,64,104.41984507042959,47.122999996645376,1134.534300006635,2679.1267605633802
1764630660,20,,Aggregated,8.200000,0.000000,64,74,120,130,220,240,380,700,1100,1100,1100,787,0,64,104.27382363405975,47.122999996645376,1134.534300006635,2672.747141041931
1764630661,20,,Aggregated,8.400000,0.000000,64,74,120,130,220,240,380,700,1100,1100,1100,794,0,64,104.17157292192798,47.122999996645376,1134.534300006635,2665.5390428211585
1764630662,20,,Aggregated,8.200000,0.000000,64,73,120,130,220,240,360,530,1100,1100,1100,804,0,64,103.75989950249341,47.122999996645376,1134.534300006635,2662.094527363184
1764630663,20,,Aggregated,7.700000,0.000000,64,73,120,130,220,240,360,530,1100,1100,1100,810,0,64,103.42137308641809,47.122999996645376,1134.534300006635,2661.6716049382717
1764630664,20,,Aggregated,7.700000,0.000000,64,73,120,120,220,240,360,530,1100,1100,1100,821,0,64,103.29058026796307,47.122999996645376,1134.534300006635,2660.6065773447017
1764630665,20,,Aggregated,8.200000,0.000000,64,73,120,120,220,240,360,530,1100,1100,1100,824,0,64,103.12642208737088,47.122999996645376,1134.534300006635,2662.516990291262
1764630666,20,,Aggregated,7.800000,0.000000,64,73,120,120,210,240,360,530,1100,1100,1100,835,0,64,102.73782215567381,47.122999996645376,1134.534300006635,2663.0419161676646
1764630667,20,,Aggregated,8.100000,0.000000,64,73,120,120,210,240,360,530,1100,1100,1100,844,0,64,102.68808222746746,47.122999996645376,1134.534300006635,2667.361374407583
1764630668,20,,Aggregated,7.700000,0.000000,64,73,120,120,220,240,360,530,1100,1100,1100,849,0,64,102.99327396934936,47.122999996645376,1134.534300006635,2656.4888103651356
1764630669,20,,Aggregated,7.800000,0.000000,64,73,120,120,220,240,360,530,1100,1100,1100,859,0,64,102.7126552968254,47.122999996645376,1134.534300006635,2653.8521536670546
1764630670,20,,Aggregated,8.000000,0.000000,64,73,120,120,210,240,360,530,1100,1100,1100,865,0,64,102.57208046239748,47.122999996645376,1134.534300006635,2656.220809248555
1764630671,20,,Aggregated,7.300000,0.000000,64,73,120,120,210,240,360,530,1100,1100,1100,872,0,64,102.34999942659928,47.122999996645376,1134.534300006635,2656.9300458715597
1764630672,20,,Aggregated,7.700000,0.000000,64,73,120,120,210,240,360,530,1100,1100,1100,884,0,63,102.1554015837062,47.122999996645376,1134.534300006635,2638.943438914027
1764630673,20,,Aggregated,7.800000,0.000000,63,73,120,120,210,240,360,530,1100,1100,1100,889,0,63,102.07709898761885,47.122999996645376,1134.534300006635,2650.1597300337457
1764630674,20,,Aggregated,7.800000,0.000000,63,73,120,120,210,240,360,530,1100,1100,1100,898,0,63,101.76522305121281,47.122999996645376,1134.534300006635,2646.4498886414253
1764630676,20,,Aggregated,7.800000,0.000000,63,73,120,120,210,240,340,510,1100,1100,1100,905,0,63,101.53425779001972,47.122999996645376,1134.534300006635,2634.481767955801
1764630677,20,,Aggregated,7.900000,0.000000,63,72,120,120,210,240,340,510,1100,1100,1100,913,0,63,101.19068696599865,47.122999996645376,1134.534300006635,2631.975903614458
1764630678,20,,Aggregated,7.700000,0.000000,63,72,120,120,210,240,340,510,1100,1100,1100,924,0,63,100.857494805161,47.122999996645376,1134.534300006635,2639.057359307359
1764630679,20,,Aggregated,7.600000,0.000000,63,72,120,120,210,240,340,510,1100,1100,1100,932,0,63,100.83952210295993,47.122999996645376,1134.534300006635,2623.428111587983
1764630680,20,,Aggregated,7.900000,0.000000,63,72,120,120,210,240,340,510,1100,1100,1100,944,0,63,100.85456663130002,47.122999996645376,1134.534300006635,2620.6546610169494
1764630681,20,,Aggregated,7.900000,0.000000,63,72,120,120,210,240,340,510,1100,1100,1100,948,0,63,101.12900537969529,47.122999996645376,1134.534300006635,2617.8354430379745
1764630682,20,,Aggregated,8.300000,0.000000,63,72,120,120,210,240,320,510,1100,1100,1100,961,0,63,101.0378211237871,45.01490000257036,1134.534300006635,2604.904266389178
1764630683,20,,Aggregated,8.300000,0.000000,63,72,120,120,210,240,320,510,1100,1100,1100,966,0,63,100.88768550719331,45.01490000257036,1134.534300006635,2611.5621118012423
1764630684,20,,Aggregated,8.600000,0.000000,63,72,120,120,210,240,320,510,1100,1100,1100,972,0,63,100.84470730448311,45.01490000257036,1134.534300006635,2604.3251028806585
1764630685,20,,Aggregated,8.600000,0.000000,63,72,120,120,210,240,340,510,1100,1100,1100,982,0,63,100.811011405268,45.01490000257036,1134.534300006635,2606.368635437882
1764630686,20,,Aggregated,8.200000,0.000000,63,72,120,120,210,240,340,510,1100,1100,1100,990,0,63,100.53705868684284,45.01490000257036,1134.534300006635,2597.8262626262626
1764630687,20,,Aggregated,8.400000,0.000000,63,72,120,120,210,240,340,510,1100,1100,1100,997,0,63,100.46569699095429,45.01490000257036,1134.534300006635,2599.985957873621
1764630688,20,,Aggregated,8.500000,0.000000,63,72,120,120,210,240,320,490,1100,1100,1100,1003,0,63,100.29564666000627,45.01490000257036,1134.534300006635,2607.863409770688
1764630689,20,,Aggregated,8.000000,0.000000,63,72,120,120,210,240,320,490,1100,1100,1100,1016,0,63,100.40354645669741,45.01490000257036,1134.534300006635,2615.7588582677167
1764630690,20,,Aggregated,7.800000,0.000000,63,73,120,120,210,240,320,490,1100,1100,1100,1024,0,63,100.83289999999323,45.01490000257036,1134.534300006635,2614.2333984375
1764630691,20,,Aggregated,8.400000,0.000000,64,73,120,120,220,240,320,490,1100,1100,1100,1036,0,64,101.25659922780248,45.01490000257036,1134.534300006635,2623.09555984556
1764630692,20,,Aggregated,7.800000,0.000000,64,73,120,120,220,240,320,490,1100,1100,1100,1040,0,63,101.14128509615581,45.01490000257036,1134.534300006635,2629.0625
1764630693,20,,Aggregated,8.400000,0.000000,64,74,120,120,220,240,320,490,1100,1100,1100,1049,0,64,101.16945300285232,45.01490000257036,1134.534300006635,2635.1506196377504
1764630694,20,,Aggregated,8.000000,0.000000,64,74,120,120,210,240,320,490,1100,1100,1100,1059,0,64,101.14848706325746,45.01490000257036,1134.534300006635,2644.3125590179416
1764630695,20,,Aggregated,8.000000,0.000000,64,74,120,120,210,240,320,490,1100,1100,1100,1062,0,64,101.17763126175642,45.01490000257036,1134.534300006635,2640.2664783427495
1764630696,20,,Aggregated,8.000000,0.000000,64,74,120,120,210,240,320,490,1100,1100,1100,1070,0,64,100.92373102802455,45.01490000257036,1134.534300006635,2643.3766355140187
1764630697,20,,Aggregated,8.000000,0.000000,64,74,120,120,210,240,320,490,1100,1100,1100,1083,0,64,100.898455124649,45.01490000257036,1134.534300006635,2641.4173591874423
1764630698,20,,Aggregated,8.000000,0.000000,63,73,120,120,210,240,320,490,1100,1100,1100,1090,0,63,100.60950678898985,45.01490000257036,1134.534300006635,2634.1
1764630699,20,,Aggregated,8.800000,0.000000,63,73,120,120,210,240,320,490,1100,1100,1100,1096,0,63,100.45917764597957,45.01490000257036,1134.534300006635,2633.318430656934
1764630700,20,,Aggregated,8.700000,0.000000,63,73,120,120,210,240,310,470,1100,1100,1100,1108,0,63,100.0970175090341,45.01490000257036,1134.534300006635,2626.98916967509
1764630701,20,,Aggregated,7.700000,0.000000,63,73,120,120,210,240,310,470,1100,1100,1100,1114,0,63,99.9521523339504,45.01490000257036,1134.534300006635,2624.266606822262
1764630702,20,,Aggregated,8.500000,0.000000,63,73,120,120,210,240,310,470,1100,1100,1100,1123,0,63,99.9970736420445,45.01490000257036,1134.534300006635,2613.3303650934995
1764630703,20,,Aggregated,7.900000,0.000000,63,73,120,120,210,240,310,470,1100,1100,1100,1132,0,63,100.26132977034412,45.01490000257036,1134.534300006635,2611.3259717314486
1764630704,20,,Aggregated,8.300000,0.000000,63,73,120,120,210,240,310,470,1100,1100,1100,1140,0,63,100.0210412281089,45.01490000257036,1134.534300006635,2608.2008771929823
1764630705,20,,Aggregated,8.500000,0.000000,63,73,120,120,210,240,310,470,1100,1100,1100,1150,0,63,99.90822417395184,45.01490000257036,1134.534300006635,2610.426086956522
1764630706,20,,Aggregated,8.300000,0.000000,63,73,120,120,210,240,310,470,1100,1100,1100,1158,0,63,99.65962702942004,45.01490000257036,1134.534300006635,2607.4870466321245
1764630707,20,,Aggregated,8.100000,0.000000,63,73,120,120,210,240,310,470,1100,1100,1100,1167,0,63,99.50582793493285,45.01490000257036,1134.534300006635,2613.903170522708
1764630708,20,,Aggregated,8.100000,0.000000,63,73,120,120,210,240,310,470,1100,1100,1100,1170,0,63,99.55547529920855,45.01490000257036,1134.534300006635,2608.5299145299145
1764630709,20,,Aggregated,8.400000,0.000000,63,73,120,120,210,240,310,470,1100,1100,1100,1179,0,63,99.417213061977,45.01490000257036,1134.534300006635,2613.3265479219676
1764630710,20,,Aggregated,8.100000,0.000000,63,73,120,120,210,240,310,470,1100,1100,1100,1191,0,63,99.32617556681186,45.01490000257036,1134.534300006635,2611.6985726280436
1764630711,20,,Aggregated,8.500000,0.000000,63,73,120,120,210,240,310,470,1100,1100,1100,1198,0,63,99.54835434062181,45.01490000257036,1134.534300006635,2613.473288814691
1764630712,20,,Aggregated,8.500000,0.000000,63,73,120,120,210,240,300,460,1100,1100,1100,1207,0,63,99.49619925439185,45.01490000257036,1134.534300006635,2610.6843413421707
1764630713,20,,Aggregated,8.500000,0.000000,63,73,120,120,210,240,300,460,1100,1100,1100,1214,0,63,99.41755922573574,45.01490000257036,1134.534300006635,2620.291598023064
1764630714,20,,Aggregated,8.500000,0.000000,63,73,120,120,210,240,300,460,1100,1100,1100,1228,0,63,99.20166229644401,45.01490000257036,1134.534300006635,2624.7980456026057
1764630715,20,,Aggregated,8.000000,0.000000,63,73,120,120,210,240,300,460,1100,1100,1100,1234,0,63,99.36521774719039,45.01490000257036,1134.534300006635,2614.2212317666126
1764630716,20,,Aggregated,8.500000,0.000000,63,73,120,120,210,230,300,460,1100,1100,1100,1242,0,63,99.57775112724742,45.01490000257036,1134.534300006635,2608.2890499194846
1764630717,20,,Aggregated,8.900000,0.000000,63,73,120,120,210,230,300,460,1100,1100,1100,1250,0,63,99.45391168003553,45.01490000257036,1134.534300006635,2615.1904
1764630718,20,,Aggregated,8.000000,0.000000,63,73,120,120,210,230,280,460,1100,1100,1100,1260,0,63,99.38127603178607,45.01490000257036,1134.534300006635,2606.229365079365
1764630719,20,,Aggregated,8.200000,0.000000,63,73,120,120,210,230,280,460,1100,1100,1100,1269,0,63,99.29297068562012,45.01490000257036,1134.534300006635,2607.5539795114264
1764630720,20,,Aggregated,8.900000,0.000000,63,73,120,120,210,230,280,460,1100,1100,1100,1278,0,63,99.26413145543668,45.01490000257036,1134.534300006635,2605.8552425665102
1764630721,20,,Aggregated,8.700000,0.000000,63,73,120,120,210,230,280,460,1100,1100,1100,1286,0,63,99.09468203736573,45.01490000257036,1134.534300006635,2607.98833592535
1764630722,20,,Aggregated,8.600000,0.000000,63,73,120,120,210,230,280,460,1100,1100,1100,1295,0,63,99.35793637069487,45.01490000257036,1134.534300006635,2600.4061776061776
1764630723,20,,Aggregated,8.600000,0.000000,63,73,120,120,210,230,280,420,1100,1100,1100,1304,0,63,99.32541840494838,45.01490000257036,1134.534300006635,2607.0153374233128
1764630724,20,,Aggregated,8.300000,0.000000,63,74,120,120,210,230,280,420,1100,1100,1100,1311,0,63,99.51190251720092,45.01490000257036,1134.534300006635,2610.842105263158
1764630725,20,,Aggregated,8.800000,0.000000,63,73,120,120,210,230,280,420,1100,1100,1100,1320,0,63,99.42832537882086,45.01490000257036,1134.534300006635,2609.85
1764630726,20,,Aggregated,8.300000,0.000000,63,74,120,120,210,230,280,420,1100,1100,1100,1332,0,63,99.41664782286693,45.01490000257036,1134.534300006635,2602.2897897897897
1764630727,20,,Aggregated,8.300000,0.000000,63,74,120,120,210,230,280,420,1100,1100,1100,1338,0,63,99.29541748883597,45.01490000257036,1134.534300006635,2598.26158445441
1764630728,20,,Aggregated,8.900000,0.000000,63,73,120,120,210,230,280,420,1100,1100,1100,1345,0,63,99.17336401491634,45.01490000257036,1134.534300006635,2603.753159851301
1764630729,20,,Aggregated,8.800000,0.000000,63,73,120,120,210,230,270,420,1100,1100,1100,1354,0,63,99.09488042840744,45.01490000257036,1134.534300006635,2601.5103397341213
1764630730,20,,Aggregated,8.400000,0.000000,63,73,120,120,210,230,270,420,1100,1100,1100,1365,0,63,98.9964186813684,45.01490000257036,1134.534300006635,2605.0805860805863
1764630731,20,,Aggregated,8.700000,0.000000,63,74,120,120,210,230,270,420,1100,1100,1100,1373,0,63,99.084341733471,45.01490000257036,1134.534300006635,2602.7873270211217
1764630732,20,,Aggregated,8.400000,0.000000,63,74,120,120,210,230,270,420,1100,1100,1100,1380,0,63,99.10558007250602,45.01490000257036,1134.534300006635,2609.3789855072464
1764630733,20,,Aggregated,8.600000,0.000000,63,74,120,120,210,230,270,420,1100,1100,1100,1391,0,63,99.06820711722816,45.01490000257036,1134.534300006635,2604.767792954709
1764630734,20,,Aggregated,8.800000,0.000000,63,73,120,120,210,230,270,420,1100,1100,1100,1399,0,63,98.96714110083337,45.01490000257036,1134.534300006635,2599.2930664760543
1764630735,20,,Aggregated,8.800000,0.000000,63,73,120,120,210,230,260,410,1100,1100,1100,1405,0,63,98.86230320289185,45.01490000257036,1134.534300006635,2599.5430604982207
1764630736,20,,Aggregated,8.600000,0.000000,63,73,120,120,210,230,260,410,1100,1100,1100,1415,0,63,98.62458692583755,45.01490000257036,1134.534300006635,2599.608480565371
1764630737,20,,Aggregated,8.700000,0.000000,63,73,120,120,210,230,260,410,1100,1100,1100,1420,0,63,98.53877147891158,45.01490000257036,1134.534300006635,2599.5915492957747
1764630738,20,,Aggregated,8.300000,0.000000,63,73,120,120,210,230,260,410,1100,1100,1100,1430,0,63,98.53508727277192,45.01490000257036,1134.534300006635,2602.974825174825
1764630739,20,,Aggregated,8.200000,0.000000,63,73,120,120,210,230,260,410,1100,1100,1100,1437,0,63,98.50220807241922,45.01490000257036,1134.534300006635,2606.122477383438
1764630740,20,,Aggregated,8.100000,0.000000,63,73,120,120,210,230,260,410,1100,1100,1100,1450,0,63,98.34321262074056,45.01490000257036,1134.534300006635,2602.423448275862
1764630741,20,,Aggregated,8.200000,0.000000,63,73,120,120,210,230,260,410,1100,1100,1100,1457,0,63,98.23983719976883,45.01490000257036,1134.534300006635,2603.0494166094713
1764630742,20,,Aggregated,8.100000,0.000000,63,73,120,120,210,230,260,410,1100,1100,1100,1464,0,63,98.20585806015823,45.01490000257036,1134.534300006635,2603.843579234973
1764630743,20,,Aggregated,8.500000,0.000000,63,73,120,120,210,230,260,410,1100,1100,1100,1470,0,63,98.14501251706312,45.01490000257036,1134.534300006635,2606.539455782313
1764630744,20,,Aggregated,8.200000,0.000000,63,73,120,120,210,230,260,410,1100,1100,1100,1480,0,63,98.06188412167103,45.01490000257036,1134.534300006635,2611.0425675675674
1764630745,20,,Aggregated,7.900000,0.000000,63,73,120,120,210,230,260,410,1100,1100,1100,1491,0,63,97.95025908791376,45.01490000257036,1134.534300006635,2614.4802146210595
1764630746,20,,Aggregated,8.200000,0.000000,63,72,120,120,210,230,260,410,1100,1100,1100,1500,0,63,97.85784473337117,45.01490000257036,1134.534300006635,2616.8053333333332
1764630747,20,,Aggregated,8.100000,0.000000,63,72,120,120,210,230,260,380,1100,1100,1100,1509,0,63,97.89618548712431,45.01490000257036,1134.534300006635,2615.3233929754806
1764630748,20,,Aggregated,8.400000,0.000000,63,72,120,120,210,230,260,380,1100,1100,1100,1515,0,63,97.7316810561545,45.01490000257036,1134.534300006635,2615.925412541254
1764630749,20,,Aggregated,8.800000,0.000000,63,72,120,120,210,230,260,380,1100,1100,1100,1525,0,63,97.66641567216911,45.01490000257036,1134.534300006635,2613.746229508197
1764630750,20,,Aggregated,8.700000,0.000000,63,72,120,120,210,230,260,380,1100,1100,1100,1535,0,63,97.66907042348116,45.01490000257036,1134.534300006635,2614.314657980456
1764630751,20,,Aggregated,8.500000,0.000000,63,72,120,120,210,230,260,380,1100,1100,1100,1542,0,63,97.60230901429993,45.01490000257036,1134.534300006635,2620.142671854734
1764630752,20,,Aggregated,8.800000,0.000000,63,72,120,120,210,230,260,380,1100,1100,1100,1549,1,63,97.44366901229857,45.01490000257036,1134.534300006635,2619.0923176242736
1764630753,20,,Aggregated,8.200000,0.000000,63,72,120,120,210,230,260,380,1100,1100,1100,1560,1,63,97.43335083337278,45.01490000257036,1134.534300006635,2621.9602564102565
1764630754,20,,Aggregated,8.400000,0.000000,63,72,120,120,210,230,260,380,1100,1100,1100,1566,1,63,97.53877796939723,45.01490000257036,1134.534300006635,2619.551724137931
1764630755,20,,Aggregated,8.800000,0.100000,63,72,120,120,210,230,260,380,1100,1100,1100,1575,1,63,97.64857390480641,45.01490000257036,1134.534300006635,2623.311111111111
1764630756,20,,Aggregated,8.900000,0.100000,63,73,120,120,210,230,260,380,1100,1100,1100,1581,1,63,97.62559962053056,45.01490000257036,1134.534300006635,2625.9051233396585
1764630757,20,,Aggregated,8.800000,0.100000,63,72,120,120,210,230,260,380,1100,1100,1100,1593,1,63,97.45746917769193,45.01490000257036,1134.534300006635,2623.6239799121154
1764630758,20,,Aggregated,8.300000,0.100000,63,72,120,120,210,230,260,380,1100,1100,1100,1597,1,63,97.40127395120489,45.01490000257036,1134.534300006635,2624.4383218534754
1764630759,20,,Aggregated,8.000000,0.100000,63,72,120,120,210,230,260,370,1100,1100,1100,1605,1,63,97.37818710284012,45.01490000257036,1134.534300006635,2626.652336448598
1764630760,20,,Aggregated,8.200000,0.100000,63,72,120,120,210,230,260,370,1100,1100,1100,1615,1,63,97.18646427246867,45.01490000257036,1134.534300006635,2628.320743034056
1764630761,20,,Aggregated,8.100000,0.100000,63,72,120,120,210,230,260,370,1100,1100,1100,1624,1,63,97.43627192120347,45.01490000257036,1134.534300006635,2618.935960591133
1764630762,20,,Aggregated,8.000000,0.100000,63,72,120,120,210,230,260,370,1100,1100,1100,1631,1,63,97.31287743717644,45.01490000257036,1134.534300006635,2618.068669527897
1764630763,20,,Aggregated,8.200000,0.100000,63,72,120,120,210,230,260,370,1100,1100,1100,1638,1,63,97.2041891941683,45.01490000257036,1134.534300006635,2616.7838827838827
1764630764,20,,Aggregated,8.200000,0.100000,63,72,120,120,210,230,260,370,1100,1100,1100,1645,1,63,97.15879720368204,45.01490000257036,1134.534300006635,2617.242553191489
1764630765,20,,Aggregated,7.700000,0.000000,63,72,120,120,210,230,260,370,1100,1100,1100,1659,1,63,97.15578378545057,45.01490000257036,1134.534300006635,2616.240506329114
1764630766,20,,Aggregated,7.500000,0.000000,63,72,120,120,210,230,260,370,1100,1100,1100,1662,1,63,97.19629524673063,45.01490000257036,1134.534300006635,2611.578820697954
1764630767,20,,Aggregated,7.800000,0.000000,63,72,120,120,210,230,260,370,1100,1100,1100,1673,1,63,97.03647561272133,45.01490000257036,1134.534300006635,2611.509862522415
1764630768,20,,Aggregated,8.300000,0.000000,63,72,120,120,210,230,260,370,1100,1100,1100,1678,1,63,96.96371787847595,45.01490000257036,1134.534300006635,2614.4046483909415
1764630769,20,,Aggregated,7.800000,0.000000,63,72,120,120,210,230,260,370,1100,1100,1100,1687,1,63,96.96802720810763,45.01490000257036,1134.534300006635,2617.6200355660935
1764630770,20,,Aggregated,8.100000,0.000000,63,72,120,120,210,230,260,370,1100,1100,1100,1697,1,63,97.10273706545786,45.01490000257036,1134.534300006635,2618.2162639952858
1764630771,20,,Aggregated,8.100000,0.000000,63,73,120,120,210,230,260,360,1100,1100,1100,1703,1,63,97.32770452147135,45.01490000257036,1134.534300006635,2614.0980622431002
1764630772,20,,Aggregated,8.100000,0.000000,63,73,120,120,210,230,260,360,1100,1100,1100,1711,1,63,97.27542437175518,45.01490000257036,1134.534300006635,2616.113968439509
1764630773,20,,Aggregated,8.200000,0.000000,63,72,120,120,210,230,260,360,1100,1100,1100,1723,1,63,97.1471149739256,45.01490000257036,1134.534300006635,2613.1897852582706
1764630774,20,,Aggregated,7.900000,0.000000,63,73,120,120,210,230,260,360,1100,1100,1100,1731,1,63,97.23836233394799,45.01490000257036,1134.534300006635,2614.635470826112
1764630775,20,,Aggregated,8.200000,0.000000,63,72,120,120,210,230,260,360,1100,1100,1100,1743,1,63,97.13183878374545,45.01490000257036,1134.534300006635,2614.3298909925416
1764630776,20,,Aggregated,8.600000,0.000000,63,72,120,120,210,230,260,360,1100,1100,1100,1746,1,63,97.11252651779593,45.01490000257036,1134.534300006635,2613.400916380298
1764630777,20,,Aggregated,8.300000,0.000000,63,72,120,120,210,230,260,360,1100,1100,1100,1754,7,63,96.93119561007083,33.14919999684207,1134.534300006635,2608.8432155074115
1764630778,20,,Aggregated,8.400000,0.000000,63,73,120,120,210,230,260,360,1100,1100,1100,1759,7,63,97.04982035251179,33.14919999684207,1134.534300006635,2608.5446276293346
1764630779,20,,Aggregated,8.500000,0.100000,63,73,120,120,210,230,260,360,1100,1100,1100,1760,7,63,97.1256303409477,33.14919999684207,1134.534300006635,2607.0914772727274
1764630780,20,,Aggregated,8.000000,0.600000,63,73,120,120,210,230,260,360,1100,1100,1100,1762,7,63,97.16482866065311,33.14919999684207,1134.534300006635,2611.3144154370034
1764630781,20,,Aggregated,7.900000,0.600000,63,73,120,120,210,230,260,370,1100,4500,4500,1767,8,63,99.62537204304769,33.14919999684207,4534.82939999958,2608.786078098472
1764630782,20,,Aggregated,7.100000,0.600000,63,73,120,120,210,230,260,470,4500,4500,4500,1772,13,63,112.14438448085144,33.14919999684207,4539.947900004336,2601.6817155756207
1764630783,20,,Aggregated,6.300000,0.600000,63,73,120,120,210,230,270,510,4500,4600,4600,1777,15,63,117.06364338777432,33.14919999684207,4560.648200000287,2598.0889138998314
1764630784,20,,Aggregated,6.200000,0.700000,63,73,120,120,210,240,280,700,4500,4600,4600,1783,17,63,121.9021376332454,33.14919999684207,4560.648200000287,2592.2535053280985
1764630786,20,,Aggregated,5.900000,1.200000,63,74,120,120,220,240,310,790,4500,4600,4600,1790,19,63,126.76599944138336,33.14919999684207,4560.648200000287,2594.0463687150836
1764630787,20,,Aggregated,5.200000,1.400000,63,74,120,120,220,240,320,990,4500,4600,4600,1799,21,63,131.41599377436486,33.14919999684207,4560.648200000287,2586.230127848805
1764630788,20,,Aggregated,5.100000,1.600000,63,74,120,120,220,240,320,1000,4500,4600,4600,1808,23,63,136.0511603982728,33.14919999684207,4560.648200000287,2578.3030973451328
1764630789,20,,Aggregated,4.700000,1.800000,63,73,120,120,220,240,340,1100,4500,4600,4600,1815,24,63,138.24913862263404,33.14919999684207,4560.648200000287,2570.042424242424
1764630790,20,,Aggregated,5.100000,1.900000,63,73,120,120,220,240,360,1100,4500,4600,4600,1819,25,63,140.53674573946188,33.14919999684207,4560.648200000287,2566.715777899945
1764630791,20,,Aggregated,5.400000,1.600000,63,73,120,120,220,240,360,1100,4500,4600,4600,1833,25,63,140.0856291871631,33.14919999684207,4560.648200000287,2566.518276050191
1764630792,20,,Aggregated,5.600000,1.700000,63,74,120,120,220,240,360,1100,4500,4600,4600,1839,25,63,139.9236278956263,33.14919999684207,4560.648200000287,2569.488852637303
1764630793,20,,Aggregated,5.900000,1.800000,63,73,120,120,220,240,360,1100,4500,4600,4600,1849,25,63,139.4993476474109,33.14919999684207,4560.648200000287,2569.2974580854516
1764630794,20,,Aggregated,7.200000,1.700000,63,73,120,120,220,240,340,1100,4500,4600,4600,1856,26,63,139.3833940733163,33.14919999684207,4560.648200000287,2564.917025862069
1764630795,20,,Aggregated,7.200000,1.700000,63,73,120,120,220,240,340,1100,4500,4600,4600,1864,27,63,139.2434889485386,33.14919999684207,4560.648200000287,2562.3213519313304
1764630796,20,,Aggregated,7.700000,1.200000,63,73,120,120,220,240,340,1100,4500,4600,4600,1871,28,63,139.04086557994052,33.14919999684207,4560.648200000287,2562.8888295029396
1764630797,20,,Aggregated,8.100000,1.000000,63,73,120,120,220,240,340,1100,4500,4600,4600,1878,30,63,138.79684446223035,33.07669999776408,4560.648200000287,2562.2502662406814
1764630798,20,,Aggregated,8.100000,0.900000,63,73,120,120,220,240,360,4500,4500,4600,4600,1885,35,63,143.2144887003001,33.07669999776408,4560.648200000287,2553.759681697613
1764630799,20,,Aggregated,8.100000,0.900000,63,73,120,120,220,240,360,4500,4500,4600,4600,1888,35,63,143.07926334749473,33.07669999776408,4560.648200000287,2554.4570974576272
1764630800,20,,Aggregated,7.600000,1.100000,63,73,120,120,220,240,370,4500,4500,4600,4600,1899,36,63,145.11266208533942,33.07669999776408,4560.648200000287,2558.553449183781
1764630801,20,,Aggregated,7.300000,1.100000,63,73,120,120,220,240,360,4500,4500,4600,4600,1911,36,63,144.86462951337307,33.07669999776408,4560.648200000287,2553.1862899005755
1764630802,20,,Aggregated,7.700000,1.100000,63,73,120,120,220,240,360,4500,4500,4600,4600,1916,36,63,144.81800381004643,33.07669999776408,4560.648200000287,2552.724425887265
1764630803,20,,Aggregated,7.700000,1.100000,63,74,120,120,220,240,360,4500,4500,4600,4600,1922,36,63,144.73011383977698,33.07669999776408,4560.648200000287,2556.3881373569197
1764630804,20,,Aggregated,7.700000,1.100000,63,73,120,120,220,240,360,4500,4500,4600,4600,1931,36,63,144.3654064215724,33.07669999776408,4560.648200000287,2558.7566027964785
1764630805,20,,Aggregated,7.300000,1.100000,63,73,120,120,220,240,360,4500,4500,4600,4600,1941,36,63,143.96447336427323,33.07669999776408,4560.648200000287,2561.1200412158682
1764630806,20,,Aggregated,7.600000,1.000000,63,73,120,120,220,240,360,4500,4500,4600,4600,1948,36,63,143.89805913760304,33.07669999776408,4560.648200000287,2561.475359342916
1764630807,20,,Aggregated,7.300000,0.900000,63,73,120,120,220,240,360,4500,4500,4600,4600,1958,37,63,143.62575275793836,33.07669999776408,4560.648200000287,2555.7681307456587
1764630808,20,,Aggregated,7.500000,0.800000,63,73,120,120,220,240,360,4500,4500,4600,4600,1965,37,63,143.43527297712401,33.07669999776408,4560.648200000287,2547.6152671755726
1764630809,20,,Aggregated,7.700000,0.600000,63,73,120,120,220,240,360,4500,4500,4600,4600,1969,37,63,143.30034012191635,33.07669999776408,4560.648200000287,2548.8115794819705
1764630810,37,,Aggregated,7.900000,0.300000,63,73,120,120,220,240,370,4500,4500,4600,4600,1982,37,63,143.58466972757984,33.07669999776408,4560.648200000287,2590.986881937437
1764630811,45,,Aggregated,8.000000,0.200000,63,75,120,120,220,240,370,4500,4500,4600,4600,2000,37,63,143.75441845002933,33.07669999776408,4560.648200000287,2584.7705
1764630812,53,,Aggregated,8.500000,0.100000,63,75,120,130,220,240,460,4500,4500,4600,4600,2019,38,63,146.5892225359397,33.07669999776408,4560.648200000287,2579.736007924715
1764630813,53,,Aggregated,8.800000,0.100000,63,77,120,130,220,240,480,4500,4500,4600,4600,2044,41,63,153.3273777886831,33.07669999776408,4560.648200000287,2572.4672211350294
1764630814,61,,Aggregated,10.200000,0.200000,64,78,120,130,220,240,510,4500,4700,4700,4700,2073,47,64,166.13552498797296,33.07669999776408,4722.740199998952,2561.6579835986495
1764630815,70,,Aggregated,12.000000,0.300000,64,80,120,130,220,250,790,4500,4700,4700,4700,2111,53,64,178.7371745618482,33.07669999776408,4722.740199998952,2560.4992894362863
1764630816,78,,Aggregated,13.900000,1.000000,64,82,120,130,220,250,720,4500,4700,4700,4700,2154,53,64,178.1491462395853,33.07669999776408,4722.740199998952,2548.732590529248
1764630817,86,,Aggregated,16.900000,1.600000,64,86,120,130,220,260,720,4500,4700,4700,4700,2196,53,64,177.58300227688994,33.07669999776408,4722.740199998952,2540.1411657559197
1764630818,94,,Aggregated,19.900000,1.700000,64,85,120,130,220,260,700,4500,4700,4700,4700,2243,53,64,176.42548680340514,33.07669999776408,4722.740199998952,2525.8216674097193
1764630819,103,,Aggregated,23.200000,1.700000,64,94,120,130,220,260,590,4500,4700,4700,4700,2296,53,64,175.85745949481893,33.07669999776408,4722.740199998952,2510.8371080139373
1764630820,111,,Aggregated,27.000000,1.600000,65,98,120,130,220,260,700,4500,4700,4700,4700,2347,53,65,175.0728995739794,33.07669999776408,4722.740199998952,2503.131231359182
1764630821,127,,Aggregated,31.500000,1.600000,65,100,120,130,230,270,700,4500,4700,4700,4700,2400,53,65,174.12737266672593,33.07669999776408,4722.740199998952,2491.767083333333
1764630822,127,,Aggregated,35.000000,1.600000,65,100,120,130,230,270,550,4500,4700,4700,4700,2461,53,65,172.8238443722591,33.07669999776408,4722.740199998952,2487.741974806989
1764630823,144,,Aggregated,38.800000,1.600000,65,110,120,130,230,270,550,4500,4700,4700,4700,2523,53,65,171.79199702739965,33.07669999776408,4722.740199998952,2493.9088386841063
1764630824,152,,Aggregated,43.400000,1.500000,65,110,120,140,230,270,550,4500,4700,4700,4700,2595,53,65,170.73870531795805,33.07669999776408,4722.740199998952,2492.699807321773
1764630825,160,,Aggregated,46.900000,1.400000,66,110,120,140,230,270,540,4500,4700,4700,4700,2657,53,66,169.77632371099455,33.07669999776408,4722.740199998952,2492.8167105758375
1764630826,168,,Aggregated,50.600000,0.700000,66,110,130,140,230,290,540,4500,4700,4700,4700,2729,53,66,170.21977398320007,33.07669999776408,4722.740199998952,2495.9945034811285
1764630827,168,,Aggregated,53.500000,0.100000,66,110,130,150,230,300,540,4500,4700,4700,4700,2807,53,66,169.70229971505717,33.07669999776408,4722.740199998952,2485.195938724617
1764630828,176,,Aggregated,56.500000,0.000000,67,120,130,160,230,310,540,4500,4700,4700,4700,2890,53,67,169.8509112457315,33.07669999776408,4722.740199998952,2466.684429065744
1764630829,193,,Aggregated,60.500000,0.000000,67,120,130,160,230,320,540,4500,4700,4700,4700,2974,53,67,169.42059606596405,33.07669999776408,4722.740199998952,2464.5342972427707
1764630830,201,,Aggregated,63.000000,0.000000,68,120,130,160,230,320,550,4500,4700,4700,4700,3054,53,68,169.19554315656447,33.07669999776408,4722.740199998952,2459.5998690242304
1764630831,209,,Aggregated,66.500000,0.000000,68,120,140,180,240,390,590,4500,4700,4700,4700,3130,53,68,172.7007459425278,33.07669999776408,4722.740199998952,2467.7361022364216
1764630832,217,,Aggregated,69.500000,0.000000,69,120,140,200,250,450,670,4500,4700,4700,4700,3225,53,69,177.827856279111,33.07669999776408,4722.740199998952,2447.3655813953487
1764630833,226,,Aggregated,72.300000,0.000000,70,120,150,210,270,460,660,4500,4700,4700,4700,3323,53,70,180.25672705391304,33.07669999776408,4722.740199998952,2441.7682816731867
1764630834,234,,Aggregated,74.300000,0.000000,71,120,160,210,290,480,700,4500,4700,4700,4700,3423,102,71,184.58165115400513,33.07669999776408,4722.740199998952,2393.739994157172
1764630835,242,,Aggregated,78.500000,0.000000,70,120,160,210,290,480,690,4500,4700,4700,4700,3517,168,70,181.60835063981517,33.07669999776408,4722.740199998952,2349.4438441853854
1764630836,250,,Aggregated,78.000000,0.000000,70,120,150,210,280,470,680,4500,4700,4700,4700,3648,257,70,177.97519862945651,32.73510000144597,4722.740199998952,2291.577576754386
1764630837,258,,Aggregated,84.400000,9.200000,69,120,150,210,280,470,680,1100,4700,4700,4700,3750,323,69,175.0123591467285,32.73510000144597,4722.740199998952,2254.127466666667
1764630838,267,,Aggregated,89.200000,17.400000,69,120,150,210,270,460,670,1100,4700,4700,4700,3858,380,69,172.98601251949347,32.73510000144597,4722.740199998952,2219.106013478486
1764630839,275,,Aggregated,92.000000,24.400000,69,120,150,210,280,460,660,1000,4700,4700,4700,3976,439,69,173.03377220830686,32.73510000144597,4722.740199998952,2184.4046780684102
1764630840,283,,Aggregated,95.700000,30.400000,69,120,160,210,300,480,690,1000,4600,4700,4700,4064,476,69,175.45348255419856,32.73510000144597,4722.740199998952,2181.765255905512
1764630841,291,,Aggregated,97.800000,36.700000,70,120,170,220,340,560,780,1000,4600,4700,4700,4146,482,70,185.0397082730996,32.73510000144597,4722.740199998952,2180.1242161119153
1764630842,299,,Aggregated,99.500000,40.900000,71,130,190,220,390,660,1100,1300,4600,4700,4700,4224,482,71,196.6360544508236,32.73510000144597,4722.740199998952,2181.4036458333335
1764630843,308,,Aggregated,101.100000,42.900000,72,130,200,230,410,710,1200,1700,4600,4700,4700,4306,482,72,207.75370483053086,32.73510000144597,4722.740199998952,2181.6463074779376
1764630844,316,,Aggregated,98.900000,42.900000,74,130,200,230,450,790,2000,2100,4600,4700,4700,4414,482,74,228.69664546902976,32.73510000144597,4722.740199998952,2185.8584050747622
1764630845,324,,Aggregated,97.600000,42.900000,76,130,210,240,490,1100,2000,2200,4600,4700,4700,4517,484,76,249.6310981182884,32.73510000144597,4722.740199998952,2186.4823998228912
1764630846,332,,Aggregated,101.900000,42.900000,79,140,220,240,580,1400,2000,4500,4600,4700,4700,4644,494,78,275.96412547379856,32.73510000144597,4722.740199998952,2188.064814814815
1764630847,340,,Aggregated,98.400000,33.800000,81,140,220,250,680,1400,2000,4500,4600,4700,4700,4762,494,81,286.51224582115094,32.73510000144597,4722.740199998952,2190.7540949181016
1764630848,349,,Aggregated,97.900000,26.400000,85,150,220,270,720,1400,2000,4500,4600,4700,4700,4872,497,85,295.2388906199305,32.73510000144597,4722.740199998952,2196.60960591133
1764630849,357,,Aggregated,99.700000,19.700000,90,150,230,280,800,1600,2000,4500,4600,4700,4700,4986,498,90,309.2467691737409,32.73510000144597,4722.740199998952,2194.7501002807862
1764630850,365,,Aggregated,99.900000,13.900000,94,160,230,290,990,1600,2000,4500,4600,4700,4700,5101,499,94,318.3939067438357,32.73510000144597,4722.740199998952,2203.095471476181
1764630851,373,,Aggregated,100.000000,7.800000,100,170,240,310,1100,1600,2000,4500,4600,4700,4700,5226,499,99,327.5975762151389,32.73510000144597,4722.740199998952,2205.5032529659397
1764630852,381,,Aggregated,103.000000,3.600000,100,170,240,320,1200,1600,2000,2800,4600,4700,4700,5337,499,100.0,335.7961701330969,32.73510000144597,4722.740199998952,2210.6207607270003
1764630853,390,,Aggregated,103.800000,1.700000,110,180,250,340,1200,1600,2000,2500,4600,4700,4700,5459,499,110.0,346.4344226232543,32.73510000144597,4722.740199998952,2206.211210844477
1764630854,398,,Aggregated,109.200000,1.700000,110,190,260,360,1300,1700,2000,2400,4600,4700,4700,5577,499,110.0,358.4095030841567,32.73510000144597,4722.740199998952,2209.8626501703425
1764630855,406,,Aggregated,112.800000,1.700000,110,200,260,390,1400,1800,2000,2300,4600,4700,4700,5712,499,110.0,371.11665703787224,32.73510000144597,4722.740199998952,2206.6377801120448
1764630856,414,,Aggregated,114.600000,1.700000,110,200,270,410,1400,1800,2100,2300,4600,4700,4700,5867,499,110.0,386.62970001709664,32.73510000144597,4722.740199998952,2214.834327595023
1764630857,422,,Aggregated,117.900000,1.600000,120,210,280,440,1500,1800,2100,2300,4600,4700,4700,6006,499,120.0,394.6747371795355,32.73510000144597,4722.740199998952,2224.014985014985
1764630858,430,,Aggregated,119.400000,0.800000,120,210,290,450,1500,1800,2100,2300,4600,4700,4700,6150,499,120.0,399.08871100817964,32.73510000144597,4722.740199998952,2221.421300813008
1764630859,439,,Aggregated,123.000000,0.500000,120,210,300,470,1500,1800,2100,2300,4600,4700,4700,6307,499,120.0,404.02875130811714,32.73510000144597,4722.740199998952,2223.5663548438242
1764630860,447,,Aggregated,125.400000,0.300000,120,220,320,500,1500,1800,2100,2300,4600,4700,4700,6489,499,120.0,411.3390194175182,32.73510000144597,4722.740199998952,2230.144244105409
1764630861,455,,Aggregated,129.400000,0.100000,120,220,330,520,1500,1800,2100,2300,4600,4700,4700,6653,499,120.0,414.268653013718,32.73510000144597,4722.740199998952,2233.338343604389
1764630862,463,,Aggregated,133.200000,0.100000,120,220,330,540,1500,1800,2000,2200,4600,4700,4700,6831,499,120.0,414.32854144346453,32.73510000144597,4722.740199998952,2244.335675596545
1764630863,471,,Aggregated,141.200000,0.000000,130,230,360,580,1500,1800,2000,2200,4600,4700,4700,6986,499,130.0,416.0204864873089,32.73510000144597,4722.740199998952,2246.7208703120527
1764630864,480,,Aggregated,144.500000,0.000000,130,230,360,580,1500,1800,2000,2200,4600,4700,4700,7171,500,130.0,414.66235564082103,32.73510000144597,4722.740199998952,2246.144749686236
1764630865,488,,Aggregated,150.600000,0.000000,130,230,360,580,1500,1800,2000,2200,4600,4700,4700,7343,500,130.0,414.0899264197653,32.73510000144597,4722.740199998952,2251.241045894049
1764630866,496,,Aggregated,155.500000,0.100000,130,230,360,570,1500,1800,2000,2200,4600,4700,4700,7528,500,130.0,414.2766295430838,32.73510000144597,4722.740199998952,2256.558315621679
1764630867,504,,Aggregated,158.300000,0.100000,130,230,360,560,1500,1800,2000,2200,4600,4700,4700,7690,500,130.0,413.50758937584897,32.73510000144597,4722.740199998952,2262.492067620286
1764630868,512,,Aggregated,162.600000,0.100000,130,240,360,560,1500,1800,2100,2400,4600,4700,4700,7870,500,130.0,417.2971515502309,32.73510000144597,4722.740199998952,2266.26416772554
1764630869,521,,Aggregated,166.500000,0.100000,130,240,370,570,1500,1800,2100,2400,4500,4700,4700,8049,500,130.0,423.2620933656745,32.73510000144597,4722.740199998952,2266.1894645297552
1764630870,529,,Aggregated,166.900000,0.100000,130,240,390,600,1500,1800,2100,2400,4500,4700,4700,8227,500,130.0,429.7800981403134,32.73510000144597,4722.740199998952,2274.2067582350796
1764630871,537,,Aggregated,171.600000,0.100000,130,250,400,610,1500,1800,2100,2400,4500,4700,4700,8422,501,130.0,429.797749560719,32.73510000144597,4722.740199998952,2270.0134172405606
1764630872,545,,Aggregated,173.800000,0.100000,140,250,400,620,1600,1900,2100,2400,4500,4700,4700,8642,501,140.0,435.49146139786876,32.73510000144597,4722.740199998952,2283.0458227262206
1764630873,553,,Aggregated,171.900000,0.100000,140,250,410,620,1500,1800,2100,2400,4500,4700,4700,8849,501,140.0,433.7187715222496,32.73510000144597,4722.740199998952,2285.3948468753533
1764630874,562,,Aggregated,176.700000,0.200000,140,260,420,650,1500,1800,2100,2400,4500,4700,4700,9052,501,140.0,431.966006330134,32.73510000144597,4722.740199998952,2284.7136544410073
1764630875,570,,Aggregated,180.700000,0.200000,140,260,420,660,1500,1800,2100,2400,4500,4700,4700,9250,501,140.0,430.8724564432923,32.73510000144597,4722.740199998952,2282.2124324324323
1764630876,578,,Aggregated,184.000000,0.100000,140,260,430,670,1500,1800,2100,2400,4500,4700,4700,9468,501,140.0,430.2776788868238,32.73510000144597,4722.740199998952,2282.7111322348965
1764630877,586,,Aggregated,187.200000,0.100000,140,260,430,670,1500,1800,2100,2300,4500,4700,4700,9685,502,140.0,428.2440894063453,32.73510000144597,4722.740199998952,2289.494166236448
1764630878,594,,Aggregated,193.100000,0.100000,140,260,440,680,1400,1800,2100,2300,4500,4700,4700,9922,503,140.0,427.6852606632205,32.73510000144597,4722.740199998952,2294.778068937714
1764630879,602,,Aggregated,192.700000,0.200000,150,260,430,680,1400,1800,2100,2300,4500,4700,4700,10074,503,150.0,426.42586829465995,32.73510000144597,4722.740199998952,2297.2523327377407
1764630880,611,,Aggregated,200.600000,0.300000,150,260,440,680,1400,1800,2100,2300,4500,4700,4700,10313,503,150.0,428.2974829826787,32.73510000144597,4722.740199998952,2297.2861437021234
1764630881,619,,Aggregated,202.500000,0.300000,150,270,440,680,1400,1800,2100,2300,4500,4700,4700,10491,503,150.0,430.1792338099652,32.73510000144597,4722.740199998952,2304.6888761795826
1764630882,627,,Aggregated,201.400000,0.300000,150,270,440,690,1500,1800,2100,2300,4500,4700,4700,10711,503,150.0,435.09944255441815,32.73510000144597,4722.740199998952,2304.9086919988795
1764630883,635,,Aggregated,207.400000,0.300000,150,270,440,700,1500,1900,2100,2300,4500,4700,4700,10940,503,150.0,441.44663692873746,32.73510000144597,4722.740199998952,2308.640219378428
1764630884,643,,Aggregated,205.500000,0.200000,150,270,450,710,1500,1900,2200,2300,4500,4700,4700,11177,503,150.0,447.58095283173805,32.73510000144597,4722.740199998952,2313.8589961528137
1764630885,651,,Aggregated,206.600000,0.200000,150,270,450,700,1500,1900,2100,2300,4500,4700,4700,11310,503,150.0,445.8910338373381,32.73510000144597,4722.740199998952,2316.544827586207
1764630886,660,,Aggregated,208.100000,0.200000,160,280,450,710,1500,1900,2200,2400,4500,4700,4700,11547,505,160.0,450.08080558589376,32.73510000144597,4722.740199998952,2321.704685199619
1764630887,668,,Aggregated,212.100000,0.200000,160,280,470,710,1600,2000,2200,2700,4500,4700,4700,11774,505,160.0,457.6717080431717,32.73510000144597,4722.740199998952,2325.677424834381
1764630888,676,,Aggregated,204.900000,0.400000,160,290,470,710,1600,2000,2300,3000,4500,4700,4700,11995,505,160.0,466.0900865694244,32.73510000144597,4722.740199998952,2325.6421842434347
1764630889,684,,Aggregated,206.100000,0.300000,160,290,470,710,1600,2000,2400,3100,4500,4700,4700,12216,505,160.0,469.7478685740179,32.73510000144597,4722.740199998952,2325.323510150622
1764630890,692,,Aggregated,207.500000,0.200000,170,290,480,710,1600,2000,2700,3200,4500,4700,4700,12434,505,170.0,477.76926483836064,32.73510000144597,4722.740199998952,2332.402364484478
1764630891,700,,Aggregated,210.300000,0.200000,170,300,490,710,1600,2000,2700,3200,4500,4700,4700,12689,505,170.0,482.8986857041646,32.73510000144597,4722.740199998952,2336.567814642604
1764630892,709,,Aggregated,212.300000,0.200000,180,310,490,710,1600,2000,2800,3200,4500,4700,4700,12946,505,180.0,484.1405050363129,32.73510000144597,4722.740199998952,2340.4131778155415
1764630893,717,,Aggregated,213.200000,0.200000,180,310,500,710,1600,2000,2800,3200,4500,4700,4700,13255,505,180.0,486.6714530818607,32.73510000144597,4722.740199998952,2344.7755563938135
1764630894,725,,Aggregated,220.700000,0.200000,180,310,500,710,1600,2000,2800,3200,4500,4700,4700,13450,505,180.0,486.37231363569083,32.73510000144597,4722.740199998952,2343.692565055762
1764630895,733,,Aggregated,223.100000,0.200000,180,320,530,720,1600,2000,2800,3200,4500,4700,4700,13699,505,180.0,490.37634807650204,32.73510000144597,4722.740199998952,2344.653332360026
1764630896,741,,Aggregated,231.300000,0.200000,190,330,540,740,1600,2000,2800,3200,4500,4700,4700,13964,505,190.0,493.8081275637348,32.73510000144597,4722.740199998952,2348.7282297336005
1764630897,750,,Aggregated,226.900000,0.200000,190,340,550,770,1600,2000,2700,3200,4500,4700,4700,14212,505,190.0,495.9509649802929,32.73510000144597,4722.740199998952,2351.1398817900367
1764630898,758,,Aggregated,237.200000,0.000000,200,340,560,780,1600,2000,2700,3100,4500,4700,4700,14474,505,200.0,496.9453826240146,32.73510000144597,4722.740199998952,2350.588641702363
1764630899,766,,Aggregated,241.100000,0.000000,200,350,580,790,1600,2000,2700,3100,4500,4700,4700,14696,505,200.0,499.24356382688853,32.73510000144597,4722.740199998952,2355.517011431682
1764630900,774,,Aggregated,243.700000,0.000000,200,360,600,820,1600,2000,2700,3100,4500,4700,4700,14989,505,200.0,504.70491731268714,32.73510000144597,4722.740199998952,2355.953699379545
1764630901,782,,Aggregated,245.500000,0.000000,210,370,610,830,1500,2000,2700,3100,4500,4700,4700,15267,505,210.0,505.8395836641016,32.73510000144597,4722.740199998952,2360.9508089343026
1764630902,791,,Aggregated,248.900000,0.000000,210,370,610,820,1500,2000,2700,3100,4500,4700,4700,15570,505,210.0,504.6059495632522,32.73510000144597,4722.740199998952,2361.175786769428
1764630903,799,,Aggregated,253.400000,0.000000,210,370,600,810,1500,2000,2600,3100,4500,4700,4700,15863,505,210.0,503.1307303473399,32.73510000144597,4722.740199998952,2363.444619554939
1764630904,807,,Aggregated,256.300000,0.000000,210,360,600,800,1500,2000,2600,3100,4500,4700,4700,16161,506,210.0,501.590048511837,32.73510000144597,4722.740199998952,2362.8165336303446
1764630905,815,,Aggregated,259.200000,0.000000,210,370,600,810,1500,2000,2600,3100,4500,4700,4700,16468,507,210.0,500.920760632731,32.73510000144597,4722.740199998952,2366.714415836774
1764630906,823,,Aggregated,258.400000,0.000000,210,370,590,790,1500,2000,2600,3100,4500,4700,4700,16755,508,210.0,498.0596287257416,32.73510000144597,4722.740199998952,2362.609489704566
1764630907,832,,Aggregated,270.800000,0.100000,210,370,590,790,1500,1900,2500,3100,4500,4700,4700,17010,508,210.0,497.43250942385754,32.73510000144597,4722.740199998952,2363.92733686067
1764630908,840,,Aggregated,275.300000,0.300000,220,380,600,790,1500,1900,2500,3100,4500,4700,4700,17249,508,220.0,501.4092847875077,32.73510000144597,4722.740199998952,2367.0002898718767
1764630909,848,,Aggregated,278.500000,0.300000,220,400,630,810,1500,1900,2500,3100,4500,4700,4700,17483,508,220.0,507.25632835324484,32.73510000144597,4722.740199998952,2367.9767202425214
1764630910,856,,Aggregated,275.700000,0.300000,220,420,670,850,1500,1900,2500,3100,4500,4700,4700,17756,508,220.0,515.7029126492345,32.73510000144597,4722.740199998952,2370.994480738905
1764630911,864,,Aggregated,276.500000,0.300000,230,440,690,870,1500,2000,2500,3100,4500,4700,4700,18072,508,230.0,523.2539688468222,32.73510000144597,4722.740199998952,2367.2618968570164
1764630912,872,,Aggregated,276.100000,0.300000,230,450,690,870,1500,2000,2600,3100,4500,4700,4700,18386,508,230.0,526.2326188512857,32.73510000144597,4722.740199998952,2367.8510823452625
1764630913,881,,Aggregated,273.700000,0.300000,230,450,690,860,1500,2000,2600,3100,4500,4700,4700,18667,508,230.0,524.8803576900308,32.73510000144597,4722.740199998952,2369.436010071249
1764630914,889,,Aggregated,278.700000,0.300000,230,440,680,860,1500,2000,2700,3100,4500,4700,4700,18988,508,230.0,524.5090809721823,32.73510000144597,4722.740199998952,2368.6087528965663
1764630915,897,,Aggregated,280.000000,0.300000,230,430,670,850,1500,2000,2700,3100,4500,4700,4700,19304,508,230.0,524.4773337442878,32.73510000144597,4722.740199998952,2372.6512121840033
1764630916,905,,Aggregated,279.700000,0.300000,230,430,670,840,1500,2000,2800,3100,4500,4700,4700,19602,508,230.0,524.7391013876016,32.73510000144597,4722.740199998952,2372.3494031221303
1764630917,913,,Aggregated,279.700000,0.200000,230,430,670,840,1500,2000,2800,3200,4500,4700,4700,19898,508,230.0,527.2011003819355,32.73510000144597,4722.740199998952,2373.824102924917
1764630918,922,,Aggregated,280.200000,0.000000,240,440,670,830,1500,2000,2900,3200,4500,4700,4700,20188,508,240.0,529.0481636368016,32.73510000144597,4722.740199998952,2376.57880919358
1764630919,930,,Aggregated,282.400000,0.000000,240,440,670,830,1500,2000,2900,3300,4500,4800,5100,20456,508,240.0,530.3112456785199,32.73510000144597,5132.241899998917,2378.315066484161
1764630920,938,,Aggregated,288.300000,0.000000,240,450,670,830,1500,2000,2900,3300,4700,5700,5800,20748,508,240.0,532.9129267350958,32.73510000144597,5788.478700000269,2377.2056101792946
1764630922,946,,Aggregated,294.800000,0.000000,240,450,670,830,1500,2000,2900,3300,5100,6100,6300,21022,508,240.0,534.5396983636053,32.73510000144597,6331.177499996556,2379.9370659309293
1764630923,954,,Aggregated,298.200000,0.000000,250,450,670,830,1500,2000,2900,3400,6100,6900,7000,21290,508,250.0,541.0023030812409,32.73510000144597,7022.330200001306,2379.6030061061533
1764630924,962,,Aggregated,292.300000,0.000000,250,460,670,840,1500,2000,2900,3400,7000,7300,7400,21543,508,250.0,549.2603367126025,32.73510000144597,7399.224900000263,2380.9304182333008
1764630925,971,,Aggregated,288.700000,0.000000,250,470,680,850,1500,2000,3000,3500,7200,7500,7900,21803,508,250.0,560.103517396671,32.73510000144597,7868.044200004078,2378.6900426546804
1764630926,979,,Aggregated,284.600000,0.000000,260,480,690,860,1500,2000,3000,3500,7300,8000,8100,22086,508,260.0,567.2384694421633,32.73510000144597,8138.35019999533,2379.804627365752
1764630927,987,,Aggregated,279.900000,0.000000,260,480,700,870,1500,2000,3000,3600,7800,8400,8600,22365,508,260.0,572.9987484864599,32.73510000144597,8607.84430000058,2381.375095014532
1764630928,995,,Aggregated,276.500000,0.000000,260,480,700,870,1500,2000,3000,3700,8000,8600,8900,22658,508,260.0,579.5749276899867,32.73510000144597,8859.008600004017,2387.35100185365
1764630929,1000,,Aggregated,275.200000,0.000000,260,490,710,870,1600,2100,3100,3900,8200,8800,8900,22965,508,260.0,588.0905838580355,32.73510000144597,8859.008600004017,2390.7635096886565
1764630930,1000,,Aggregated,273.700000,0.000000,260,490,710,880,1600,2100,3100,4100,8200,8900,9000,23251,508,260.0,593.5544335426353,32.73510000144597,9002.375399999437,2392.846673261365
1764630931,1000,,Aggregated,274.600000,0.000000,270,490,710,870,1600,2100,3100,4500,8400,8900,9000,23545,509,270.0,598.2851439583659,32.73510000144597,9002.375399999437,2393.781652155447
1764630932,1000,,Aggregated,275.700000,0.000000,270,490,710,880,1600,2100,3200,4500,8500,8900,9000,23822,509,270.0,607.9848990428893,32.73510000144597,9002.375399999437,2395.405045756024
1764630933,1000,,Aggregated,277.000000,0.100000,270,490,710,880,1600,2200,3200,4600,8500,9000,9300,24150,509,270.0,615.8535963022632,32.73510000144597,9264.738799996849,2397.5066666666667
1764630934,1000,,Aggregated,277.700000,0.100000,270,490,710,880,1600,2200,3300,5200,8500,9000,9300,24486,509,270.0,621.2165058114754,32.73510000144597,9264.738799996849,2400.717103651066
1764630935,1000,,Aggregated,282.100000,0.100000,270,490,710,890,1600,2200,3300,6000,8500,9000,9300,24767,509,270.0,625.4516922436998,32.73510000144597,9264.738799996849,2400.735535187952
1764630936,1000,,Aggregated,291.300000,0.100000,270,490,710,890,1600,2200,3400,6700,8500,9000,9300,25104,509,270.0,631.9019204509121,32.73510000144597,9264.738799996849,2401.127907903123
1764630937,1000,,Aggregated,291.900000,0.100000,270,490,720,900,1600,2300,3400,6800,8500,9000,9300,25440,509,270.0,638.9297188600538,32.73510000144597,9264.738799996849,2403.033922955975
1764630938,1000,,Aggregated,297.900000,0.100000,270,490,720,900,1600,2300,3500,6800,8500,9000,9300,25789,510,270.0,640.7381094419983,32.73510000144597,9264.738799996849,2405.175966497344
1764630939,1000,,Aggregated,301.800000,0.100000,270,490,720,900,1600,2300,3500,6800,8500,9000,9300,26087,510,270.0,641.5312062214762,32.73510000144597,9264.738799996849,2403.9275117874804
1764630940,1000,,Aggregated,309.400000,0.200000,270,490,720,900,1600,2300,3600,6700,8500,9000,9300,26360,510,270.0,643.4950752769189,32.73510000144597,9264.738799996849,2410.0564491654022
1764630941,1000,,Aggregated,310.400000,0.200000,270,490,720,900,1600,2300,3600,6700,8500,9000,9300,26712,510,270.0,644.1303106281649,32.73510000144597,9264.738799996849,2411.431978137167
1764630942,1000,,Aggregated,307.700000,0.200000,270,490,720,910,1600,2400,3700,6700,8500,9000,9300,27000,510,270.0,647.0615222110936,32.73510000144597,9264.738799996849,2407.812
1764630943,1000,,Aggregated,312.800000,0.100000,270,500,720,910,1600,2400,3700,6500,8500,9000,9300,27348,510,270.0,650.5537727548433,32.73510000144597,9264.738799996849,2406.703195846131
1764630944,1000,,Aggregated,311.900000,0.100000,280,500,730,920,1700,2500,3700,6400,8500,9000,9300,27709,555,280.0,654.0736272835317,32.73510000144597,9264.738799996849,2402.5833122812082
1764630945,1000,,Aggregated,315.400000,0.100000,280,500,730,920,1700,2500,3700,6300,8500,9000,9300,28045,574,280.0,653.5726272882653,32.73510000144597,9264.738799996849,2401.826564449991
1764630946,1000,,Aggregated,320.100000,4.400000,270,500,730,920,1600,2500,3700,6200,8500,9000,9300,28362,599,270.0,651.5768052534911,32.73510000144597,9264.738799996849,2401.307911994923
1764630947,1000,,Aggregated,326.600000,6.000000,280,500,730,920,1600,2500,3700,6100,8500,9000,9300,28646,627,270.0,651.7695160441065,32.73510000144597,9264.738799996849,2400.052991691685
1764630948,1000,,Aggregated,324.400000,8.500000,280,500,730,910,1600,2500,3800,6000,8500,9000,9300,29006,660,280.0,652.6134089429605,32.73510000144597,9264.738799996849,2397.1701027373647
1764630949,1000,,Aggregated,320.000000,11.200000,280,500,730,910,1600,2500,3800,5900,8500,9000,9300,29352,680,280.0,652.9635570727517,32.73510000144597,9264.738799996849,2395.288327882257
1764630950,1000,,Aggregated,318.900000,14.600000,270,500,720,910,1600,2500,3800,5800,8500,9000,9300,29679,703,270.0,651.0342107483197,32.73510000144597,9264.738799996849,2392.3604231948516
1764630951,1000,,Aggregated,325.100000,16.600000,270,490,720,910,1700,2500,3800,5700,8500,8900,9300,30049,722,270.0,650.8331384305408,32.73510000144597,9264.738799996849,2391.271423341875
1764630952,1000,,Aggregated,330.500000,18.800000,270,490,720,910,1700,2500,3900,5600,8500,8900,9300,30383,741,270.0,651.5207063555071,32.73510000144597,9264.738799996849,2389.749761379719
1764630953,1000,,Aggregated,331.900000,20.900000,270,490,720,910,1700,2500,3900,5500,8500,8900,9300,30732,764,270.0,650.7841915690308,32.73510000144597,9264.738799996849,2386.2382532864767
1764630954,1000,,Aggregated,339.200000,22.900000,270,490,720,910,1700,2500,3900,5400,8400,8900,9300,31068,784,270.0,650.2828389210606,32.73510000144597,9264.738799996849,2387.5259109051112
1764630955,1000,,Aggregated,338.500000,24.800000,270,490,710,910,1700,2500,3900,5400,8400,8900,9300,31385,799,270.0,649.3584871690147,29.57810000225436,9264.738799996849,2386.461175720886
1764630956,1000,,Aggregated,333.800000,22.500000,270,480,710,900,1700,2500,3900,5300,8400,8900,9300,31698,820,270.0,647.8997992806977,29.57810000225436,9264.738799996849,2386.650829705344
1764630957,1000,,Aggregated,332.000000,22.500000,270,480,710,900,1700,2500,3900,5300,8400,8900,9300,32002,837,270.0,648.3851182957188,29.57810000225436,9264.738799996849,2387.501749890632
1764630958,1000,,Aggregated,331.900000,22.200000,270,480,710,910,1700,2500,4000,5300,8400,8900,9300,32344,856,270.0,649.3988332828206,29.57810000225436,9264.738799996849,2383.6627195152114
1764630959,1000,,Aggregated,335.800000,21.200000,270,480,710,900,1700,2500,4000,5300,8400,8900,9300,32649,878,270.0,649.8251591932234,29.57810000225436,9264.738799996849,2380.837606052253
1764630960,1000,,Aggregated,332.400000,19.400000,270,480,710,900,1700,2600,4000,5300,8400,8900,9300,32947,892,270.0,648.9886614987582,29.57810000225436,9264.738799996849,2381.171305429933
1764630961,1000,,Aggregated,327.700000,19.500000,260,480,710,900,1700,2600,4100,5500,8400,8900,9300,33196,892,260.0,650.9788374532966,29.57810000225436,9264.738799996849,2383.310941077238
1764630962,1000,,Aggregated,326.500000,19.400000,260,480,710,900,1700,2600,4100,5700,8400,8900,9300,33498,892,260.0,653.6961741685967,29.57810000225436,9264.738799996849,2384.7565227774794
1764630963,1000,,Aggregated,317.600000,17.300000,260,470,700,900,1700,2700,4200,5900,8400,8900,9300,33798,892,260.0,657.154791623753,29.57810000225436,9264.738799996849,2385.6351559263862
1764630964,1000,,Aggregated,309.700000,15.300000,260,470,700,900,1700,2700,4200,5900,8400,8900,9300,34042,892,260.0,659.7314726719844,29.57810000225436,9264.738799996849,2384.8581458198696
1764630965,1000,,Aggregated,304.900000,13.400000,260,470,700,900,1700,2800,4300,6000,8400,8900,9300,34293,892,260.0,663.2802286822288,29.57810000225436,9264.738799996849,2384.8884612019947
1764630966,1000,,Aggregated,297.000000,11.400000,260,470,700,900,1700,2800,4300,6000,8400,8900,9300,34545,892,260.0,666.2156643508373,29.57810000225436,9264.738799996849,2386.767839050514
1764630967,1000,,Aggregated,289.600000,9.800000,270,470,700,900,1700,2900,4400,6000,8400,8900,9300,34812,892,270.0,670.4573881965878,29.57810000225436,9264.738799996849,2385.4742617488223
1764630968,1000,,Aggregated,284.700000,7.600000,270,470,700,900,1700,2900,4400,6100,8400,8900,9300,35063,892,270.0,674.3747871944677,29.57810000225436,9264.738799996849,2386.7654507600605
1764630969,1000,,Aggregated,279.400000,5.900000,270,470,700,900,1800,2900,4500,6200,8400,8900,9300,35338,892,270.0,679.462378244373,29.57810000225436,9264.738799996849,2387.861876733262
1764630970,1000,,Aggregated,275.000000,4.200000,270,480,710,920,1800,3000,4500,6400,8500,9000,9300,35751,1025,270.0,693.0623693463031,29.57810000225436,9264.738799996849,2381.0822074906996
1764630971,1000,,Aggregated,268.900000,2.100000,270,480,710,910,1800,3000,4600,6500,8500,9000,9300,36053,1037,270.0,695.0175326241832,29.57810000225436,9264.738799996849,2378.7893379191746
1764630972,1000,,Aggregated,277.600000,12.900000,270,480,710,920,1800,3000,4600,6600,8500,9000,9300,36378,1056,270.0,697.1381031557429,29.57810000225436,9264.738799996849,2377.1840123151355
1764630973,1000,,Aggregated,277.000000,14.000000,270,480,710,920,1800,3000,4600,6700,8500,9000,9300,36714,1078,270.0,698.6462207822545,29.57810000225436,9264.738799996849,2375.1617911423436
1764630974,1000,,Aggregated,280.900000,15.800000,270,470,710,910,1800,3000,4700,6800,8500,9000,9300,37058,1095,270.0,698.2012012493833,29.57810000225436,9264.738799996849,2376.2942684440604
1764630975,1000,,Aggregated,288.800000,17.700000,260,470,710,910,1800,3000,4700,6900,8500,9000,9300,37418,1119,260.0,698.5363461569226,29.57810000225436,9264.738799996849,2372.859345769416
1764630976,1000,,Aggregated,295.700000,19.500000,260,470,700,910,1800,3000,4800,6900,8500,9000,9300,37715,1138,260.0,699.8997595810598,29.57810000225436,9264.738799996849,2371.974068672942
1764630977,1000,,Aggregated,306.800000,21.800000,260,470,700,900,1800,3000,4800,6900,8500,9000,9300,38064,1158,260.0,698.3309031000344,29.57810000225436,9264.738799996849,2371.0411412358135
1764630978,1000,,Aggregated,312.800000,23.900000,260,470,700,900,1800,3000,4800,6900,8500,9000,9300,38390,1178,260.0,697.3506423130946,29.57810000225436,9264.738799996849,2368.894894503777
1764630979,1000,,Aggregated,319.200000,26.000000,260,470,700,900,1800,3000,4900,6900,8500,9000,9300,38739,1195,260.0,697.9241767701719,29.57810000225436,9264.738799996849,2370.921397041741
1764630980,1000,,Aggregated,324.500000,27.700000,260,470,700,900,1800,3000,4900,6900,8500,9000,9300,39068,1214,260.0,696.5407624423977,29.57810000225436,9264.738799996849,2369.7252482850413
1764630981,1000,,Aggregated,332.400000,29.500000,260,470,690,890,1700,3000,5100,6900,8500,9000,9300,39383,1214,260.0,696.7142472614994,29.57810000225436,9264.738799996849,2368.359545997004
1764630982,1000,,Aggregated,328.500000,19.100000,260,460,690,890,1700,3000,5200,6900,8500,9000,9300,39687,1214,260.0,697.3236906997159,29.57810000225436,9264.738799996849,2370.933857434424
1764630983,1000,,Aggregated,333.100000,18.200000,260,460,690,890,1700,3000,5200,6900,8500,9000,9300,39984,1214,260.0,696.2702528236209,29.57810000225436,9264.738799996849,2371.6812224889954
1764630984,1000,,Aggregated,333.400000,16.400000,260,460,690,880,1700,3000,5300,6900,8500,8900,9300,40304,1214,260.0,695.6333699955251,29.57810000225436,9264.738799996849,2371.9873461691145
1764630985,1000,,Aggregated,328.100000,14.500000,260,460,690,880,1700,3000,5400,6900,8500,8900,9300,40608,1214,260.0,696.3900669203026,29.57810000225436,9264.738799996849,2374.0209072104017
1764630986,1000,,Aggregated,324.000000,12.700000,260,460,690,880,1700,3000,5500,6900,8500,8900,9300,40875,1214,260.0,696.4201831314905,29.57810000225436,9264.738799996849,2373.959828746177
1764630987,1000,,Aggregated,320.000000,10.400000,260,460,680,870,1700,3000,5600,6900,8500,8900,9300,41212,1214,260.0,697.1844949820363,29.57810000225436,9264.738799996849,2375.6789042026594
1764630988,1000,,Aggregated,316.000000,8.300000,260,460,680,870,1700,3100,5700,7000,8500,8900,9300,41523,1214,260.0,697.9438395058094,29.57810000225436,9264.738799996849,2377.1581292295837
1764630989,1000,,Aggregated,314.100000,6.200000,260,450,680,870,1700,3100,5900,7000,8500,8900,9300,41834,1214,260.0,702.0154684371493,29.57810000225436,9264.738799996849,2377.923076923077
1764630990,1000,,Aggregated,311.900000,4.500000,260,450,680,870,1700,3100,6000,7000,8500,8900,9300,42138,1214,260.0,705.5211154088864,29.57810000225436,9264.738799996849,2378.740709098676
1764630991,1000,,Aggregated,309.800000,2.700000,260,450,680,870,1700,3100,6000,7000,8500,8900,9300,42437,1214,260.0,707.6317083700462,29.57810000225436,9264.738799996849,2378.404976789123
1764630992,1000,,Aggregated,304.900000,0.200000,260,450,670,860,1700,3100,6000,7000,8500,8900,9300,42774,1214,260.0,708.407096006914,29.57810000225436,9264.738799996849,2377.2740917379715
1764630993,1000,,Aggregated,303.800000,0.000000,260,450,670,860,1700,3200,6000,7000,8500,8900,9300,43117,1229,260.0,709.4755644618092,29.57810000225436,9264.738799996849,2377.6848110953915
1764630994,1000,,Aggregated,305.600000,0.000000,260,450,670,860,1800,3200,6000,7000,8500,8900,9300,43418,1255,260.0,712.0971658597783,29.57810000225436,9264.738799996849,2378.5238380395226
1764630995,1000,,Aggregated,309.400000,0.300000,260,450,670,860,1800,3200,6000,7000,8500,8900,9300,43749,1285,260.0,712.9102964410569,29.57810000225436,9264.738799996849,2379.4543646711927
1764630996,1000,,Aggregated,309.100000,2.700000,260,450,670,860,1800,3200,6000,7000,8500,8900,9300,44097,1307,260.0,712.5767543438292,29.57810000225436,9264.738799996849,2379.0095017801664
1764630997,1000,,Aggregated,310.300000,5.800000,260,450,670,860,1800,3200,6000,6900,8500,8900,9300,44452,1335,260.0,713.7700498762689,29.57810000225436,9264.738799996849,2378.9047286961218
1764630998,1000,,Aggregated,315.300000,8.400000,260,450,670,850,1800,3200,6000,6900,8500,8900,9300,44806,1368,260.0,713.972437077621,29.57810000225436,9264.738799996849,2379.508168548855
1764630999,1000,,Aggregated,318.100000,10.400000,260,450,670,850,1800,3300,6000,6900,8400,8900,9300,45111,1399,260.0,714.2320342067337,29.57810000225436,9264.738799996849,2379.621976901421
1764631000,1000,,Aggregated,322.100000,13.300000,260,440,670,850,1800,3300,5900,6900,8400,8900,9300,45418,1417,260.0,713.1204043705123,29.57810000225436,9264.738799996849,2379.6373904619313
1764631001,1000,,Aggregated,327.000000,16.800000,260,440,670,850,1800,3300,5900,6900,8400,8900,9300,45738,1443,260.0,712.8949717412214,29.57810000225436,9264.738799996849,2379.9635751453934
1764631002,1000,,Aggregated,326.900000,19.200000,260,440,670,860,1800,3300,5900,6900,8400,8900,9300,46110,1462,260.0,713.9842797636092,29.57810000225436,9264.738799996849,2380.735198438517
1764631003,1000,,Aggregated,328.600000,20.900000,260,450,670,860,1800,3300,5900,6900,8400,8900,9300,46449,1482,260.0,714.8815572326649,29.57810000225436,9264.738799996849,2381.0181704665333
1764631004,1000,,Aggregated,328.100000,23.600000,260,440,670,860,1800,3300,5900,6900,8400,8900,9300,46768,1482,260.0,714.9442561516437,29.57810000225436,9264.738799996849,2381.244547553883
1764631005,1000,,Aggregated,327.800000,25.400000,260,450,670,860,1800,3300,5800,6900,8400,8900,9300,47073,1482,260.0,714.4664974146559,29.57810000225436,9264.738799996849,2382.8459414101503
1764631006,1000,,Aggregated,333.400000,24.100000,260,450,670,870,1800,3300,5800,6900,8400,8900,9300,47440,1482,260.0,714.3709606766458,29.57810000225436,9264.738799996849,2383.4951306913995
1764631007,1000,,Aggregated,330.900000,21.000000,260,450,680,870,1800,3200,5800,6900,8400,8900,9300,47766,1482,260.0,714.1749826822444,29.57810000225436,9264.738799996849,2382.4844450027217
1764631008,1000,,Aggregated,332.500000,18.400000,260,450,670,870,1800,3200,5800,6900,8400,8900,9300,48115,1482,260.0,713.1069724680486,29.57810000225436,9264.738799996849,2381.531227268004
1764631009,1000,,Aggregated,331.700000,16.400000,260,450,680,880,1800,3200,5800,6900,8400,8900,9300,48432,1482,260.0,712.5518227411665,29.57810000225436,9264.738799996849,2382.127436405682
1764631010,1000,,Aggregated,329.600000,13.500000,260,450,680,880,1800,3200,5800,6800,8400,8900,9300,48810,1482,260.0,712.015474544156,29.57810000225436,9264.738799996849,2383.1511780372875
1764631011,1000,,Aggregated,327.200000,10.000000,260,450,680,880,1800,3200,5700,6800,8400,8900,9300,49072,1482,260.0,712.1925086933534,29.57810000225436,9264.738799996849,2384.947954026736
1764631012,1000,,Aggregated,329.100000,7.600000,260,450,680,880,1800,3200,5700,6800,8400,8900,9300,49430,1482,260.0,712.4936751446523,29.57810000225436,9264.738799996849,2383.610176006474
1764631013,1000,,Aggregated,336.000000,5.900000,260,450,690,890,1800,3200,5700,6800,8400,8900,9300,49754,1482,260.0,712.6853040237994,29.57810000225436,9264.738799996849,2382.45515938417
1764631014,1000,,Aggregated,331.300000,3.200000,260,450,690,890,1800,3200,5700,6800,8400,8900,9300,50116,1482,260.0,712.3473209194694,29.57810000225436,9264.738799996849,2384.0964761752734
1764631015,1000,,Aggregated,328.800000,1.100000,260,450,690,900,1800,3200,5700,6800,8400,8900,9300,50438,1482,260.0,712.3780024564857,29.57810000225436,9264.738799996849,2384.4787660097545
1764631016,1000,,Aggregated,330.100000,0.000000,260,450,690,900,1800,3200,5600,6800,8400,8900,9300,50822,1482,260.0,711.2845339301908,29.57810000225436,9264.738799996849,2384.5909251898784
1764631017,1000,,Aggregated,334.100000,0.000000,260,450,690,900,1800,3200,5600,6800,8400,8900,9300,51178,1482,260.0,709.1797898647898,29.57810000225436,9264.738799996849,2385.4766305834537
1764631018,1000,,Aggregated,336.000000,0.000000,260,450,690,900,1700,3200,5600,6800,8400,8900,9300,51539,1482,260.0,707.3576503424649,29.57810000225436,9264.738799996849,2385.6733735617686
1764631019,1000,,Aggregated,337.400000,0.000000,260,450,690,900,1700,3200,5600,6800,8400,8900,9300,51898,1482,260.0,705.9907626902841,29.57810000225436,9264.738799996849,2385.341323365062
1764631020,1000,,Aggregated,341.700000,0.000000,260,450,690,900,1700,3200,5500,6800,8400,8900,9300,52268,1482,260.0,704.3446922610451,29.57810000225436,9264.738799996849,2386.619097727099
1764631021,1000,,Aggregated,341.800000,0.000000,260,450,690,900,1700,3200,5500,6800,8400,8900,9300,52591,1482,260.0,703.012056519182,29.57810000225436,9264.738799996849,2386.789507710445
1764631022,1000,,Aggregated,346.300000,0.000000,250,450,690,900,1700,3100,5500,6800,8400,8900,9300,52984,1482,250.0,701.2343379133368,29.57810000225436,9264.738799996849,2386.5993884946397
1764631023,1000,,Aggregated,343.800000,0.000000,250,450,680,900,1700,3100,5500,6800,8400,8900,9300,53362,1482,250.0,699.324834355914,29.57810000225436,9264.738799996849,2388.594580413028
1764631024,1000,,Aggregated,349.400000,0.000000,250,450,680,900,1700,3100,5400,6800,8400,8900,9300,53699,1482,250.0,697.566921315114,29.57810000225436,9264.738799996849,2389.3175664351293
1764631025,1000,,Aggregated,355.000000,0.000000,250,450,680,890,1700,3100,5400,6800,8400,8900,9300,54077,1482,250.0,695.7969959058453,29.57810000225436,9264.738799996849,2389.451985132311
1764631026,1000,,Aggregated,356.300000,0.000000,250,450,680,890,1700,3100,5400,6800,8400,8900,9300,54436,1482,250.0,693.9667384708725,29.57810000225436,9264.738799996849,2390.0377691233743
1764631027,1000,,Aggregated,357.900000,0.000000,250,440,680,890,1700,3100,5400,6800,8400,8900,9300,54761,1482,250.0,692.5252919760496,29.57810000225436,9264.738799996849,2390.2330855901096
1764631028,1000,,Aggregated,358.200000,0.000000,250,440,680,890,1700,3100,5400,6800,8400,8900,9300,55157,1482,250.0,690.8461733832625,29.57810000225436,9264.738799996849,2390.9121417045885
1764631029,1000,,Aggregated,358.500000,0.000000,250,440,680,890,1700,3100,5300,6700,8400,8900,9300,55489,1482,250.0,689.3906385229611,29.57810000225436,9264.738799996849,2391.7494458361116
1764631030,1000,,Aggregated,355.500000,0.000000,250,450,680,890,1700,3100,5300,6700,8400,8900,9300,55894,1482,250.0,687.5157369574634,29.57810000225436,9264.738799996849,2392.288492503668
1764631031,1000,,Aggregated,360.300000,0.000000,250,440,680,890,1700,3100,5300,6700,8300,8900,9300,56209,1482,250.0,685.7908212901943,29.57810000225436,9264.738799996849,2393.1538009927235
1764631032,1000,,Aggregated,359.000000,0.000000,250,440,670,880,1700,3000,5300,6700,8300,8900,9300,56607,1482,250.0,683.6163097850201,29.57810000225436,9264.738799996849,2392.2883388980163
1764631033,1000,,Aggregated,360.000000,0.000000,250,440,670,880,1700,3000,5300,6700,8300,8900,9300,56955,1482,250.0,682.4913834957548,29.57810000225436,9264.738799996849,2393.2104995171626
1764631034,1000,,Aggregated,359.000000,0.000000,250,440,670,880,1700,3000,5300,6700,8300,8900,9300,57293,1482,250.0,680.9645081336403,29.57810000225436,9264.738799996849,2393.9719337440874
1764631035,1000,,Aggregated,359.500000,0.000000,250,440,670,880,1700,3000,5200,6700,8300,8900,9300,57637,1482,250.0,679.5698649565484,29.57810000225436,9264.738799996849,2393.4754758228223
1764631036,1000,,Aggregated,357.700000,0.000000,250,440,670,880,1600,3000,5200,6700,8300,8900,9300,57993,1482,250.0,678.41849754454,29.57810000225436,9264.738799996849,2393.278499129205
1764631037,1000,,Aggregated,357.900000,0.000000,250,440,670,880,1600,3000,5200,6700,8300,8900,9300,58311,1482,250.0,677.556492150717,29.57810000225436,9264.738799996849,2393.2401433691757
1764631038,1000,,Aggregated,353.600000,0.000000,250,440,670,880,1700,3000,5200,6700,8300,8900,9300,58688,1482,250.0,677.4615260036196,29.57810000225436,9264.738799996849,2395.017243729553
1764631039,1000,,Aggregated,352.500000,0.000000,250,440,670,880,1700,3000,5200,6700,8300,8900,9300,58994,1482,250.0,676.5944306437997,29.57810000225436,9264.738799996849,2395.383666135539
1764631040,1000,,Aggregated,353.200000,0.000000,250,440,670,880,1700,3000,5200,6700,8300,8900,9300,59388,1482,250.0,675.6376766131261,29.57810000225436,9264.738799996849,2395.962753418199
1764631041,1000,,Aggregated,352.100000,0.000000,250,440,670,880,1700,3000,5200,6700,8300,8900,9300,59684,1482,250.0,675.1703334746364,29.57810000225436,9264.738799996849,2395.227397627505
1764631042,1000,,Aggregated,348.400000,0.000000,250,440,680,890,1700,2900,5200,6700,8300,8900,9300,60042,1482,250.0,675.0249387129047,29.57810000225436,9264.738799996849,2396.4119616268613
1764631043,1000,,Aggregated,347.500000,0.000000,250,440,680,890,1700,2900,5100,6700,8300,8900,9300,60382,1482,250.0,674.5160921797925,29.57810000225436,9264.738799996849,2396.4165314166476
1764631044,1000,,Aggregated,345.800000,0.000000,250,440,670,890,1700,2900,5100,6700,8300,8900,9300,60745,1482,250.0,673.4853659511111,29.57810000225436,9264.738799996849,2396.027508436908
1764631045,1000,,Aggregated,342.100000,0.000000,250,440,670,880,1700,2900,5100,6700,8300,8900,9300,61055,1482,250.0,672.157538935391,29.57810000225436,9264.738799996849,2393.8925395135534
1764631046,1000,,Aggregated,340.900000,0.000000,250,440,670,880,1700,2900,5100,6700,8300,8900,9300,61420,1482,250.0,671.2832632790659,29.57810000225436,9264.738799996849,2393.3770595897104
1764631047,1000,,Aggregated,340.000000,0.000000,250,440,670,880,1700,2900,5100,6700,8300,8900,9300,61771,1482,250.0,671.2804826488195,29.57810000225436,9264.738799996849,2393.119068818701
1764631048,1000,,Aggregated,338.200000,0.000000,250,430,670,880,1700,3000,5000,6700,8300,8900,9300,62134,1482,250.0,671.3799046512415,29.57810000225436,9264.738799996849,2392.0932822609198
1764631049,1000,,Aggregated,341.600000,0.000000,250,430,670,880,1700,3000,5000,6700,8300,8900,9300,62426,1482,250.0,671.4852456604642,29.57810000225436,9264.738799996849,2393.304007945407
1764631050,1000,,Aggregated,342.700000,0.000000,250,430,660,880,1700,3000,5000,6600,8300,8900,9300,62765,1482,250.0,671.5628363132354,29.57810000225436,9264.738799996849,2393.895196367402
1764631051,1000,,Aggregated,340.200000,0.000000,250,430,660,870,1700,3000,5000,6600,8300,8900,9300,63145,1482,250.0,671.2662920183725,29.57810000225436,9264.738799996849,2392.884472246417
1764631052,1000,,Aggregated,339.900000,0.000000,250,430,660,870,1700,3000,4900,6600,8300,8900,9300,63556,1482,250.0,670.1561871672236,29.57810000225436,9264.738799996849,2391.727515891497
1764631053,1000,,Aggregated,336.200000,0.000000,250,430,660,870,1700,2900,4900,6600,8300,8900,9300,63884,1482,250.0,669.0208823680439,29.57810000225436,9264.738799996849,2391.8168555506854
1764631054,1000,,Aggregated,343.800000,0.000000,250,430,660,870,1700,2900,4900,6600,8300,8900,9300,64241,1482,250.0,668.2539964913387,29.57810000225436,9264.738799996849,2391.372799302626
1764631055,1000,,Aggregated,348.400000,0.000000,250,430,650,870,1700,2900,4900,6600,8300,8900,9300,64573,1482,250.0,667.4395068604562,29.57810000225436,9264.738799996849,2391.5817911511003
1764631056,1000,,Aggregated,347.200000,0.000000,250,420,650,860,1700,2900,4900,6600,8300,8900,9300,64911,1482,250.0,666.2548129669887,29.57810000225436,9264.738799996849,2390.3622190383758
1764631057,1000,,Aggregated,348.400000,0.000000,250,420,650,860,1700,2900,4900,6600,8300,8900,9300,65239,1482,250.0,665.5393423243794,29.57810000225436,9264.738799996849,2389.9242937506706
1764631058,1000,,Aggregated,349.400000,0.000000,250,420,650,860,1700,2900,4800,6600,8300,8900,9300,65590,1482,250.0,665.7178649870417,29.57810000225436,9264.738799996849,2389.7035066321087
1764631059,1000,,Aggregated,346.400000,0.000000,250,420,650,860,1700,3000,4800,6600,8300,8900,9300,65894,1482,250.0,666.1292091191926,29.57810000225436,9264.738799996849,2390.6861626248215
1764631060,1000,,Aggregated,344.900000,0.000000,250,420,650,860,1700,3000,4800,6600,8300,8900,9300,66236,1482,250.0,666.3950879959552,29.57810000225436,9264.738799996849,2391.0256205084847
1764631061,1000,,Aggregated,342.800000,0.000000,250,420,640,860,1700,3000,4800,6600,8300,8900,9300,66592,1482,250.0,666.5516604907522,29.57810000225436,9264.738799996849,2391.7049044930322
1764631063,1000,,Aggregated,343.700000,0.000000,240,420,640,860,1700,3000,4800,6600,8300,8900,9300,66974,1482,240.0,666.9882672096674,29.57810000225436,9264.738799996849,2392.600143339206
1764631064,1000,,Aggregated,341.300000,0.000000,240,410,640,860,1700,3000,4800,6500,8300,8900,9300,67336,1482,240.0,666.6845697041746,29.57810000225436,9264.738799996849,2392.888321254604
1764631065,1000,,Aggregated,339.600000,0.000000,240,410,640,860,1700,3000,4700,6500,8300,8900,9300,67685,1482,240.0,665.8626780970695,29.57810000225436,9264.738799996849,2392.900007387161
1764631066,1000,,Aggregated,342.800000,0.000000,240,410,640,850,1700,3000,4700,6500,8300,8900,9300,68062,1482,240.0,664.8786260086424,29.57810000225436,9264.738799996849,2393.050424612853
1764631067,1000,,Aggregated,342.200000,0.000000,240,410,640,850,1700,3000,4700,6500,8300,8900,9300,68414,1482,240.0,664.008762184643,29.57810000225436,9264.738799996849,2392.9910398456454
1764631068,1000,,Aggregated,347.200000,0.000000,240,410,640,850,1700,3000,4700,6500,8300,8900,9300,68728,1482,240.0,663.5232937812859,29.57810000225436,9264.738799996849,2393.9378273774882
1764631069,1000,,Aggregated,346.900000,0.000000,240,410,630,850,1700,3000,4700,6500,8300,8900,9300,69122,1482,240.0,662.1772413327203,29.57810000225436,9264.738799996849,2393.3441306675154
1764631070,1000,,Aggregated,346.500000,0.000000,240,410,630,850,1800,3000,4700,6500,8300,8900,9300,69427,1482,240.0,661.5044954571032,29.57810000225436,9264.738799996849,2393.4282051651376
1764631071,1000,,Aggregated,351.200000,0.000000,240,410,630,850,1800,3000,4700,6500,8300,8900,9300,69786,1482,240.0,660.8013527054177,29.57810000225436,9264.738799996849,2392.704195683948
1764631072,1000,,Aggregated,351.700000,0.000000,240,410,630,850,1800,2900,4700,6500,8300,8800,9300,70137,1482,240.0,660.5222839499876,29.57810000225436,9264.738799996849,2392.256426707729
1764631073,1000,,Aggregated,353.700000,0.000000,240,400,630,840,1800,2900,4600,6500,8300,8800,9300,70504,1482,240.0,660.1619271091035,29.57810000225436,9264.738799996849,2393.250538976512
1764631074,1000,,Aggregated,353.000000,0.000000,240,400,620,840,1800,2900,4600,6500,8300,8800,9300,70855,1482,240.0,659.7111148373477,29.57810000225436,9264.738799996849,2393.7427563333567
1764631075,1000,,Aggregated,350.500000,0.000000,240,400,620,840,1800,2900,4600,6500,8300,8800,9300,71244,1482,240.0,658.6138803843173,29.57810000225436,9264.738799996849,2393.7325669530064
1764631076,1000,,Aggregated,349.600000,0.000000,240,400,620,840,1800,2900,4600,6500,8300,8800,9300,71617,1482,240.0,658.4698086096922,29.57810000225436,9264.738799996849,2393.2981415027157
1764631077,1000,,Aggregated,352.900000,0.000000,240,400,620,840,1800,2900,4600,6500,8300,8800,9300,71975,1482,240.0,657.786852797504,29.57810000225436,9264.738799996849,2393.127294199375
1764631078,1000,,Aggregated,351.800000,0.000000,240,400,620,840,1800,2900,4600,6400,8300,8800,9300,72301,1482,240.0,656.927785305878,29.57810000225436,9264.738799996849,2393.7077080538306
1764631079,1000,,Aggregated,353.500000,0.000000,240,390,620,840,1800,2900,4600,6400,8300,8800,9300,72672,1482,240.0,656.5243598552445,29.57810000225436,9264.738799996849,2394.1859863496256
1764631080,1000,,Aggregated,352.300000,0.000000,240,390,610,830,1800,2900,4500,6400,8300,8800,9300,73019,1482,240.0,656.4993743039519,29.57810000225436,9264.738799996849,2394.3996767964504
1764631081,1000,,Aggregated,351.400000,0.000000,240,390,610,830,1800,2900,4500,6400,8300,8800,9300,73398,1482,240.0,655.8771771669572,29.57810000225436,9264.738799996849,2393.8365214311016
1764631082,1000,,Aggregated,354.200000,0.000000,240,390,610,830,1800,2900,4500,6400,8300,8800,9300,73759,1482,240.0,655.4161676364954,29.57810000225436,9264.738799996849,2394.4115158828076
1764631083,1000,,Aggregated,355.200000,0.000000,230,390,610,830,1800,2900,4500,6400,8300,8800,9300,74110,1482,230.0,654.6112570071544,29.57810000225436,9264.738799996849,2395.272055053299
1764631084,1000,,Aggregated,357.200000,0.000000,230,390,610,830,1800,2900,4500,6400,8300,8800,9300,74448,1482,230.0,654.0303753384951,29.57810000225436,9264.738799996849,2396.244546529121
1764631085,1000,,Aggregated,357.000000,0.000000,230,390,610,830,1800,2900,4500,6400,8300,8800,9300,74844,1482,230.0,652.8757075811058,29.57810000225436,9264.738799996849,2395.1710491154936
1764631086,1000,,Aggregated,356.000000,0.000000,230,390,610,830,1800,2900,4500,6400,8300,8800,9300,75200,1482,230.0,651.6967412287274,29.57810000225436,9264.738799996849,2395.1315425531916
1764631087,1000,,Aggregated,355.300000,0.000000,230,380,600,830,1800,2900,4500,6400,8300,8800,9300,75550,1482,230.0,650.8995659642654,29.57810000225436,9264.738799996849,2395.3827531436136
1764631088,1000,,Aggregated,356.000000,0.000000,230,380,600,820,1800,2900,4500,6300,8300,8800,9300,75897,1482,230.0,650.0485769398027,29.57810000225436,9264.738799996849,2394.921670158241
1764631089,1000,,Aggregated,354.300000,0.000000,230,380,600,820,1800,2900,4500,6300,8300,8800,9300,76228,1482,230.0,649.6062933567736,29.57810000225436,9264.738799996849,2395.6343076035055
1764631090,1000,,Aggregated,358.400000,0.000000,230,380,600,830,1800,2900,4500,6300,8300,8800,9300,76563,1482,230.0,649.8765806930252,29.57810000225436,9264.738799996849,2397.164622598383
1764631091,1000,,Aggregated,354.800000,0.000000,230,380,600,830,1800,2900,4500,6300,8300,8800,9300,76982,1482,230.0,649.5990206580785,29.57810000225436,9264.738799996849,2397.4084071601155
1764631092,1000,,Aggregated,353.400000,0.000000,230,380,600,830,1800,2900,4500,6300,8200,8800,9300,77303,1482,230.0,648.9464932214819,29.57810000225436,9264.738799996849,2395.8994735003816
1764631093,1000,,Aggregated,355.400000,0.000000,230,380,600,820,1800,2900,4500,6300,8200,8800,9300,77696,1482,230.0,647.8426824250952,29.57810000225436,9264.738799996849,2396.2016706136737
1764631094,1000,,Aggregated,353.200000,0.000000,230,380,600,820,1800,2900,4500,6300,8200,8800,9300,78044,1482,230.0,646.7000366934049,29.57810000225436,9264.738799996849,2396.6457767413253
1764631095,1000,,Aggregated,355.700000,0.000000,230,380,600,820,1800,2900,4400,6300,8200,8800,9300,78399,1482,230.0,645.8191952422881,29.57810000225436,9264.738799996849,2396.860138522175
1764631096,1000,,Aggregated,356.800000,0.000000,230,380,590,820,1800,2900,4400,6300,8200,8800,9300,78742,1482,230.0,644.8532753765464,29.57810000225436,9264.738799996849,2396.8389550684515
1764631097,1000,,Aggregated,353.800000,0.000000,230,380,590,820,1800,2900,4400,6300,8200,8800,9300,79084,1482,230.0,644.1474533951251,29.57810000225436,9264.738799996849,2396.213987658692
1764631098,1000,,Aggregated,352.400000,0.000000,230,370,590,820,1800,2900,4400,6200,8200,8800,9300,79436,1482,230.0,643.8984146810025,29.57810000225436,9264.738799996849,2396.79309129362
1764631099,1000,,Aggregated,351.600000,0.000000,230,370,590,810,1800,2900,4400,6200,8200,8800,9300,79788,1482,230.0,643.6732238456916,29.57810000225436,9264.738799996849,2397.1492705670025
1764631100,1000,,Aggregated,350.400000,0.000000,230,370,590,810,1800,2900,4400,6200,8200,8800,9300,80148,1482,230.0,643.5975737111361,29.57810000225436,9264.738799996849,2397.762589209962
1764631101,1000,,Aggregated,353.700000,0.000000,230,370,590,810,1800,2900,4400,6200,8200,8800,9300,80514,1482,230.0,642.7199187507778,29.57810000225436,9264.738799996849,2397.600516680329
1764631102,1000,,Aggregated,354.400000,0.000000,230,370,590,810,1900,2900,4300,6200,8200,8800,9300,80838,1482,230.0,642.5679348598442,29.57810000225436,9264.738799996849,2397.33278903486
1764631103,1000,,Aggregated,355.300000,0.000000,230,370,580,810,1900,2900,4300,6200,8200,8800,9300,81197,1482,230.0,641.8813555907268,29.57810000225436,9264.738799996849,2397.5933839920194
1764631104,1000,,Aggregated,349.500000,0.000000,230,370,580,810,1900,2900,4300,6200,8200,8800,9300,81523,1482,230.0,641.196111499826,29.57810000225436,9264.738799996849,2397.705236559008
1764631105,1000,,Aggregated,346.600000,0.000000,230,370,580,810,1900,2900,4300,6200,8200,8800,9300,81855,1482,230.0,640.8672028355035,29.57810000225436,9264.738799996849,2397.0596298332416
1764631106,1000,,Aggregated,346.700000,0.000000,230,370,580,810,1900,2900,4300,6100,8200,8800,9300,82162,1482,230.0,640.5900113836088,29.57810000225436,9264.738799996849,2396.7183004308563
1764631107,1000,,Aggregated,347.100000,0.000000,230,370,580,810,1900,2900,4300,6100,8200,8800,9300,82535,1482,230.0,641.07696489247,29.57810000225436,9264.738799996849,2396.78806566911
1764631108,1000,,Aggregated,338.800000,0.000000,230,370,580,810,1900,2900,4300,6100,8200,8800,9300,82892,1482,230.0,641.4734158073164,29.57810000225436,9264.738799996849,2396.8202721613666
1764631109,1000,,Aggregated,343.000000,0.000000,230,360,580,810,1900,2900,4300,6100,8200,8800,9300,83279,1482,230.0,641.8110261002182,29.57810000225436,9264.738799996849,2398.1180969992433
1764631110,1000,,Aggregated,345.600000,0.000000,230,360,570,800,1900,2900,4200,6100,8200,8800,9300,83633,1482,230.0,641.4105083029452,29.57810000225436,9264.738799996849,2398.134205397391
1764631111,1000,,Aggregated,344.800000,0.000000,220,360,570,800,1900,2900,4200,6100,8200,8800,9300,83976,1482,220.0,640.5968098742513,29.57810000225436,9264.738799996849,2398.365914070687
1764631112,1000,,Aggregated,348.900000,0.000000,220,360,570,800,1900,2900,4200,6100,8200,8800,9300,84303,1482,220.0,639.8346390175914,29.57810000225436,9264.738799996849,2397.424777291437
1764631113,1000,,Aggregated,342.400000,0.000000,220,360,570,800,1900,2900,4200,6100,8200,8800,9300,84603,1482,220.0,639.4069427668041,29.57810000225436,9264.738799996849,2398.0241480798554
1764631114,1000,,Aggregated,345.700000,0.000000,220,360,570,800,1900,2900,4200,6100,8200,8800,9300,84947,1482,220.0,638.9079187328554,29.57810000225436,9264.738799996849,2397.6365027605448
1764631115,1000,,Aggregated,343.200000,0.000000,220,360,560,790,1900,2900,4200,6100,8200,8800,9300,85279,1482,220.0,638.9697928692864,29.57810000225436,9264.738799996849,2397.1004467688413
1764631116,1000,,Aggregated,342.000000,0.000000,230,360,560,790,1900,2900,4200,6100,8200,8800,9300,85599,1482,230.0,639.5599750113898,29.57810000225436,9264.738799996849,2397.3692916973328
1764631117,1000,,Aggregated,338.800000,0.000000,230,360,560,790,1900,2900,4200,6000,8200,8800,9300,85935,1482,230.0,640.4136879176108,29.57810000225436,9264.738799996849,2397.22684587188
1764631118,1000,,Aggregated,341.900000,0.000000,230,360,560,790,1900,2900,4200,6000,8200,8800,9300,86286,1482,230.0,641.0182949423995,29.57810000225436,9264.738799996849,2397.3116959877616
1764631119,1000,,Aggregated,337.500000,0.000000,230,360,560,790,1900,2900,4200,6000,8200,8800,9300,86613,1482,230.0,642.0309828686204,29.57810000225436,9264.738799996849,2398.0159444887026
1764631120,1000,,Aggregated,333.700000,0.000000,230,360,560,790,1900,2900,4200,6000,8200,8800,9300,86965,1482,230.0,642.4542706261117,29.57810000225436,9264.738799996849,2397.7623066750994
1764631121,1000,,Aggregated,332.700000,0.000000,230,360,560,790,1900,2900,4200,6000,8200,8800,9300,87279,1482,230.0,642.954887289035,29.57810000225436,9264.738799996849,2398.053701348549
1764631122,1000,,Aggregated,330.100000,0.000000,230,360,560,790,1900,3000,4200,6000,8200,8800,9300,87628,1482,230.0,643.204939691647,29.57810000225436,9264.738799996849,2397.795738804948
1764631123,1000,,Aggregated,328.000000,0.000000,230,360,560,790,1900,3000,4200,6000,8200,8800,9300,87988,1482,230.0,642.9976813247215,29.57810000225436,9264.738799996849,2397.273878256126
1764631124,1000,,Aggregated,328.600000,0.000000,220,350,550,790,1900,3000,4200,6000,8200,8800,9300,88341,1482,220.0,642.9179680023934,29.57810000225436,9264.738799996849,2396.8914660237037
1764631125,1000,,Aggregated,333.700000,0.000000,220,350,550,790,1900,3000,4200,6000,8200,8800,9300,88678,1482,220.0,642.8597485272508,29.57810000225436,9264.738799996849,2397.165655517716
1764631126,1000,,Aggregated,335.200000,0.000000,220,350,550,780,1900,3000,4200,6000,8200,8800,9300,89078,1482,220.0,642.7415264397437,29.57810000225436,9264.738799996849,2397.9655133703045
1764631127,1000,,Aggregated,336.500000,0.000000,220,350,550,780,1900,3000,4200,6000,8200,8800,9300,89450,1482,220.0,642.3948197875862,29.57810000225436,9264.738799996849,2398.4318054779205
1764631128,1000,,Aggregated,344.500000,0.000000,220,350,550,780,1900,3000,4200,6000,8200,8800,9300,89782,1482,220.0,641.6828560847332,29.57810000225436,9264.738799996849,2398.2072575794705
1764631129,1000,,Aggregated,349.100000,0.000000,220,350,550,780,1900,3000,4200,6000,8200,8800,9300,90155,1482,220.0,640.7536761244469,29.57810000225436,9264.738799996849,2397.651644390217
1764631130,1000,,Aggregated,351.000000,0.000000,220,350,550,780,1900,3000,4200,5900,8200,8800,9300,90510,1482,220.0,640.0363759462991,29.57810000225436,9264.738799996849,2397.285239200088
1764631131,1000,,Aggregated,351.100000,0.000000,220,350,540,770,1900,3000,4200,5900,8200,8800,9300,90861,1482,220.0,639.5509797701935,29.57810000225436,9264.738799996849,2397.5229416361253
1764631132,1000,,Aggregated,352.400000,0.000000,220,350,540,770,1900,3000,4200,5900,8200,8800,9300,91242,1482,220.0,639.2136007715703,29.57810000225436,9264.738799996849,2398.0114749786285
1764631133,1000,,Aggregated,355.900000,0.000000,220,350,540,770,1900,3000,4100,5900,8200,8800,9300,91574,1482,220.0,638.6801605248164,29.57810000225436,9264.738799996849,2397.811059907834
1764631134,1000,,Aggregated,358.000000,0.000000,220,350,540,770,1900,3000,4100,5900,8200,8800,9300,91901,1482,220.0,638.3432207941114,29.57810000225436,9264.738799996849,2397.7007323097682
1764631135,1000,,Aggregated,357.600000,0.000000,220,340,540,770,2000,3000,4100,5900,8200,8800,9300,92239,1482,220.0,638.0125953219315,29.57810000225436,9264.738799996849,2398.0791097041383
1764631136,1000,,Aggregated,355.000000,0.000000,220,340,540,770,2000,3000,4100,5900,8200,8800,9300,92585,1482,220.0,637.5640001641693,29.57810000225436,9264.738799996849,2397.88373926662
1764631137,1000,,Aggregated,355.000000,0.000000,220,340,540,770,2000,3000,4100,5900,8200,8800,9300,92935,1482,220.0,637.356666203256,29.57810000225436,9264.738799996849,2397.817173293162
1764631138,1000,,Aggregated,350.600000,0.000000,220,340,530,760,2000,3000,4100,5900,8200,8800,9300,93274,1482,220.0,637.4228779927915,29.57810000225436,9264.738799996849,2398.528046400926
1764631139,1000,,Aggregated,346.700000,0.000000,220,340,530,760,2000,3000,4100,5900,8200,8800,9300,93612,1482,220.0,638.0437083792626,29.57810000225436,9264.738799996849,2399.4849591932657
1764631140,1000,,Aggregated,345.300000,0.000000,220,340,530,760,2000,3000,4100,5900,8200,8800,9300,93956,1482,220.0,638.0325712280161,29.57810000225436,9264.738799996849,2399.906317850909
1764631141,1000,,Aggregated,347.400000,0.000000,220,340,530,760,2000,3000,4100,5800,8200,8800,9300,94295,1482,220.0,637.86590510631,29.57810000225436,9264.738799996849,2400.6890291107693
1764631142,1000,,Aggregated,342.600000,0.000000,220,340,530,760,2000,3000,4100,5800,8200,8800,9300,94645,1482,220.0,637.6925114184528,29.57810000225436,9264.738799996849,2401.262422737598
1764631143,1000,,Aggregated,343.000000,0.000000,220,340,530,760,2000,3000,4100,5800,8200,8800,9300,94975,1482,220.0,637.8092677157085,29.57810000225436,9264.738799996849,2401.739257699395
1764631144,1000,,Aggregated,339.400000,0.000000,220,340,530,760,2000,3000,4100,5800,8200,8800,9300,95348,1482,220.0,637.9024372225896,29.57810000225436,9264.738799996849,2403.0536980324705
1764631145,1000,,Aggregated,338.800000,0.000000,220,340,530,760,2000,3000,4100,5800,8200,8800,9300,95673,1482,220.0,637.9230994073508,29.57810000225436,9264.738799996849,2403.1824339155246
1764631146,1000,,Aggregated,339.600000,0.000000,220,340,530,760,2000,3000,4100,5800,8200,8800,9300,96005,1482,220.0,637.5313647872453,29.57810000225436,9264.738799996849,2402.8267381907194
1764631147,1000,,Aggregated,339.900000,0.000000,220,340,520,760,2000,3000,4100,5800,8200,8800,9300,96336,1482,220.0,637.4756449686464,29.57810000225436,9264.738799996849,2402.813174721807
1764631148,1000,,Aggregated,341.200000,0.000000,220,340,520,750,2000,3000,4000,5800,8200,8800,9300,96659,1482,220.0,637.643814677366,29.57810000225436,9264.738799996849,2402.826472444366
1764631149,1000,,Aggregated,340.700000,0.000000,220,340,520,750,2000,3000,4000,5800,8200,8800,9300,97011,1482,220.0,637.9248405479733,29.57810000225436,9264.738799996849,2403.7803341889066
1764631150,1000,,Aggregated,337.100000,0.000000,220,340,520,750,2000,3000,4000,5800,8200,8800,9300,97362,1482,220.0,638.1321574063738,29.57810000225436,9264.738799996849,2404.1513116000083
1764631151,1000,,Aggregated,335.000000,0.000000,220,340,520,750,2000,3000,4000,5800,8200,8800,9300,97706,1482,220.0,638.0612402912761,29.57810000225436,9264.738799996849,2404.6738583096226
1764631152,1000,,Aggregated,339.800000,0.000000,220,340,520,750,2000,3000,4000,5700,8200,8800,9300,98089,1482,220.0,638.0361471846937,29.57810000225436,9264.738799996849,2404.986522443903
1764631153,1000,,Aggregated,339.200000,0.000000,220,330,520,750,2000,3000,4000,5700,8200,8800,9300,98434,1482,220.0,637.5809883688507,29.57810000225436,9264.738799996849,2405.192352236016
1764631154,1000,,Aggregated,343.300000,0.000000,220,330,520,750,2000,3000,4000,5700,8200,8800,9300,98749,1482,220.0,637.0687804433402,29.57810000225436,9264.738799996849,2405.004506374748
1764631155,1000,,Aggregated,341.700000,0.000000,220,330,520,750,2000,3000,4000,5700,8200,8800,9300,99099,1482,220.0,636.8252932108237,29.57810000225436,9264.738799996849,2404.6064541519086
1764631156,1000,,Aggregated,342.900000,0.000000,220,330,510,740,2000,3000,4000,5700,8200,8800,9300,99446,1482,220.0,636.7805162691242,29.57810000225436,9264.738799996849,2404.4510789775354
1764631157,1000,,Aggregated,339.800000,0.000000,220,330,510,740,2000,3000,4000,5700,8200,8800,9300,99771,1482,220.0,636.402248033991,29.57810000225436,9264.738799996849,2404.14416012669
1764631158,1000,,Aggregated,342.100000,0.000000,220,330,510,740,2000,3000,4000,5700,8200,8700,9300,100161,1482,220.0,637.0444644881665,29.57810000225436,9264.738799996849,2405.540300116812
1764631159,1000,,Aggregated,340.000000,0.000000,220,330,510,740,2000,3000,4000,5700,8200,8700,9300,100501,1482,220.0,637.1131924528037,29.57810000225436,9264.738799996849,2406.1448244296075
1764631160,1000,,Aggregated,343.400000,0.000000,220,330,510,740,2000,3000,4000,5700,8200,8700,9300,100863,1482,220.0,637.0030058237347,29.57810000225436,9264.738799996849,2405.399214776479
1764631161,1000,,Aggregated,347.400000,0.000000,220,330,510,740,2000,3000,4000,5600,8200,8700,9300,101200,1482,220.0,636.7146674120496,29.57810000225436,9264.738799996849,2405.3423418972334
1764631162,1000,,Aggregated,344.800000,0.000000,220,330,510,740,2000,3000,4000,5600,8200,8700,9300,101528,1482,220.0,636.3080070207182,29.57810000225436,9264.738799996849,2405.1446891497912
1764631163,1000,,Aggregated,347.900000,0.000000,220,330,510,740,2000,3000,3900,5600,8200,8700,9300,101900,1482,220.0,636.1953127389543,29.57810000225436,9264.738799996849,2406.3663591756626
1764631164,1000,,Aggregated,343.200000,0.000000,220,330,510,740,2000,3000,3900,5600,8200,8700,9300,102252,1482,220.0,635.8554890711131,29.57810000225436,9264.738799996849,2406.4858486875564
1764631165,1000,,Aggregated,345.100000,0.000000,220,330,500,730,2000,3000,3900,5600,8200,8700,9300,102582,1482,220.0,635.6510099510589,29.57810000225436,9264.738799996849,2406.4385954650916
1764631166,1000,,Aggregated,345.400000,0.000000,220,330,500,730,2000,3000,3900,5600,8200,8700,9300,102930,1482,220.0,635.6088288905023,29.57810000225436,9264.738799996849,2406.926007966579
1764631167,1000,,Aggregated,348.700000,0.000000,220,330,500,730,2000,3000,3900,5600,8200,8700,9300,103281,1482,220.0,635.5153767285315,29.57810000225436,9264.738799996849,2406.3197393518653
1764631168,1000,,Aggregated,343.500000,0.000000,220,330,500,730,2000,3100,3900,5600,8200,8700,9300,103657,1482,220.0,635.1471329056355,29.57810000225436,9264.738799996849,2406.1819848153045
1764631169,1000,,Aggregated,348.900000,0.000000,220,330,500,730,2000,3100,3900,5600,8200,8700,9300,103999,1482,220.0,635.3081951787951,29.57810000225436,9264.738799996849,2407.5550918758836
1764631170,1000,,Aggregated,348.200000,0.000000,220,330,500,730,2100,3100,3900,5600,8200,8700,9300,104354,1482,220.0,635.2517622927678,29.57810000225436,9264.738799996849,2407.7164363608485
1764631171,1000,,Aggregated,347.800000,0.000000,220,330,500,730,2100,3100,3900,5500,8200,8700,9300,104689,1482,220.0,635.0440408533793,29.57810000225436,9264.738799996849,2408.1306632024375
1764631172,1000,,Aggregated,348.500000,0.000000,220,330,500,730,2100,3000,3900,5500,8200,8700,9300,105036,1482,220.0,634.6160756445356,29.57810000225436,9264.738799996849,2407.736537948894
1764631173,1000,,Aggregated,346.900000,0.000000,220,320,500,730,2100,3000,3900,5500,8200,8700,9300,105413,1482,220.0,634.2831568952546,29.57810000225436,9264.738799996849,2407.7277280790795
1764631174,1000,,Aggregated,349.200000,0.000000,220,320,490,720,2100,3000,3900,5500,8200,8700,9300,105734,1482,220.0,633.8251513685226,29.57810000225436,9264.738799996849,2407.584570715191
1764631175,1000,,Aggregated,347.200000,0.000000,220,320,490,720,2100,3100,3900,5500,8200,8700,9300,106088,1482,220.0,633.8437425147006,29.57810000225436,9264.738799996849,2407.3908076314005
1764631176,1000,,Aggregated,348.400000,0.000000,220,320,490,720,2100,3100,3900,5500,8200,8700,9300,106397,1482,220.0,633.7566373967265,29.57810000225436,9264.738799996849,2407.7408949500455
1764631177,1000,,Aggregated,345.600000,0.000000,220,320,490,720,2100,3100,3900,5500,8200,8700,9300,106733,1482,220.0,633.8209776170398,29.57810000225436,9264.738799996849,2407.773678243842
1764631178,1000,,Aggregated,348.200000,0.000000,220,320,490,720,2100,3100,3900,5400,8200,8700,9300,107058,1482,220.0,633.7915135627392,29.57810000225436,9264.738799996849,2407.7720861589046
1764631179,1000,,Aggregated,341.500000,0.000000,220,320,490,720,2100,3100,3900,5400,8200,8700,9300,107400,1482,220.0,634.3197270148949,29.57810000225436,9264.738799996849,2408.0867225325883
1764631180,1000,,Aggregated,343.500000,0.000000,220,320,490,720,2100,3100,3900,5400,8200,8700,9300,107777,1482,220.0,634.6008539038926,29.57810000225436,9264.738799996849,2408.622229232582
1764631181,1000,,Aggregated,336.900000,0.000000,220,320,490,720,2100,3100,3900,5400,8200,8700,9300,108110,1482,220.0,635.2292342271753,29.57810000225436,9264.738799996849,2409.429627231523
1764631182,1000,,Aggregated,338.100000,0.000000,220,320,490,720,2100,3100,3900,5400,8200,8700,9300,108460,1482,220.0,635.544150979163,29.57810000225436,9264.738799996849,2409.4721279734463
1764631183,1000,,Aggregated,337.300000,0.000000,220,320,490,710,2100,3100,3900,5400,8200,8700,9300,108790,1482,220.0,635.3757151034094,29.57810000225436,9264.738799996849,2409.4778196525417
1764631184,1000,,Aggregated,340.200000,0.000000,220,320,490,710,2100,3100,3900,5400,8100,8700,9300,109136,1482,220.0,635.0832654962619,29.57810000225436,9264.738799996849,2409.1967086937398
1764631185,1000,,Aggregated,340.900000,0.000000,220,320,490,710,2100,3100,3900,5400,8100,8700,9300,109423,1482,220.0,635.6406482896658,29.57810000225436,9264.738799996849,2409.82648986045
1764631186,1000,,Aggregated,335.000000,0.000000,220,320,490,720,2100,3100,3900,5400,8100,8700,9300,109781,1482,220.0,636.4363076142505,29.57810000225436,9264.738799996849,2410.6449749956732
1764631187,1000,,Aggregated,338.700000,0.000000,220,320,490,720,2100,3100,3900,5400,8100,8700,9300,110170,1482,220.0,636.3509127793419,29.57810000225436,9264.738799996849,2410.4209403648906
1764631188,1000,,Aggregated,332.600000,0.000000,220,320,490,710,2100,3100,3900,5400,8100,8700,9300,110498,1482,220.0,635.9948324965171,29.57810000225436,9264.738799996849,2410.101639848685
1764631189,1000,,Aggregated,339.900000,0.000000,220,320,490,710,2100,3100,3900,5300,8100,8700,9300,110795,1482,220.0,635.9429762471249,29.57810000225436,9264.738799996849,2409.812536666817
1764631190,1000,,Aggregated,342.000000,0.000000,220,320,480,710,2100,3100,3900,5300,8100,8700,9300,111186,1482,220.0,635.9275629251886,29.57810000225436,9264.738799996849,2410.260284568201
1764631191,1000,,Aggregated,341.000000,0.000000,220,320,480,710,2100,3100,3900,5300,8100,8700,9300,111529,1482,220.0,635.8511994449873,29.57810000225436,9264.738799996849,2410.017851859158
1764631192,1000,,Aggregated,338.300000,0.000000,220,320,480,710,2100,3100,3900,5300,8100,8700,9300,111901,1482,220.0,635.6802750743958,29.57810000225436,9264.738799996849,2410.2060303303815
1764631193,1000,,Aggregated,340.400000,0.000000,220,320,480,710,2100,3100,3900,5300,8100,8700,9300,112241,1482,220.0,635.5057250265056,29.57810000225436,9264.738799996849,2410.9292415427517
1764631194,1000,,Aggregated,339.100000,0.000000,220,320,480,710,2100,3100,3900,5300,8100,8700,9300,112572,1482,220.0,634.9841032015077,29.57810000225436,9264.738799996849,2410.3197420317665
1764631195,1000,,Aggregated,338.000000,0.000000,220,320,480,710,2100,3100,3800,5300,8100,8700,9300,112914,1482,220.0,634.8051400472935,29.57810000225436,9264.738799996849,2410.2113998264167
1764631196,1000,,Aggregated,342.800000,0.000000,220,320,480,710,2100,3100,3800,5300,8100,8700,9300,113264,1482,220.0,634.6355614581865,29.57810000225436,9264.738799996849,2410.750785774827
1764631197,1000,,Aggregated,342.400000,0.000000,220,320,480,700,2100,3100,3900,5300,8100,8700,9300,113606,1482,220.0,634.5468617793077,29.57810000225436,9264.738799996849,2410.615310811049
1764631198,1000,,Aggregated,346.300000,0.000000,220,320,480,700,2100,3100,3900,5300,8100,8700,9300,113946,1482,220.0,634.6403362733221,29.57810000225436,9264.738799996849,2410.8476471310973
1764631199,1000,,Aggregated,343.600000,0.000000,220,320,480,700,2100,3100,3900,5300,8100,8700,9300,114276,1483,220.0,635.1271424271072,29.57810000225436,9264.738799996849,2411.7162921348313
1764631200,1000,,Aggregated,341.400000,0.000000,220,320,480,700,2100,3100,3900,5300,8100,8700,9300,114609,1483,220.0,634.987300671851,29.57810000225436,9264.738799996849,2412.0699334258215
1764631201,1000,,Aggregated,343.100000,0.000000,220,320,470,700,2100,3100,3900,5200,8100,8700,9300,114959,1483,220.0,635.2645975695689,29.57810000225436,9264.738799996849,2412.225619568716
1764631202,1000,,Aggregated,344.200000,0.100000,220,320,470,700,2100,3100,3900,5200,8100,8700,9300,115280,1483,220.0,635.4403977342122,29.57810000225436,9264.738799996849,2412.0849757113115
1764631203,1000,,Aggregated,339.100000,0.100000,220,320,470,700,2100,3100,3900,5200,8100,8700,9300,115591,1483,220.0,635.5087306330075,29.57810000225436,9264.738799996849,2411.902440501423
1764631204,1000,,Aggregated,338.500000,0.100000,220,320,470,700,2200,3100,3900,5200,8100,8700,9300,115927,1483,220.0,635.807417793094,29.57810000225436,9264.738799996849,2411.8562198624995
1764631205,1000,,Aggregated,337.300000,0.100000,220,320,470,700,2200,3100,3900,5200,8100,8700,9300,116277,1483,220.0,636.1859555716095,29.57810000225436,9264.738799996849,2412.301392364784
1764631206,1000,,Aggregated,332.100000,0.100000,220,320,470,700,2200,3100,3900,5200,8100,8700,9300,116637,1483,220.0,636.8967300427827,29.57810000225436,9264.738799996849,2412.623018424685
1764631207,1000,,Aggregated,332.300000,0.100000,220,320,470,700,2200,3100,3900,5200,8100,8700,9300,116986,1483,220.0,637.0259775793692,29.57810000225436,9264.738799996849,2412.7738276374953
1764631208,1000,,Aggregated,334.000000,0.100000,220,320,470,690,2200,3100,3900,5200,8100,8700,9300,117336,1483,220.0,636.8805844617165,29.57810000225436,9264.738799996849,2413.0719642735394
1764631209,1000,,Aggregated,335.000000,0.100000,220,320,470,690,2200,3100,3900,5200,8100,8700,9300,117674,1483,220.0,636.7934567270593,29.57810000225436,9264.738799996849,2413.5928157451945
1764631211,1000,,Aggregated,335.600000,0.100000,220,320,470,690,2200,3100,3900,5200,8100,8700,9300,118007,1483,220.0,636.5624268585753,29.57810000225436,9264.738799996849,2413.775208250358
1764631212,1000,,Aggregated,336.600000,0.000000,220,320,460,690,2200,3100,3900,5200,8100,8700,9300,118344,1483,220.0,636.3854069374019,29.57810000225436,9264.738799996849,2413.9491144460217
1764631213,1000,,Aggregated,337.200000,0.000000,220,320,460,690,2200,3100,3900,5200,8100,8700,9300,118679,1483,220.0,636.2163663360817,29.57810000225436,9264.738799996849,2414.1407072860407
1764631214,1000,,Aggregated,336.700000,0.000000,220,320,460,690,2200,3200,3900,5200,8100,8700,9300,119005,1483,220.0,636.437275201881,29.57810000225436,9264.738799996849,2414.4394857358934
1764631215,1000,,Aggregated,337.000000,0.000000,220,320,460,690,2200,3200,3900,5200,8100,8700,9300,119348,1483,220.0,636.6943061324852,29.57810000225436,9264.738799996849,2414.088983476891
1764631216,1000,,Aggregated,339.400000,0.000000,220,320,460,690,2200,3200,3900,5200,8100,8700,9300,119670,1483,220.0,637.1080944555841,29.57810000225436,9264.738799996849,2413.825286203727
1764631217,1000,,Aggregated,339.000000,0.000000,220,320,460,690,2200,3200,3900,5200,8100,8700,9300,120002,1483,220.0,637.4601237979339,29.57810000225436,9264.738799996849,2414.370102164964
1764631218,1000,,Aggregated,336.900000,0.000000,220,320,460,690,2200,3200,3900,5100,8100,8700,9300,120334,1483,220.0,637.703271215116,29.57810000225436,9264.738799996849,2414.1516362790235
1764631219,1000,,Aggregated,334.400000,0.000000,220,320,460,680,2200,3200,3900,5100,8100,8700,9300,120677,1483,220.0,637.8986839588296,29.57810000225436,9264.738799996849,2413.534559195207
1764631220,1000,,Aggregated,332.400000,0.000000,220,320,460,680,2200,3200,3900,5100,8100,8700,9300,121024,1483,220.0,638.3112026540165,29.57810000225436,9264.738799996849,2414.861159769963
1764631221,1000,,Aggregated,331.900000,0.000000,220,320,460,680,2200,3200,3900,5100,8100,8700,9300,121330,1483,220.0,638.3660225789137,29.57810000225436,9264.738799996849,2415.2565977087283
1764631222,1000,,Aggregated,333.000000,0.000000,220,320,460,680,2200,3200,3900,5100,8100,8700,9300,121653,1483,220.0,638.9529548757498,29.57810000225436,9264.738799996849,2416.2544039193444
1764631223,1000,,Aggregated,331.200000,0.000000,220,320,460,690,2200,3200,3900,5100,8100,8700,9300,122008,1483,220.0,639.2082685233723,29.57810000225436,9264.738799996849,2416.7536145170807
1764631224,1000,,Aggregated,329.200000,0.000000,220,310,460,690,2200,3200,3900,5100,8100,8700,9300,122354,1483,220.0,639.3355399774393,29.57810000225436,9264.738799996849,2416.7947022573844
1764631225,1000,,Aggregated,329.500000,0.000000,220,310,460,690,2200,3200,3900,5100,8100,8700,9300,122642,1483,220.0,639.1882933774696,29.57810000225436,9264.738799996849,2416.947220364965
1764631226,1000,,Aggregated,332.000000,0.000000,220,320,460,690,2200,3200,3900,5100,8100,8700,9300,122932,1483,220.0,639.2650593458136,29.57810000225436,9264.738799996849,2417.2981729736766
1764631227,1000,,Aggregated,327.600000,0.000000,220,320,460,690,2200,3200,3900,5100,8100,8700,9300,123280,1483,220.0,639.3236466969457,29.57810000225436,9264.738799996849,2417.558849772875
1764631228,1000,,Aggregated,324.500000,0.000000,220,320,460,690,2200,3200,3900,5000,8100,8700,9300,123614,1483,220.0,639.7563493059,29.57810000225436,9264.738799996849,2417.514747520507
1764631229,1000,,Aggregated,325.300000,0.000000,220,320,460,680,2200,3200,4000,5000,8100,8700,9300,123940,1483,220.0,640.4166774511815,29.57810000225436,9264.738799996849,2417.7456511215105
1764631230,1000,,Aggregated,325.000000,0.000000,220,320,460,680,2200,3200,4000,5000,8100,8700,9300,124259,1483,220.0,640.8855129334655,29.57810000225436,9264.738799996849,2418.440137132924
1764631231,1000,,Aggregated,324.300000,0.000000,220,320,460,680,2200,3200,4000,5000,8100,8700,9300,124620,1483,220.0,641.2527332578998,29.57810000225436,9264.738799996849,2419.3251404268976
1764631232,1000,,Aggregated,321.200000,0.000000,220,320,460,680,2200,3200,4000,5000,8100,8700,9300,124933,1483,220.0,641.6299132214828,29.57810000225436,9264.738799996849,2419.3963164256043
1764631233,1000,,Aggregated,325.200000,0.000000,220,320,460,680,2200,3200,4000,5000,8100,8700,9300,125314,1483,220.0,641.7819839586923,29.57810000225436,9264.738799996849,2419.339555037745
1764631234,1000,,Aggregated,323.000000,0.000000,220,310,460,680,2200,3200,4000,5000,8100,8700,9300,125627,1483,220.0,641.8274588456276,29.57810000225436,9264.738799996849,2419.3778327907216
1764631235,1000,,Aggregated,328.300000,0.000000,220,310,450,680,2200,3200,4000,5000,8100,8700,9300,125966,1483,220.0,641.7607383000158,29.57810000225436,9264.738799996849,2419.7835288887477
1764631236,1000,,Aggregated,325.300000,0.000000,220,310,450,680,2300,3200,4000,5000,8100,8700,9300,126320,1483,220.0,641.9197749089612,29.57810000225436,9264.738799996849,2420.412856238125
1764631237,1000,,Aggregated,328.900000,0.000000,220,310,450,680,2300,3200,4000,4900,8100,8700,9300,126647,1483,220.0,641.7931380798602,29.57810000225436,9264.738799996849,2420.3368338768387
1764631238,1000,,Aggregated,334.200000,0.000000,220,310,450,680,2300,3200,4000,4900,8100,8700,9300,127018,1483,220.0,642.1139967154268,29.57810000225436,9264.738799996849,2420.9625564880566
1764631239,1000,,Aggregated,333.800000,0.000000,220,310,450,680,2300,3200,4000,4900,8100,8700,9300,127367,1483,220.0,642.0237083491016,29.57810000225436,9264.738799996849,2420.8041172360186
1764631240,1000,,Aggregated,334.500000,0.000000,220,310,450,670,2300,3200,4000,4900,8100,8700,9300,127693,1483,220.0,642.1029776033157,29.57810000225436,9264.738799996849,2421.0581864315195
1764631241,1000,,Aggregated,338.400000,0.000000,220,310,450,670,2300,3200,4000,4900,8100,8700,9300,128045,1483,220.0,642.2261045983847,29.57810000225436,9264.738799996849,2421.7249638798858
1764631242,1000,,Aggregated,337.800000,0.000000,220,310,450,670,2300,3200,4000,4900,8100,8700,9300,128357,1483,220.0,642.3839975739551,29.57810000225436,9264.738799996849,2421.7933497978297
1764631243,1000,,Aggregated,337.500000,0.000000,220,310,450,670,2300,3200,4000,4900,8100,8700,9300,128696,1483,220.0,642.2771065347798,29.57810000225436,9264.738799996849,2422.1618776030336
1764631244,1000,,Aggregated,337.900000,0.000000,220,310,450,670,2300,3200,4000,4900,8100,8700,9300,129029,1483,220.0,642.4550692348245,29.57810000225436,9264.738799996849,2422.4189213277637
1764631245,1000,,Aggregated,335.200000,0.000000,220,310,450,670,2300,3300,4000,4900,8100,8700,9300,129373,1483,220.0,642.7893565975899,29.57810000225436,9264.738799996849,2422.769951999258
1764631246,1000,,Aggregated,335.300000,0.000000,220,310,450,670,2300,3300,4000,4900,8100,8700,9300,129737,1483,220.0,643.0391644087658,29.57810000225436,9264.738799996849,2422.968413020187
1764631247,1000,,Aggregated,335.900000,0.000000,220,310,450,670,2300,3300,4000,4900,8100,8700,9300,130087,1483,220.0,643.1686298638599,29.57810000225436,9264.738799996849,2423.255160008302
1764631248,1000,,Aggregated,339.200000,0.000000,220,310,450,670,2300,3300,4000,4900,8100,8700,9300,130422,1483,220.0,642.9897060971304,29.57810000225436,9264.738799996849,2423.253339160571
1764631249,1000,,Aggregated,337.800000,0.000000,220,310,450,670,2300,3300,4000,4900,8100,8700,9300,130765,1483,220.0,643.0033642786678,29.57810000225436,9264.738799996849,2423.608572630291
1764631250,1000,,Aggregated,339.800000,0.000000,220,310,450,670,2300,3300,3900,4900,8000,8700,9300,131116,1483,220.0,643.4743709379478,29.57810000225436,9264.738799996849,2423.8414609963697
1764631251,1000,,Aggregated,336.200000,0.000000,220,310,450,670,2300,3300,3900,4800,8000,8700,9300,131485,1483,220.0,643.5538237137316,29.57810000225436,9264.738799996849,2424.7085751226377
1764631252,1000,,Aggregated,341.200000,0.000000,220,310,440,670,2300,3300,3900,4800,8000,8700,9300,131810,1483,220.0,643.2412191373952,29.57810000225436,9264.738799996849,2424.4470070556104
1764631253,1000,,Aggregated,342.700000,0.000000,220,310,440,660,2300,3300,3900,4800,8000,8700,9300,132156,1483,220.0,642.945723862706,29.57810000225436,9264.738799996849,2425.007044704743
1764631254,1000,,Aggregated,346.400000,0.000000,220,310,440,660,2300,3300,3900,4800,8000,8700,9300,132491,1483,220.0,642.6560693715026,29.57810000225436,9264.738799996849,2424.8975402102783
1764631255,1000,,Aggregated,343.700000,0.000000,220,310,440,660,2300,3300,3900,4800,8000,8700,9300,132796,1483,220.0,642.5324966572784,29.57810000225436,9264.738799996849,2424.4047486370073
1764631256,1000,,Aggregated,343.900000,0.000000,220,310,440,660,2300,3300,3900,4800,8000,8700,9300,133139,1483,220.0,642.5337922652252,29.57810000225436,9264.738799996849,2424.5785307085075
1764631257,1000,,Aggregated,342.300000,0.000000,220,310,440,660,2300,3300,3900,4800,8000,8700,9300,133465,1483,220.0,642.6960856524149,29.57810000225436,9264.738799996849,2425.084778780954
1764631258,1000,,Aggregated,337.800000,0.000000,220,310,440,660,2300,3300,3900,4800,8000,8700,9300,133762,1483,220.0,642.64000839401,29.57810000225436,9264.738799996849,2424.771706463719
1764631259,1000,,Aggregated,339.200000,0.000000,220,310,440,660,2300,3300,3900,4800,8000,8700,9300,134083,1483,220.0,643.1244496916062,29.57810000225436,9264.738799996849,2424.5573338902022
1764631260,1000,,Aggregated,334.000000,0.000000,220,310,440,660,2300,3300,4000,4800,8000,8700,9300,134417,1483,220.0,643.5036276877158,29.57810000225436,9264.738799996849,2425.04663844603
1764631261,1000,,Aggregated,333.000000,0.000000,220,310,440,660,2300,3300,4000,4800,8000,8700,9300,134769,1483,220.0,643.9351292263042,29.57810000225436,9264.738799996849,2425.5009015426394
1764631262,1000,,Aggregated,328.700000,0.000000,220,310,440,660,2300,3300,4000,4800,8000,8700,9300,135103,1483,220.0,644.372334652078,29.57810000225436,9264.738799996849,2425.8237418858203
1764631263,1000,,Aggregated,323.500000,0.000000,220,310,440,660,2300,3300,4000,4800,8000,8700,9300,135420,1483,220.0,644.7779720373627,29.57810000225436,9264.738799996849,2426.08737261852
1764631264,1000,,Aggregated,324.000000,0.000000,220,310,440,660,2300,3300,4000,4800,8000,8700,9300,135754,1483,220.0,644.7607307438436,29.57810000225436,9264.738799996849,2425.8664127760508
1764631265,1000,,Aggregated,320.000000,0.000000,220,310,440,650,2300,3300,4000,4800,8000,8700,9300,136096,1483,220.0,644.9515334579979,29.57810000225436,9264.738799996849,2425.951041911592
1764631266,1000,,Aggregated,324.500000,0.000000,220,310,440,650,2300,3300,4000,4700,8000,8700,9300,136411,1483,220.0,645.1759484499025,29.57810000225436,9264.738799996849,2425.829126683332
1764631267,1000,,Aggregated,326.500000,0.000000,220,310,440,650,2300,3300,4000,4700,8000,8700,9300,136753,1483,220.0,645.4503655678454,29.57810000225436,9264.738799996849,2426.3731252696466
1764631268,1000,,Aggregated,325.900000,0.000000,220,310,440,650,2300,3300,4000,4700,8000,8700,9300,137074,1483,220.0,645.6726206187855,29.57810000225436,9264.738799996849,2426.960787603776
1764631269,1000,,Aggregated,325.100000,0.000000,220,310,440,650,2400,3300,4000,4700,8000,8700,9300,137437,1483,220.0,646.0542275457071,29.57810000225436,9264.738799996849,2426.866215065812
1764631270,1000,,Aggregated,327.400000,0.000000,220,310,440,650,2400,3300,4000,4700,8000,8700,9300,137790,1483,220.0,646.3228389033991,29.57810000225436,9264.738799996849,2426.9574787720444
1764631271,1000,,Aggregated,328.400000,0.000000,220,310,440,650,2400,3300,4000,4700,8000,8700,9300,138109,1483,220.0,646.278213750004,29.57810000225436,9264.738799996849,2426.8970812908647
1764631272,1000,,Aggregated,331.600000,0.000000,220,310,440,650,2400,3300,4000,4700,8000,8700,9300,138447,1483,220.0,646.4238834340881,29.57810000225436,9264.738799996849,2427.5917499115185
1764631273,1000,,Aggregated,335.500000,0.000000,220,310,440,650,2400,3300,4000,4700,8000,8700,9300,138766,1483,220.0,646.6031797587245,29.57810000225436,9264.738799996849,2427.9868411570556
1764631274,1000,,Aggregated,333.000000,0.000000,220,310,440,650,2400,3300,4000,4700,8000,8700,9300,139137,1483,220.0,646.6059200104875,29.57810000225436,9264.738799996849,2428.1761213767727
1764631275,1000,,Aggregated,336.200000,0.000000,220,310,440,650,2400,3300,4000,4700,8000,8700,9300,139452,1483,220.0,646.5664172797739,29.57810000225436,9264.738799996849,2428.327718498121
1764631276,1000,,Aggregated,336.300000,0.000000,220,310,440,640,2400,3300,4000,4700,8000,8700,9300,139791,1483,220.0,646.8004541129179,29.57810000225436,9264.738799996849,2428.8987560000287
1764631277,1000,,Aggregated,334.300000,0.000000,220,310,440,640,2400,3300,4000,4700,8000,8700,9300,140148,1483,220.0,646.9182748858283,29.57810000225436,9264.738799996849,2429.0713674115937
1764631278,1000,,Aggregated,334.800000,0.000000,220,310,430,640,2400,3300,4000,4700,8000,8700,9300,140488,1483,220.0,646.8360725307431,29.57810000225436,9264.738799996849,2429.336954045897
1764631279,1000,,Aggregated,334.700000,0.000000,220,310,430,640,2400,3300,4000,4700,8000,8700,9300,140818,1483,220.0,646.8719916509174,29.57810000225436,9264.738799996849,2429.4375647999545
1764631280,1000,,Aggregated,337.300000,0.000000,220,310,430,640,2400,3300,4000,4700,8000,8700,9300,141194,1493,220.0,647.2687436024114,29.57810000225436,9264.738799996849,2430.200759239061
1764631281,1000,,Aggregated,337.300000,0.000000,220,310,430,640,2400,3300,4000,4700,8000,8700,9300,141515,1504,220.0,647.012237274486,29.57810000225436,9264.738799996849,2430.534028194891
1764631282,1000,,Aggregated,335.900000,0.000000,220,310,430,640,2400,3300,4000,4700,8000,8700,9300,141878,1522,220.0,647.0220880376017,29.57810000225436,9264.738799996849,2431.097590887946
1764631283,1000,,Aggregated,338.400000,1.100000,220,310,430,640,2400,3300,4000,4700,8000,8700,9300,142218,1536,220.0,646.7771956496284,29.57810000225436,9264.738799996849,2431.278846559507
1764631284,1000,,Aggregated,337.200000,2.800000,220,310,430,640,2400,3300,4000,4700,8000,8700,9300,142538,1548,220.0,646.419130604463,29.57810000225436,9264.738799996849,2431.3294840674066
1764631285,1000,,Aggregated,343.600000,4.600000,220,310,430,640,2400,3300,4000,4700,8000,8700,9300,142828,1563,220.0,646.0823863871161,29.57810000225436,9264.738799996849,2430.886121768841
1764631286,1000,,Aggregated,338.100000,5.800000,220,310,430,640,2400,3300,4000,4700,8000,8700,9300,143138,1571,220.0,646.5436381114664,29.57810000225436,9264.738799996849,2431.225223211167
1764631287,1000,,Aggregated,337.000000,6.900000,220,310,430,640,2400,3300,4000,4700,8000,8700,9300,143485,1583,220.0,646.8718091821379,29.57810000225436,9264.738799996849,2431.600829354985
1764631288,1000,,Aggregated,333.700000,8.300000,230,310,430,640,2400,3300,4000,4700,8000,8700,9300,143833,1597,230.0,647.1872263041101,29.57810000225436,9264.738799996849,2431.3844667079184
1764631289,1000,,Aggregated,332.300000,9.100000,230,310,430,640,2400,3400,4000,4700,8000,8700,9300,144152,1601,230.0,648.0423042392679,29.57810000225436,9264.738799996849,2432.2636036960985
1764631290,1000,,Aggregated,331.800000,10.200000,230,310,430,640,2400,3400,4000,4700,8000,8700,9300,144516,1619,230.0,648.391955981337,29.57810000225436,9264.738799996849,2432.2714370727117
1764631291,1000,,Aggregated,333.900000,11.400000,230,310,430,640,2400,3400,4000,4700,8000,8700,9300,144878,1619,230.0,648.7744509435446,29.57810000225436,9264.738799996849,2432.8587915349467
1764631292,1000,,Aggregated,333.400000,12.500000,230,310,430,630,2400,3400,4000,4700,8000,8700,9300,145211,1619,230.0,648.7050531619417,29.57810000225436,9264.738799996849,2433.169456859329
1764631293,1000,,Aggregated,332.700000,12.500000,230,310,430,630,2400,3400,4000,4700,8000,8700,9300,145539,1619,230.0,648.4625210177262,29.57810000225436,9264.738799996849,2433.096201018284
1764631294,1000,,Aggregated,334.700000,10.800000,230,310,430,630,2400,3400,4000,4600,8000,8700,9300,145864,1619,230.0,648.2308656563563,29.57810000225436,9264.738799996849,2432.9137415674877
1764631295,1000,,Aggregated,325.400000,9.000000,230,310,430,630,2400,3400,4000,4600,8000,8700,9300,146200,1619,230.0,648.2501081135338,29.57810000225436,9264.738799996849,2433.0098837209302
1764631296,1000,,Aggregated,330.500000,7.800000,230,310,430,630,2400,3400,4000,4600,8000,8700,9300,146523,1619,230.0,648.4552249530697,29.57810000225436,9264.738799996849,2433.3667888317873
1764631297,1000,,Aggregated,331.800000,6.700000,230,310,430,630,2400,3400,4000,4600,8000,8700,9300,146872,1619,230.0,648.5386415524982,29.57810000225436,9264.738799996849,2433.7520153603136
1764631298,1000,,Aggregated,335.300000,5.300000,230,310,430,630,2400,3400,4000,4600,8000,8700,9300,147204,1619,230.0,648.9757470931402,29.57810000225436,9264.738799996849,2434.449675280563
1764631299,1000,,Aggregated,337.500000,4.500000,230,310,430,630,2400,3400,4000,4600,8000,8700,9300,147530,1619,230.0,649.4406105659771,29.57810000225436,9264.738799996849,2434.733430488714
1764631300,1000,,Aggregated,337.100000,3.400000,230,310,430,630,2400,3400,4000,4600,8000,8700,9300,147859,1619,230.0,649.3818827511261,29.57810000225436,9264.738799996849,2434.808114487451
1764631301,1000,,Aggregated,333.900000,2.200000,230,310,430,630,2400,3400,4000,4600,8000,8700,9300,148200,1619,230.0,649.5499791626096,29.57810000225436,9264.738799996849,2434.7518893387314
1764631302,1000,,Aggregated,330.900000,1.100000,230,310,430,630,2400,3400,4000,4600,8000,8700,9300,148527,1619,230.0,649.9271882809095,29.57810000225436,9264.738799996849,2435.0900644327294
1764631303,1000,,Aggregated,330.300000,0.000000,230,310,430,630,2400,3400,4000,4600,8000,8700,9300,148904,1619,230.0,650.1836961209818,29.57810000225436,9264.738799996849,2435.8843080105303
1764631304,1000,,Aggregated,329.800000,0.000000,230,310,430,620,2400,3400,4000,4600,8000,8700,9300,149245,1619,230.0,650.2425234922357,29.57810000225436,9264.738799996849,2435.8925257127544
1764631305,1000,,Aggregated,333.800000,0.000000,230,310,430,620,2400,3400,4000,4600,8000,8700,9300,149577,1619,230.0,650.1784002714232,29.57810000225436,9264.738799996849,2435.895010596549
1764631306,1000,,Aggregated,334.700000,0.000000,230,310,430,620,2400,3400,4000,4600,8000,8700,9300,149892,1619,230.0,649.9809404230947,29.57810000225436,9264.738799996849,2435.5863621807703
1764631307,1000,,Aggregated,335.000000,0.000000,230,310,430,620,2400,3400,4000,4600,8000,8700,9300,150227,1619,230.0,650.0187490770526,29.57810000225436,9264.738799996849,2435.5770733623117
1764631308,1000,,Aggregated,334.400000,0.000000,230,310,430,620,2400,3400,4000,4600,8000,8700,9300,150546,1619,230.0,649.9346407855298,29.57810000225436,9264.738799996849,2435.9114357073586
1764631309,1000,,Aggregated,332.000000,0.000000,230,310,430,620,2400,3400,4000,4600,8000,8700,9300,150882,1619,230.0,650.3056959107009,29.57810000225436,9264.738799996849,2436.0983284951153
1764631310,1000,,Aggregated,330.600000,0.000000,230,310,420,620,2500,3400,4000,4600,8000,8700,9300,151212,1619,230.0,650.608612891162,29.57810000225436,9264.738799996849,2435.915720974526
1764631311,1000,,Aggregated,329.900000,0.000000,230,310,420,620,2500,3400,4000,4600,8000,8700,9300,151532,1619,230.0,650.9570907887345,29.57810000225436,9264.738799996849,2436.286513739672
1764631312,1000,,Aggregated,335.600000,0.000000,230,310,430,620,2500,3400,4000,4600,8000,8700,9300,151872,1619,230.0,651.6249432383757,29.57810000225436,9264.738799996849,2436.9202354614413
1764631313,1000,,Aggregated,333.500000,0.000000,230,310,430,620,2500,3400,4000,4600,8000,8700,9300,152221,1619,230.0,651.6375717180853,29.57810000225436,9264.738799996849,2437.642020483376
1764631314,1000,,Aggregated,328.100000,0.000000,230,310,420,620,2500,3400,4000,4600,8000,8700,9300,152558,1619,230.0,651.4863602459309,29.57810000225436,9264.738799996849,2437.586203280064
1764631315,1000,,Aggregated,332.200000,0.000000,230,310,420,620,2500,3400,4000,4600,8000,8700,9300,152875,1619,230.0,651.6262535241115,29.57810000225436,9264.738799996849,2438.0889550286183
1764631316,1000,,Aggregated,329.600000,0.000000,230,310,420,620,2500,3400,4000,4600,8000,8700,9300,153231,1619,230.0,651.9769930686259,29.57810000225436,9264.738799996849,2439.1527301916713
1764631317,1000,,Aggregated,328.100000,0.000000,230,310,420,620,2500,3400,4000,4600,8000,8700,9300,153530,1619,230.0,651.8809467804253,29.57810000225436,9264.738799996849,2439.641014785384
1764631318,1000,,Aggregated,328.700000,0.000000,230,310,420,620,2500,3400,4000,4600,8000,8700,9300,153844,1619,230.0,651.8851356367404,29.57810000225436,9264.738799996849,2439.469768076753
1764631319,1000,,Aggregated,331.500000,0.000000,230,310,420,620,2500,3400,4000,4600,8000,8700,9300,154157,1619,230.0,652.2222070473518,29.57810000225436,9264.738799996849,2439.788644044708
1764631320,1000,,Aggregated,329.300000,0.000000,230,310,420,620,2500,3400,4000,4600,8000,8700,9300,154508,1619,230.0,652.4661195698508,29.57810000225436,9264.738799996849,2440.0813420664304
1764631321,1000,,Aggregated,329.500000,0.000000,230,310,420,620,2500,3400,4000,4600,8000,8700,9300,154800,1619,230.0,652.8604692926261,29.57810000225436,9264.738799996849,2440.0526291989663
1764631322,1000,,Aggregated,327.100000,0.000000,230,310,420,620,2500,3400,4000,4600,8000,8700,9300,155152,1619,230.0,653.500739179633,29.57810000225436,9264.738799996849,2440.826756986697
1764631323,1000,,Aggregated,324.800000,0.000000,230,310,420,620,2500,3400,4000,4600,8000,8700,9300,155459,1619,230.0,653.8580386268942,29.57810000225436,9264.738799996849,2441.071124862504
1764631324,1000,,Aggregated,328.300000,0.000000,230,310,420,620,2500,3400,4000,4600,8000,8700,9300,155754,1619,230.0,654.1289716527241,29.57810000225436,9264.738799996849,2440.7905543356833
1764631325,1000,,Aggregated,325.700000,0.000000,230,310,430,620,2500,3400,4100,4600,8000,8700,9300,156076,1619,230.0,654.8617218278168,29.57810000225436,9264.738799996849,2440.7448871062816
1764631326,1000,,Aggregated,319.700000,0.000000,230,310,430,620,2500,3400,4100,4600,8000,8700,9300,156409,1619,230.0,655.3260734900056,29.57810000225436,9264.738799996849,2440.9792531120333
1764631327,1000,,Aggregated,318.900000,0.000000,230,310,430,620,2500,3400,4100,4600,8000,8700,9300,156755,1619,230.0,655.8141115007394,29.57810000225436,9264.738799996849,2440.854830786897
1764631328,1000,,Aggregated,318.000000,0.000000,230,310,430,620,2500,3400,4100,4600,8000,8700,9300,157073,1619,230.0,656.2649604884258,29.57810000225436,9264.738799996849,2441.057139037263
1764631329,1000,,Aggregated,317.700000,0.000000,230,310,430,620,2500,3400,4100,4600,8000,8700,9300,157404,1619,230.0,656.6945166653871,29.57810000225436,9264.738799996849,2440.8794185662373
1764631330,1000,,Aggregated,319.700000,0.000000,230,310,430,620,2500,3400,4100,4600,8000,8700,9300,157731,1619,230.0,657.1818047973996,29.57810000225436,9264.738799996849,2440.8514749795536
1764631331,1000,,Aggregated,321.100000,0.000000,230,310,430,620,2500,3400,4100,4600,7900,8700,9300,158041,1619,230.0,657.3257945014182,29.57810000225436,9264.738799996849,2440.946393657342
1764631332,1000,,Aggregated,318.600000,0.000000,230,310,430,620,2500,3500,4100,4600,7900,8700,9300,158375,1619,230.0,657.6066732419802,29.57810000225436,9264.738799996849,2441.42299605367
1764631333,1000,,Aggregated,320.300000,0.000000,230,310,430,620,2500,3500,4100,4600,7900,8700,9300,158711,1619,230.0,657.8953473331941,29.57810000225436,9264.738799996849,2441.8097359351273
1764631334,1000,,Aggregated,319.700000,0.000000,230,310,430,620,2500,3500,4100,4600,7900,8700,9300,159027,1619,230.0,658.1075011784071,29.57810000225436,9264.738799996849,2441.588189426953
1764631335,1000,,Aggregated,318.900000,0.000000,230,310,430,620,2500,3500,4100,4600,7900,8700,9300,159356,1619,230.0,658.2889625956892,29.57810000225436,9264.738799996849,2441.3272798012
1764631336,1000,,Aggregated,323.000000,0.000000,230,310,430,620,2500,3500,4100,4600,7900,8700,9300,159675,1619,230.0,658.572773513064,29.57810000225436,9264.738799996849,2441.408385783623
1764631337,1000,,Aggregated,323.900000,0.000000,230,320,430,620,2500,3500,4100,4600,7900,8700,9300,160006,1619,230.0,659.2013742265809,29.57810000225436,9264.738799996849,2441.9497831331323
1764631338,1000,,Aggregated,323.900000,0.000000,230,320,430,620,2500,3500,4100,4600,7900,8700,9300,160360,1619,230.0,659.6004312496786,29.57810000225436,9264.738799996849,2442.580924170616
1764631339,1000,,Aggregated,322.300000,0.000000,230,320,430,610,2500,3500,4100,4600,7900,8700,9300,160687,1619,230.0,659.8656365405947,29.57810000225436,9264.738799996849,2442.8994504844823
1764631340,1000,,Aggregated,323.000000,0.000000,230,320,430,610,2500,3500,4100,4600,7900,8700,9300,161015,1619,230.0,660.0525762705253,29.57810000225436,9264.738799996849,2443.2831102692294
1764631341,1000,,Aggregated,324.100000,0.000000,230,320,430,610,2500,3500,4100,4600,7900,8700,9300,161329,1619,230.0,660.1372422837732,29.57810000225436,9264.738799996849,2443.2624388671597
1764631343,1000,,Aggregated,325.300000,0.000000,230,320,430,610,2500,3500,4100,4600,7900,8700,9300,161626,1619,230.0,660.3686260496381,29.57810000225436,9264.738799996849,2443.206532364842
1764631344,1000,,Aggregated,327.600000,0.000000,230,320,430,610,2500,3500,4100,4600,7900,8700,9300,161980,1619,230.0,660.7754418212058,29.57810000225436,9264.738799996849,2443.478657858995
1764631345,1000,,Aggregated,322.200000,0.000000,230,320,430,610,2500,3500,4100,4600,7900,8700,9300,162284,1619,230.0,661.0131509846864,29.57810000225436,9264.738799996849,2443.7417860047817
1764631346,1000,,Aggregated,324.900000,0.000000,230,320,430,610,2500,3500,4100,4600,7900,8700,9300,162580,1619,230.0,661.2074062504533,29.57810000225436,9264.738799996849,2443.4704268667733
1764631347,1000,,Aggregated,323.300000,0.000000,230,320,430,610,2500,3500,4100,4600,7900,8700,9300,162912,1619,230.0,661.8023896219959,29.57810000225436,9264.738799996849,2443.7461206049893
1764631348,1000,,Aggregated,320.400000,0.000000,230,320,430,610,2500,3500,4100,4600,7900,8700,9300,163261,1619,230.0,662.0533876394163,29.57810000225436,9264.738799996849,2444.056480114663
1764631349,993,,Aggregated,321.400000,0.000000,230,320,430,610,2500,3500,4100,4600,7900,8700,9300,163577,1619,230.0,662.565442020571,29.57810000225436,9264.738799996849,2444.154037548066
1764631350,984,,Aggregated,322.700000,0.000000,230,320,430,610,2500,3500,4200,4600,7900,8700,9300,163906,1619,230.0,662.807202511189,29.57810000225436,9264.738799996849,2444.5570387905263
1764631351,976,,Aggregated,319.700000,0.000000,230,320,430,610,2500,3500,4200,4600,7900,8700,9300,164209,1619,230.0,663.0496126990535,29.57810000225436,9264.738799996849,2444.633314860939
1764631352,968,,Aggregated,319.200000,0.000000,230,320,430,620,2500,3500,4200,4600,7900,8700,9300,164485,1619,230.0,663.3040994917404,29.57810000225436,9264.738799996849,2444.5025747028603
1764631353,960,,Aggregated,316.800000,0.000000,230,320,430,620,2500,3500,4200,4600,7900,8700,9300,164833,1619,230.0,663.6869495137441,29.57810000225436,9264.738799996849,2444.660741477738
1764631354,952,,Aggregated,314.500000,0.000000,230,320,430,620,2500,3500,4200,4600,7900,8700,9300,165157,1619,230.0,664.006408746822,29.57810000225436,9264.738799996849,2444.8563124784296
1764631355,943,,Aggregated,317.900000,0.000000,230,320,430,620,2500,3500,4200,4600,7900,8700,9300,165470,1619,230.0,664.2613192965426,29.57810000225436,9264.738799996849,2444.993303922161
1764631356,935,,Aggregated,315.500000,0.000000,230,320,430,610,2600,3500,4200,4600,7900,8700,9300,165771,1619,230.0,664.5329254459401,29.57810000225436,9264.738799996849,2445.118446531661
1764631357,927,,Aggregated,316.800000,0.000000,230,320,430,620,2600,3500,4200,4600,7900,8700,9300,166072,1619,230.0,664.9631901885863,29.57810000225436,9264.738799996849,2445.6184546461777
1764631358,919,,Aggregated,315.900000,0.000000,230,320,430,610,2600,3500,4200,4600,7900,8700,9300,166371,1619,230.0,665.0426226229263,29.57810000225436,9264.738799996849,2445.572888303851
1764631359,911,,Aggregated,313.900000,0.000000,240,320,430,620,2600,3500,4200,4600,7900,8700,9300,166680,1619,240.0,665.5160084347187,29.57810000225436,9264.738799996849,2446.0580453563716
1764631360,903,,Aggregated,308.800000,0.000000,240,320,430,610,2600,3500,4200,4600,7900,8700,9300,167007,1619,240.0,665.925472028112,29.57810000225436,9264.738799996849,2446.2658870586265
1764631361,894,,Aggregated,308.800000,0.000000,240,320,430,610,2600,3500,4200,4600,7900,8700,9300,167289,1619,240.0,666.3183121699504,29.57810000225436,9264.738799996849,2446.6976131126376
1764631362,886,,Aggregated,308.800000,0.000000,240,320,430,610,2600,3500,4200,4600,7900,8700,9300,167583,1619,240.0,666.3457941879475,29.57810000225436,9264.738799996849,2446.3784453076983
1764631363,878,,Aggregated,306.200000,0.000000,240,320,430,610,2600,3500,4200,4600,7900,8700,9300,167896,1619,240.0,666.5836536427237,29.57810000225436,9264.738799996849,2447.1273049983324
1764631364,870,,Aggregated,305.200000,0.000000,240,320,430,610,2600,3500,4200,4600,7900,8700,9300,168191,1619,240.0,666.8672047677874,29.57810000225436,9264.738799996849,2447.4726650058565
1764631365,862,,Aggregated,305.400000,0.000000,240,320,430,610,2600,3500,4200,4600,7900,8700,9300,168499,1619,240.0,667.0693454685124,29.57810000225436,9264.738799996849,2447.9818574590945
1764631366,853,,Aggregated,301.100000,0.000000,240,320,430,610,2600,3500,4200,4600,7900,8700,9300,168826,1619,240.0,667.0324909439225,29.57810000225436,9264.738799996849,2448.449545686091
1764631367,845,,Aggregated,300.700000,0.000000,240,320,430,610,2600,3500,4200,4600,7900,8700,9300,169134,1619,240.0,666.6473540736856,29.57810000225436,9264.738799996849,2449.0211666489295
1764631368,837,,Aggregated,303.800000,0.000000,230,320,430,610,2600,3500,4200,4600,7900,8700,9300,169470,1619,230.0,666.2163545252778,29.57810000225436,9264.738799996849,2449.2472532011566
1764631369,829,,Aggregated,303.500000,0.000000,230,320,430,610,2600,3500,4200,4600,7900,8700,9300,169774,1619,230.0,665.7931799992865,29.57810000225436,9264.738799996849,2449.2573833449173
1764631370,821,,Aggregated,307.300000,0.000000,230,320,430,610,2600,3500,4200,4600,7900,8600,9300,170056,1619,230.0,665.3779625199869,29.57810000225436,9264.738799996849,2449.88590229101
1764631371,813,,Aggregated,306.500000,0.000000,230,320,430,610,2600,3500,4200,4600,7900,8600,9300,170375,1619,230.0,664.8098230368239,29.57810000225436,9264.738799996849,2449.909018341893
1764631372,804,,Aggregated,299.800000,0.000000,230,320,430,610,2500,3500,4200,4600,7900,8600,9300,170675,1619,230.0,664.442051660166,29.57810000225436,9264.738799996849,2450.2570323714663
1764631373,796,,Aggregated,306.300000,0.000000,230,320,430,610,2500,3500,4200,4600,7900,8600,9300,170945,1619,230.0,663.9342528146404,29.57810000225436,9264.738799996849,2450.169750504548
1764631374,788,,Aggregated,307.800000,0.000000,230,320,420,610,2500,3500,4200,4600,7900,8600,9300,171250,1619,230.0,663.3986296408689,29.57810000225436,9264.738799996849,2450.1037138686133
1764631375,780,,Aggregated,304.000000,0.000000,230,320,420,610,2500,3500,4200,4600,7900,8600,9300,171527,1619,230.0,663.016836809942,29.57810000225436,9264.738799996849,2450.3315279810176
1764631376,772,,Aggregated,303.400000,0.000000,230,320,420,610,2500,3500,4200,4600,7900,8600,9300,171820,1619,230.0,662.8464004202004,29.57810000225436,9264.738799996849,2450.6057676638343
1764631377,763,,Aggregated,302.600000,0.000000,230,320,420,610,2500,3500,4200,4600,7900,8600,9300,172106,1619,230.0,662.6411152516408,29.57810000225436,9264.738799996849,2451.140227534194
1764631378,755,,Aggregated,298.300000,0.000000,230,320,420,610,2500,3500,4200,4600,7900,8600,9300,172401,1619,230.0,662.3125238583243,29.57810000225436,9264.738799996849,2451.195752924867
1764631379,747,,Aggregated,295.700000,0.000000,230,320,420,610,2500,3500,4200,4600,7900,8600,9300,172699,1619,230.0,661.8854753658038,29.57810000225436,9264.738799996849,2451.605197482325
1764631380,739,,Aggregated,293.500000,0.000000,230,320,420,610,2500,3500,4200,4600,7800,8600,9300,173002,1619,230.0,661.2545282118061,29.57810000225436,9264.738799996849,2452.265771493971
1764631381,731,,Aggregated,290.000000,0.000000,230,320,420,600,2500,3500,4200,4600,7800,8600,9300,173301,1619,230.0,660.3726025804746,29.57810000225436,9264.738799996849,2452.50347661006
1764631382,722,,Aggregated,294.500000,0.000000,230,320,420,600,2500,3500,4200,4600,7800,8600,9300,173593,1619,230.0,659.5314207525579,29.57810000225436,9264.738799996849,2452.7782571877897
1764631383,714,,Aggregated,290.800000,0.000000,230,320,420,600,2500,3500,4200,4600,7800,8600,9300,173882,1619,230.0,658.6912216468568,29.57810000225436,9264.738799996849,2452.903365500742
1764631384,706,,Aggregated,291.100000,0.000000,230,320,420,600,2500,3500,4200,4600,7800,8600,9300,174145,1619,230.0,658.054312207636,29.57810000225436,9264.738799996849,2452.9257285595336
1764631385,698,,Aggregated,291.400000,0.000000,230,320,420,600,2500,3500,4200,4600,7800,8600,9300,174428,1619,230.0,657.2918054830576,29.57810000225436,9264.738799996849,2453.784191758204
1764631386,690,,Aggregated,289.400000,0.000000,230,310,420,600,2500,3500,4200,4600,7800,8600,9300,174717,1619,230.0,656.4233817510532,29.57810000225436,9264.738799996849,2453.997206911749
1764631387,682,,Aggregated,289.000000,0.000000,230,310,420,600,2500,3500,4200,4600,7800,8600,9300,174992,1619,230.0,655.6406737005047,29.57810000225436,9264.738799996849,2453.955037944592
1764631388,673,,Aggregated,288.500000,0.000000,230,310,420,600,2500,3500,4200,4600,7800,8600,9300,175255,1619,230.0,655.0979134050312,29.57810000225436,9264.738799996849,2454.6205985563893
1764631389,665,,Aggregated,286.800000,0.000000,230,310,420,590,2500,3500,4200,4600,7800,8600,9300,175517,1619,230.0,654.4405747824932,29.57810000225436,9264.738799996849,2454.694907046041
1764631390,657,,Aggregated,281.700000,0.000000,230,310,420,590,2500,3500,4200,4600,7800,8600,9300,175795,1619,230.0,653.6951766318662,29.57810000225436,9264.738799996849,2455.274091982138
1764631391,649,,Aggregated,281.800000,0.000000,230,310,420,590,2500,3500,4200,4600,7800,8600,9300,176057,1619,230.0,652.9373194226813,29.57810000225436,9264.738799996849,2455.291615783525
1764631392,641,,Aggregated,279.700000,0.000000,230,310,420,590,2500,3500,4200,4600,7800,8600,9300,176325,1619,230.0,652.2159063881979,29.57810000225436,9264.738799996849,2455.4948872820078
1764631393,633,,Aggregated,274.400000,0.000000,230,310,420,590,2500,3500,4200,4600,7800,8600,9300,176580,1619,230.0,651.4821803397847,29.57810000225436,9264.738799996849,2455.8545022086305
1764631394,624,,Aggregated,272.500000,0.000000,230,310,420,590,2500,3500,4200,4600,7800,8600,9300,176851,1619,230.0,650.6598505114428,29.57810000225436,9264.738799996849,2456.187344148464
1764631395,616,,Aggregated,267.100000,0.000000,230,310,420,580,2400,3500,4200,4600,7800,8600,9300,177100,1619,230.0,649.899428199318,29.57810000225436,9264.738799996849,2456.6640429136082
1764631396,608,,Aggregated,267.500000,0.000000,230,310,410,580,2400,3500,4100,4600,7800,8600,9300,177319,1619,230.0,649.3251014995528,29.57810000225436,9264.738799996849,2456.8622651830883
1764631397,600,,Aggregated,263.900000,0.000000,230,310,410,580,2400,3500,4100,4600,7800,8600,9300,177593,1619,230.0,648.714596341631,29.57810000225436,9264.738799996849,2457.4475570546138
1764631398,592,,Aggregated,259.200000,0.000000,230,310,410,580,2400,3500,4100,4600,7800,8600,9300,177809,1619,230.0,648.059017959154,29.57810000225436,9264.738799996849,2457.783363046865
1764631399,583,,Aggregated,259.400000,0.000000,230,310,410,580,2400,3500,4100,4600,7800,8600,9300,178043,1619,230.0,647.4083298916512,29.57810000225436,9264.738799996849,2457.733266682768
1764631400,575,,Aggregated,256.700000,0.000000,230,310,410,580,2400,3500,4100,4600,7800,8600,9300,178297,1619,230.0,646.7961684879679,29.57810000225436,9264.738799996849,2458.2563980324962
1764631401,567,,Aggregated,251.900000,0.000000,230,310,410,580,2400,3500,4100,4600,7800,8600,9300,178510,1619,230.0,646.1648155386205,29.57810000225436,9264.738799996849,2458.4614027225366
1764631402,559,,Aggregated,249.800000,0.000000,230,310,410,580,2400,3500,4100,4600,7800,8600,9300,178750,1619,230.0,645.5163168458686,29.57810000225436,9264.738799996849,2458.7788475524476
1764631403,551,,Aggregated,245.600000,0.000000,230,310,410,580,2400,3500,4100,4600,7800,8600,9300,178964,1619,230.0,644.8966737807548,29.57810000225436,9264.738799996849,2459.19468719966
1764631404,543,,Aggregated,240.800000,0.000000,230,310,410,570,2400,3500,4100,4600,7800,8600,9300,179187,1619,230.0,644.2177316088723,29.57810000225436,9264.738799996849,2459.7008376723757
1764631405,534,,Aggregated,240.000000,0.000000,230,310,410,570,2400,3500,4100,4600,7800,8600,9300,179400,1619,230.0,643.5821698255238,29.57810000225436,9264.738799996849,2459.73135451505
1764631406,526,,Aggregated,235.700000,0.000000,230,310,410,570,2400,3500,4100,4600,7800,8600,9300,179617,1619,230.0,643.0029280686067,29.57810000225436,9264.738799996849,2460.3542537733065
1764631407,518,,Aggregated,229.500000,0.000000,230,310,410,570,2400,3500,4100,4600,7800,8600,9300,179829,1619,230.0,642.396787660494,29.57810000225436,9264.738799996849,2460.716402804887
1764631408,510,,Aggregated,228.900000,0.000000,230,310,410,570,2400,3500,4100,4600,7800,8600,9300,180020,1619,230.0,641.8378628385685,29.57810000225436,9264.738799996849,2460.7098155760473
1764631409,502,,Aggregated,223.600000,0.000000,230,310,410,570,2400,3500,4100,4600,7800,8600,9300,180241,1619,230.0,641.2314045838574,29.57810000225436,9264.738799996849,2461.053289762041
1764631410,493,,Aggregated,220.800000,0.000000,230,310,410,570,2400,3500,4100,4600,7800,8600,9300,180432,1619,230.0,640.704060280322,29.57810000225436,9264.738799996849,2461.0810610091335
1764631411,485,,Aggregated,219.900000,0.000000,230,310,410,570,2400,3500,4100,4600,7800,8600,9300,180632,1619,230.0,640.1458322755602,29.57810000225436,9264.738799996849,2461.3186201780413
1764631412,477,,Aggregated,212.100000,0.000000,230,310,410,560,2400,3500,4100,4600,7800,8600,9300,180843,1619,230.0,639.5871467311373,29.57810000225436,9264.738799996849,2461.741178812561
1764631413,469,,Aggregated,211.400000,0.000000,230,310,410,560,2400,3500,4100,4600,7800,8600,9300,181036,1619,230.0,639.0113527640859,29.57810000225436,9264.738799996849,2462.273917894783
1764631414,461,,Aggregated,209.200000,0.000000,230,310,410,560,2400,3500,4100,4600,7800,8600,9300,181218,1619,230.0,638.4763605894506,29.57810000225436,9264.738799996849,2462.5151695747663
1764631415,452,,Aggregated,206.300000,0.000000,230,310,410,560,2400,3500,4100,4600,7800,8600,9300,181400,1619,230.0,637.9517725804803,29.57810000225436,9264.738799996849,2462.572006615215
1764631416,444,,Aggregated,202.400000,0.000000,230,310,410,560,2400,3500,4100,4600,7800,8600,9300,181581,1619,230.0,637.4361109416689,29.57810000225436,9264.738799996849,2462.7003265760186
1764631417,436,,Aggregated,200.400000,0.000000,230,310,400,560,2400,3500,4100,4600,7800,8600,9300,181784,1619,230.0,636.8496433332923,29.57810000225436,9264.738799996849,2463.21565154249
1764631418,428,,Aggregated,197.600000,0.000000,230,310,400,560,2400,3500,4100,4600,7800,8600,9300,181956,1619,230.0,636.3460932917804,29.57810000225436,9264.738799996849,2463.195415375146
1764631419,420,,Aggregated,195.300000,0.000000,230,310,400,560,2400,3500,4100,4600,7800,8600,9300,182122,1619,230.0,635.8747308128566,29.57810000225436,9264.738799996849,2463.566817847377
1764631420,411,,Aggregated,193.100000,0.000000,230,310,400,560,2400,3500,4100,4600,7800,8600,9300,182306,1619,230.0,635.3502951619753,29.57810000225436,9264.738799996849,2463.6866312683073
1764631421,403,,Aggregated,189.100000,0.000000,220,310,400,560,2400,3500,4100,4600,7800,8600,9300,182459,1619,220.0,634.9079159306968,29.57810000225436,9264.738799996849,2463.8823132868206
1764631422,395,,Aggregated,188.600000,0.000000,220,310,400,550,2400,3500,4100,4600,7800,8600,9300,182634,1619,220.0,634.416509515748,29.57810000225436,9264.738799996849,2464.319091735383
1764631423,387,,Aggregated,184.500000,0.000000,220,310,400,550,2300,3500,4100,4600,7800,8600,9300,182796,1619,220.0,633.9446984737034,29.57810000225436,9264.738799996849,2464.630921902011
1764631424,379,,Aggregated,178.700000,0.000000,220,310,400,550,2300,3500,4100,4600,7800,8600,9300,182949,1619,220.0,633.505936616211,29.57810000225436,9264.738799996849,2465.0198033331694
1764631425,371,,Aggregated,177.400000,0.000000,220,310,400,550,2300,3500,4100,4600,7800,8600,9300,183092,1619,220.0,633.102449204767,29.57810000225436,9264.738799996849,2465.1624320013984
1764631426,362,,Aggregated,174.000000,0.000000,220,310,400,550,2300,3500,4100,4600,7800,8600,9300,183259,1619,220.0,632.6193401715559,29.57810000225436,9264.738799996849,2465.3322456195874
1764631427,354,,Aggregated,171.500000,0.000000,220,310,400,550,2300,3500,4100,4600,7800,8600,9300,183409,1619,220.0,632.1809271551514,29.57810000225436,9264.738799996849,2465.464001221314
1764631428,346,,Aggregated,167.400000,0.000000,220,310,400,550,2300,3500,4100,4600,7800,8600,9300,183554,1619,220.0,631.7593403810276,29.57810000225436,9264.738799996849,2465.5017433561784
1764631429,338,,Aggregated,164.100000,0.000000,220,310,400,550,2300,3500,4100,4600,7800,8600,9300,183674,1619,220.0,631.4274075672067,29.57810000225436,9264.738799996849,2465.506135871163
1764631430,329,,Aggregated,160.100000,0.000000,220,310,400,550,2300,3500,4100,4600,7800,8600,9300,183818,1619,220.0,631.01650342621,29.57810000225436,9264.738799996849,2465.7288132827034
1764631431,321,,Aggregated,156.700000,0.000000,220,310,400,550,2300,3500,4100,4600,7800,8600,9300,183951,1619,220.0,630.646638660834,29.57810000225436,9264.738799996849,2465.863610417992
1764631432,313,,Aggregated,151.700000,0.000000,220,310,400,550,2300,3500,4100,4600,7800,8600,9300,184080,1619,220.0,630.2700566454753,29.57810000225436,9264.738799996849,2465.9896349413298
1764631433,305,,Aggregated,148.900000,0.000000,220,310,400,550,2300,3500,4100,4600,7800,8600,9300,184202,1619,220.0,629.9175755854934,29.57810000225436,9264.738799996849,2466.4149846364317
1764631434,297,,Aggregated,147.000000,0.000000,220,310,400,550,2300,3500,4100,4600,7800,8600,9300,184327,1619,220.0,629.5673755130781,29.57810000225436,9264.738799996849,2466.5862407569157
1764631435,288,,Aggregated,140.900000,0.000000,220,310,400,540,2300,3500,4100,4600,7800,8600,9300,184447,1619,220.0,629.2429232841906,29.57810000225436,9264.738799996849,2466.7345958459614
1764631436,280,,Aggregated,138.200000,0.000000,220,310,400,540,2300,3500,4100,4600,7800,8600,9300,184569,1619,220.0,628.9074873315625,29.57810000225436,9264.738799996849,2466.8222561751973
1764631437,272,,Aggregated,134.200000,0.000000,220,310,400,540,2300,3500,4100,4600,7800,8600,9300,184685,1619,220.0,628.578473487285,29.57810000225436,9264.738799996849,2466.9959336166985
1764631438,264,,Aggregated,132.400000,0.000000,220,310,400,540,2300,3500,4100,4600,7800,8600,9300,184807,1619,220.0,628.2356444901943,29.57810000225436,9264.738799996849,2467.1798092063614
1764631439,256,,Aggregated,128.300000,0.000000,220,310,400,540,2300,3500,4100,4600,7800,8600,9300,184903,1619,220.0,627.9774434681933,29.57810000225436,9264.738799996849,2467.0249482160916
1764631440,248,,Aggregated,124.800000,0.000000,220,310,400,540,2300,3500,4100,4600,7800,8600,9300,185010,1619,220.0,627.6768390811274,29.57810000225436,9264.738799996849,2467.098194692179
1764631441,239,,Aggregated,121.700000,0.000000,220,310,400,540,2300,3500,4100,4600,7800,8600,9300,185098,1619,220.0,627.4280963948797,29.57810000225436,9264.738799996849,2467.2871830057593
1764631442,231,,Aggregated,120.100000,0.000000,220,310,400,540,2300,3500,4100,4600,7800,8600,9300,185192,1619,220.0,627.1546015216607,29.57810000225436,9264.738799996849,2467.4089701498983
1764631443,223,,Aggregated,117.500000,0.000000,220,310,400,540,2300,3500,4100,4600,7800,8600,9300,185286,1619,220.0,626.8932686997367,29.57810000225436,9264.738799996849,2467.477040898935
1764631444,215,,Aggregated,112.800000,0.000000,220,310,400,540,2300,3400,4100,4600,7800,8600,9300,185377,1619,220.0,626.638840720259,29.57810000225436,9264.738799996849,2467.211881732901
1764631445,207,,Aggregated,109.200000,0.000000,220,310,400,540,2300,3400,4100,4600,7800,8600,9300,185454,1619,220.0,626.4232102774781,29.57810000225436,9264.738799996849,2467.2428041455023
1764631446,198,,Aggregated,106.300000,0.000000,220,310,400,540,2300,3400,4100,4600,7800,8600,9300,185539,1619,220.0,626.175012064307,29.57810000225436,9264.738799996849,2467.3172271058916
1764631447,190,,Aggregated,103.000000,0.000000,220,310,400,540,2300,3400,4100,4600,7800,8600,9300,185620,1619,220.0,625.9474230675551,29.57810000225436,9264.738799996849,2467.549278095033
1764631448,182,,Aggregated,98.300000,0.000000,220,310,400,540,2300,3400,4100,4600,7800,8600,9300,185693,1619,220.0,625.7442189845582,29.57810000225436,9264.738799996849,2467.419148810133
1764631449,174,,Aggregated,94.900000,0.000000,220,310,390,540,2300,3400,4100,4600,7800,8600,9300,185768,1619,220.0,625.5365945501891,29.57810000225436,9264.738799996849,2467.3393426209036
1764631450,166,,Aggregated,91.900000,0.000000,220,300,390,540,2300,3400,4100,4600,7800,8600,9300,185838,1619,220.0,625.3381236964427,29.57810000225436,9264.738799996849,2467.430164982404
1764631451,157,,Aggregated,88.100000,0.000000,220,300,390,540,2300,3400,4100,4600,7800,8600,9300,185895,1619,220.0,625.1830130073404,29.57810000225436,9264.738799996849,2467.44215820759
1764631452,149,,Aggregated,85.000000,0.000000,220,300,390,540,2300,3400,4100,4600,7800,8600,9300,185969,1619,220.0,624.9758220101177,29.57810000225436,9264.738799996849,2467.574300017745
1764631453,141,,Aggregated,80.500000,0.000000,220,300,390,540,2300,3400,4100,4600,7800,8600,9300,186034,1619,220.0,624.7903893949468,29.57810000225436,9264.738799996849,2467.634980702452
1764631454,133,,Aggregated,78.000000,0.000000,220,300,390,540,2300,3400,4100,4600,7800,8600,9300,186083,1619,220.0,624.6486962618807,29.57810000225436,9264.738799996849,2467.6069925785805
1764631455,124,,Aggregated,75.500000,0.000000,220,300,390,540,2300,3400,4100,4600,7800,8600,9300,186139,1619,220.0,624.493179083908,29.57810000225436,9264.738799996849,2467.6646054829994
1764631456,116,,Aggregated,72.500000,0.000000,220,300,390,540,2300,3400,4100,4600,7800,8600,9300,186181,1619,220.0,624.3747288858667,29.57810000225436,9264.738799996849,2467.8631224453625
1764631457,108,,Aggregated,69.700000,0.000000,220,300,390,540,2300,3400,4100,4600,7800,8600,9300,186223,1619,220.0,624.2720933574242,29.57810000225436,9264.738799996849,2467.7765635823716
1764631458,100,,Aggregated,67.400000,0.000000,220,300,390,540,2300,3400,4100,4600,7800,8600,9300,186257,1619,220.0,624.2407882243326,29.57810000225436,9264.738799996849,2467.831023800448
1764631459,92,,Aggregated,62.800000,0.000000,220,300,390,540,2300,3400,4100,4600,7800,8600,9300,186293,1619,220.0,624.2221290477879,29.57810000225436,9264.738799996849,2467.7954619872994
1764631460,83,,Aggregated,59.300000,0.000000,220,300,390,540,2300,3400,4100,4600,7800,8600,9300,186330,1619,220.0,624.1300446380056,29.57810000225436,9264.738799996849,2467.8952986636614
1764631461,75,,Aggregated,55.300000,0.000000,220,300,390,540,2300,3400,4100,4600,7800,8600,9300,186355,1619,220.0,624.0605922137831,29.57810000225436,9264.738799996849,2467.8578090204182
1764631463,67,,Aggregated,51.200000,0.000000,220,300,390,540,2300,3400,4100,4600,7800,8600,9300,186386,1619,220.0,623.9742324960009,29.57810000225436,9264.738799996849,2467.9184595409524
1764631464,59,,Aggregated,48.600000,0.000000,220,300,390,540,2300,3400,4100,4600,7800,8600,9300,186408,1619,220.0,623.9151472527984,29.57810000225436,9264.738799996849,2467.871395004506
1764631465,50,,Aggregated,45.000000,0.000000,220,300,390,540,2300,3400,4100,4600,7800,8600,9300,186426,1619,220.0,623.8658488215144,29.57810000225436,9264.738799996849,2467.8032302361257
1764631466,42,,Aggregated,41.200000,0.000000,220,300,390,540,2300,3400,4100,4600,7800,8600,9300,186444,1619,220.0,623.8145692358007,29.57810000225436,9264.738799996849,2467.9421649396068
1764631467,34,,Aggregated,37.000000,0.000000,220,300,390,530,2300,3400,4100,4600,7800,8600,9300,186462,1619,220.0,623.764514616381,29.57810000225436,9264.738799996849,2468.0267561218907
1764631468,26,,Aggregated,33.700000,0.000000,220,300,390,530,2300,3400,4100,4600,7800,8600,9300,186471,1619,220.0,623.7388895629864,29.57810000225436,9264.738799996849,2468.1028095521556
1764631469,20,,Aggregated,27.900000,0.000000,220,300,390,530,2300,3400,4100,4600,7800,8600,9300,186482,1619,220.0,623.7110447506977,29.57810000225436,9264.738799996849,2468.05906736307
1764631470,20,,Aggregated,24.600000,0.000000,220,300,390,530,2300,3400,4100,4600,7800,8600,9300,186489,1619,220.0,623.6916631420601,29.57810000225436,9264.738799996849,2468.0243553239065
1764631471,20,,Aggregated,22.400000,0.000000,220,300,390,530,2300,3400,4100,4600,7800,8600,9300,186498,1619,220.0,623.664755713732,29.57810000225436,9264.738799996849,2468.0122789520533
1764631472,20,,Aggregated,19.200000,0.000000,220,300,390,530,2300,3400,4100,4600,7800,8600,9300,186505,1619,220.0,623.6465244604681,29.57810000225436,9264.738799996849,2468.0435752392696
1764631473,20,,Aggregated,19.200000,0.000000,220,300,390,530,2300,3400,4100,4600,7800,8600,9300,186514,1619,220.0,623.6204699373751,29.57810000225436,9264.738799996849,2468.019853737521
1764631474,20,,Aggregated,14.900000,0.000000,220,300,390,530,2300,3400,4100,4600,7800,8600,9300,186523,1619,220.0,623.5963239337752,29.57810000225436,9264.738799996849,2468.008476166478
1764631475,20,,Aggregated,12.800000,0.000000,220,300,390,530,2300,3400,4100,4600,7800,8600,9300,186530,1619,220.0,623.5766394783657,29.57810000225436,9264.738799996849,2467.9941939634377
1764631476,20,,Aggregated,12.800000,0.000000,220,300,390,530,2300,3400,4100,4600,7800,8600,9300,186540,1619,220.0,623.5489170558571,29.57810000225436,9264.738799996849,2468.0104588828135
1764631477,20,,Aggregated,11.400000,0.000000,220,300,390,530,2300,3400,4100,4600,7800,8600,9300,186546,1619,220.0,623.5326532935553,29.57810000225436,9264.738799996849,2468.031895618239
1764631478,20,,Aggregated,10.300000,0.000000,220,300,390,530,2300,3400,4100,4600,7800,8600,9300,186553,1619,220.0,623.51465972458,29.57810000225436,9264.738799996849,2468.039055925126
1764631479,20,,Aggregated,8.400000,0.000000,220,300,390,530,2300,3400,4100,4600,7800,8600,9300,186565,1619,220.0,623.4850221048944,29.57810000225436,9264.738799996849,2467.987527135315
1764631480,20,,Aggregated,8.200000,0.000000,220,300,390,530,2300,3400,4100,4600,7800,8600,9300,186571,1619,220.0,623.4673900005876,29.57810000225436,9264.738799996849,2467.9964571128417
1764631481,20,,Aggregated,8.200000,0.000000,220,300,390,530,2300,3400,4100,4600,7800,8600,9300,186583,1619,220.0,623.4325222072731,29.57810000225436,9264.738799996849,2468.050047431974
1764631482,20,,Aggregated,8.200000,0.000000,220,300,390,530,2300,3400,4100,4600,7800,8600,9300,186591,1619,220.0,623.4121069499581,29.57810000225436,9264.738799996849,2468.0420116725886
1764631483,20,,Aggregated,8.600000,0.000000,220,300,390,530,2300,3400,4100,4600,7800,8600,9300,186596,1619,220.0,623.3994745910932,29.57810000225436,9264.738799996849,2468.0247272181614
1764631484,20,,Aggregated,8.600000,0.000000,220,300,390,530,2300,3400,4100,4600,7800,8600,9300,186606,1619,220.0,623.3717307782152,29.57810000225436,9264.738799996849,2468.0495589638062
1764631485,20,,Aggregated,8.100000,0.000000,220,300,390,530,2300,3400,4100,4600,7800,8600,9300,186615,1619,220.0,623.3479472721893,29.57810000225436,9264.738799996849,2468.081118881119
1764631486,20,,Aggregated,8.400000,0.000000,220,300,390,530,2300,3400,4100,4600,7800,8600,9300,186624,1619,220.0,623.3257387506408,29.57810000225436,9264.738799996849,2468.0748992626886
1764631487,20,,Aggregated,8.400000,0.000000,220,300,390,530,2300,3400,4100,4600,7800,8600,9300,186631,1619,220.0,623.3060870927101,29.57810000225436,9264.738799996849,2468.0686113239494
1764631488,20,,Aggregated,8.100000,0.000000,220,300,390,530,2300,3400,4100,4600,7800,8600,9300,186641,1619,220.0,623.2802473047166,29.57810000225436,9264.738799996849,2468.040677021662
1764631489,20,,Aggregated,8.400000,0.000000,220,300,390,530,2300,3400,4100,4600,7800,8600,9300,186650,1619,220.0,623.2566524462877,29.57810000225436,9264.738799996849,2468.068872220734
1764631490,20,,Aggregated,8.700000,0.000000,220,300,390,530,2300,3400,4100,4600,7800,8600,9300,186658,1619,220.0,623.2340549202263,29.57810000225436,9264.738799996849,2468.0454949694094
1764631491,20,,Aggregated,8.200000,0.000000,220,300,390,530,2300,3400,4100,4600,7800,8600,9300,186667,1619,220.0,623.2087238017413,29.57810000225436,9264.738799996849,2468.089410554624
1764631492,20,,Aggregated,8.700000,0.000000,220,300,390,530,2300,3400,4100,4600,7800,8600,9300,186674,1619,220.0,623.189410409589,29.57810000225436,9264.738799996849,2468.1337358175215
1764631493,20,,Aggregated,8.300000,0.000000,220,300,390,530,2300,3400,4100,4600,7800,8600,9300,186680,1619,220.0,623.1725492677288,29.57810000225436,9264.738799996849,2468.1893346903794
1764631494,20,,Aggregated,8.300000,0.000000,220,300,390,530,2300,3400,4100,4600,7800,8600,9300,186690,1619,220.0,623.1456848620687,29.57810000225436,9264.738799996849,2468.2541700144625
1764631495,20,,Aggregated,8.300000,0.000000,220,300,390,530,2300,3400,4100,4600,7800,8600,9300,186697,1619,220.0,623.1254447752219,29.57810000225436,9264.738799996849,2468.2528856917893
1764631496,20,,Aggregated,8.000000,0.000000,220,300,390,530,2300,3400,4100,4600,7800,8600,9300,186707,1619,220.0,623.099212948093,29.57810000225436,9264.738799996849,2468.3169779386953
1764631497,20,,Aggregated,8.200000,0.000000,220,300,390,530,2300,3400,4100,4600,7800,8600,9300,186713,1619,220.0,623.0820157444826,29.57810000225436,9264.738799996849,2468.328097133033
1764631498,20,,Aggregated,8.200000,0.000000,220,300,390,530,2300,3400,4100,4600,7800,8600,9300,186721,1619,220.0,623.0589046411469,29.57810000225436,9264.738799996849,2468.3990874084866
1764631499,20,,Aggregated,8.200000,0.000000,220,300,390,530,2300,3400,4100,4600,7800,8600,9300,186727,1619,220.0,623.0425822082484,29.57810000225436,9264.738799996849,2468.405045869103
1764631500,20,,Aggregated,8.000000,0.000000,220,300,390,530,2300,3400,4100,4600,7800,8600,9300,186737,1619,220.0,623.0141119440689,29.57810000225436,9264.738799996849,2468.4986853167825
1764631501,20,,Aggregated,8.200000,0.000000,220,300,390,530,2300,3400,4100,4600,7800,8600,9300,186744,1619,220.0,622.9949832021356,29.57810000225436,9264.738799996849,2468.520102386154
1764631502,20,,Aggregated,7.800000,0.000000,220,300,390,530,2300,3400,4100,4600,7800,8600,9300,186755,1619,220.0,622.9663941875698,29.57810000225436,9264.738799996849,2468.5250515381113
1764631503,20,,Aggregated,7.700000,0.000000,220,300,390,530,2300,3400,4100,4600,7800,8600,9300,186763,1619,220.0,622.9449190717626,29.57810000225436,9264.738799996849,2468.5178970138627
1764631504,20,,Aggregated,7.800000,0.000000,220,300,390,530,2300,3400,4100,4600,7800,8600,9300,186772,1619,220.0,622.918608429527,29.57810000225436,9264.738799996849,2468.4883440772705
1764631505,20,,Aggregated,8.300000,0.000000,220,300,390,530,2300,3400,4100,4600,7800,8600,9300,186778,1619,220.0,622.9015381843666,29.57810000225436,9264.738799996849,2468.46648427545
1764631506,20,,Aggregated,8.100000,0.000000,220,300,390,530,2300,3400,4100,4600,7800,8600,9300,186783,1619,220.0,622.8881353201288,29.57810000225436,9264.738799996849,2468.437443450421
1764631507,20,,Aggregated,8.100000,0.000000,220,300,390,530,2300,3400,4100,4600,7800,8600,9300,186790,1619,220.0,622.867384444026,29.57810000225436,9264.738799996849,2468.4893998608063
1764631508,20,,Aggregated,7.800000,0.000000,220,300,390,530,2300,3400,4100,4600,7800,8600,9300,186799,1619,220.0,622.8410706588345,29.57810000225436,9264.738799996849,2468.4867424343815
1764631509,20,,Aggregated,7.600000,0.000000,220,300,390,530,2300,3400,4100,4600,7800,8600,9300,186807,1619,220.0,622.8183281568658,29.57810000225436,9264.738799996849,2468.5294448280847
1764631510,20,,Aggregated,7.600000,0.000000,220,300,390,530,2300,3400,4100,4600,7800,8600,9300,186810,1619,220.0,622.8092723553324,29.57810000225436,9264.738799996849,2468.5438681012793
1764631511,20,,Aggregated,7.800000,0.000000,220,300,390,530,2300,3400,4100,4600,7800,8600,9300,186819,1619,220.0,622.7850464256828,29.57810000225436,9264.738799996849,2468.517479485491
1764631512,20,,Aggregated,7.500000,0.000000,220,300,390,530,2300,3400,4100,4600,7800,8600,9300,186831,1619,220.0,622.7537283223858,29.57810000225436,9264.738799996849,2468.4629959696194
1764631513,20,,Aggregated,7.200000,0.000000,220,300,390,530,2300,3400,4100,4600,7800,8600,9300,186837,1619,220.0,622.7368300309877,29.57810000225436,9264.738799996849,2468.4531811150896
1764631514,20,,Aggregated,7.700000,0.000000,220,300,390,530,2300,3400,4100,4600,7800,8600,9300,186846,1619,220.0,622.7126281279752,29.57810000225436,9264.738799996849,2468.467968273337
1764631515,20,,Aggregated,7.300000,0.000000,220,300,390,530,2300,3400,4100,4600,7800,8600,9300,186855,1619,220.0,622.6871109394966,29.57810000225436,9264.738799996849,2468.4416365631105
1764631516,20,,Aggregated,7.200000,0.000000,220,300,390,530,2300,3400,4100,4600,7800,8600,9300,186863,1619,220.0,622.6651796444436,29.57810000225436,9264.738799996849,2468.4669249664194
1764631517,20,,Aggregated,7.500000,0.000000,220,300,390,530,2300,3400,4100,4600,7800,8600,9300,186869,1619,220.0,622.6497577655986,29.57810000225436,9264.738799996849,2468.459348527578
1764631518,20,,Aggregated,7.500000,0.000000,220,300,390,530,2300,3400,4100,4600,7800,8600,9300,186878,1619,220.0,622.6232004794554,29.57810000225436,9264.738799996849,2468.504821327283
1764631519,20,,Aggregated,7.900000,0.000000,220,300,390,530,2300,3400,4100,4600,7800,8600,9300,186885,1619,220.0,622.6045113540393,29.57810000225436,9264.738799996849,2468.4948390721565
1764631520,20,,Aggregated,8.000000,0.000000,220,300,390,530,2300,3400,4100,4600,7800,8600,9300,186895,1619,220.0,622.5774839551599,29.57810000225436,9264.738799996849,2468.459718023489
1764631521,20,,Aggregated,7.300000,0.000000,220,300,390,530,2300,3400,4100,4600,7800,8600,9300,186904,1619,220.0,622.5521291855691,29.57810000225436,9264.738799996849,2468.4200552155116
1764631522,20,,Aggregated,7.800000,0.000000,220,300,390,530,2300,3400,4100,4600,7800,8600,9300,186907,1619,220.0,622.5440320811933,29.57810000225436,9264.738799996849,2468.426789793855
1764631523,20,,Aggregated,8.400000,0.000000,220,300,390,530,2300,3400,4100,4600,7800,8600,9300,186917,1619,220.0,622.5152117683227,29.57810000225436,9264.738799996849,2468.491030778367
1764631524,20,,Aggregated,8.000000,0.000000,220,300,390,530,2300,3400,4100,4600,7800,8600,9300,186924,1619,220.0,622.4952387483662,29.57810000225436,9264.738799996849,2468.5340138238003
1764631525,20,,Aggregated,7.500000,0.000000,220,300,390,530,2300,3400,4100,4600,7800,8600,9300,186932,1619,220.0,622.4722165819635,29.57810000225436,9264.738799996849,2468.619519397428
1764631526,20,,Aggregated,8.100000,0.000000,220,300,390,530,2300,3400,4100,4600,7800,8600,9300,186943,1619,220.0,622.4408634214686,29.57810000225436,9264.738799996849,2468.6439288981132
1764631527,20,,Aggregated,7.500000,0.000000,220,300,390,530,2300,3400,4100,4600,7800,8600,9300,186947,1619,220.0,622.4305068843021,29.57810000225436,9264.738799996849,2468.610627611034
1764631528,20,,Aggregated,7.800000,0.000000,220,300,390,530,2300,3400,4100,4600,7800,8600,9300,186959,1619,220.0,622.3966441503196,29.57810000225436,9264.738799996849,2468.6541006316893
1764631529,20,,Aggregated,8.000000,0.000000,220,300,390,530,2300,3400,4100,4600,7800,8600,9300,186964,1619,220.0,622.3829043125928,29.57810000225436,9264.738799996849,2468.6255856742473
1764631530,20,,Aggregated,7.500000,0.000000,220,300,390,530,2300,3400,4100,4600,7800,8600,9300,186971,1619,220.0,622.3637514737559,29.57810000225436,9264.738799996849,2468.6769605981676
1764631531,20,,Aggregated,8.200000,0.000000,220,300,390,530,2300,3400,4100,4600,7800,8600,9300,186979,1619,220.0,622.3425771674872,29.57810000225436,9264.738799996849,2468.6348627385964
1764631532,20,,Aggregated,7.600000,0.000000,220,300,390,530,2300,3400,4100,4600,7800,8600,9300,186988,1619,220.0,622.3184439819646,29.57810000225436,9264.738799996849,2468.71949002075
1764631533,20,,Aggregated,7.400000,0.000000,220,300,390,530,2300,3400,4100,4600,7800,8600,9300,187000,1619,220.0,622.2857046385005,29.57810000225436,9264.738799996849,2468.708475935829
1764631534,20,,Aggregated,7.500000,0.000000,220,300,390,530,2300,3400,4100,4600,7800,8600,9300,187009,1619,220.0,622.2652145575861,29.57810000225436,9264.738799996849,2468.7095059596063
1764631535,20,,Aggregated,8.100000,0.000000,220,300,390,530,2300,3400,4100,4600,7800,8600,9300,187020,1619,220.0,622.233769243929,29.57810000225436,9264.738799996849,2468.7114747085875
1764631536,20,,Aggregated,8.300000,0.000000,220,300,390,530,2300,3400,4100,4600,7800,8600,9300,187026,1619,220.0,622.2180519831447,29.57810000225436,9264.738799996849,2468.7301818998426
1764631537,20,,Aggregated,8.700000,0.000000,220,300,390,530,2300,3400,4100,4600,7800,8600,9300,187033,1619,220.0,622.1998991060383,29.57810000225436,9264.738799996849,2468.8049648992423
1764631538,20,,Aggregated,8.600000,0.000000,220,300,390,530,2300,3400,4100,4600,7800,8600,9300,187041,1619,220.0,622.1772394148858,29.57810000225436,9264.738799996849,2468.835843478168
1764631539,20,,Aggregated,8.000000,0.000000,220,300,390,530,2300,3400,4100,4600,7800,8600,9300,187050,1619,220.0,622.1537844399874,29.57810000225436,9264.738799996849,2468.847399091152
1764631540,20,,Aggregated,8.800000,0.000000,220,300,390,530,2300,3400,4100,4600,7800,8600,9300,187055,1619,220.0,622.1403989532472,29.57810000225436,9264.738799996849,2468.859474486114
1764631541,20,,Aggregated,8.500000,0.000000,220,300,390,530,2300,3400,4100,4600,7800,8600,9300,187063,1619,220.0,622.1180374467406,29.57810000225436,9264.738799996849,2468.8549953758893
1764631542,20,,Aggregated,8.600000,0.000000,220,300,390,530,2300,3400,4100,4600,7800,8600,9300,187070,1619,220.0,622.0991319955078,29.57810000225436,9264.738799996849,2468.9042390548993
1764631543,20,,Aggregated,8.200000,0.000000,220,300,390,530,2300,3400,4100,4600,7800,8600,9300,187080,1619,220.0,622.0730412593524,29.57810000225436,9264.738799996849,2468.965014966859
1764631545,20,,Aggregated,8.300000,0.000000,220,300,390,530,2300,3400,4100,4600,7800,8600,9300,187087,1619,220.0,622.0546300560684,29.57810000225436,9264.738799996849,2468.936949119928
1764631546,20,,Aggregated,8.000000,0.000000,220,300,390,530,2300,3400,4100,4600,7800,8600,9300,187094,1619,220.0,622.036135091984,29.57810000225436,9264.738799996849,2468.930724662469
1764631547,20,,Aggregated,7.700000,0.000000,220,300,390,530,2300,3400,4100,4600,7800,8600,9300,187104,1619,220.0,622.0079497733861,29.57810000225436,9264.738799996849,2468.9602841200617
1764631548,20,,Aggregated,7.400000,0.000000,220,300,390,530,2300,3400,4100,4600,7800,8600,9300,187109,1619,220.0,621.9940847244101,29.57810000225436,9264.738799996849,2468.957709142799
1764631549,20,,Aggregated,7.400000,0.000000,220,300,390,530,2300,3400,4100,4600,7800,8600,9300,187119,1619,220.0,621.968205899987,29.57810000225436,9264.738799996849,2469.039440142369
1764631550,20,,Aggregated,7.800000,0.000000,220,300,390,530,2300,3400,4100,4600,7800,8600,9300,187128,1619,220.0,621.9418735272096,29.57810000225436,9264.738799996849,2469.0987612757044
1764631551,20,,Aggregated,7.400000,0.000000,220,300,390,530,2300,3400,4100,4600,7800,8600,9300,187136,1619,220.0,621.9211489537006,29.57810000225436,9264.738799996849,2469.09808374658
1764631552,20,,Aggregated,7.400000,0.000000,220,300,390,530,2300,3400,4100,4600,7800,8600,9300,187145,1619,220.0,621.9001082481483,29.57810000225436,9264.738799996849,2469.046514734564
1764631553,20,,Aggregated,8.100000,0.000000,220,300,390,530,2300,3400,4100,4600,7800,8600,9300,187153,1619,220.0,621.8765784454414,29.57810000225436,9264.738799996849,2469.0704824395016
1764631554,20,,Aggregated,8.100000,0.000000,220,300,390,530,2300,3400,4100,4600,7800,8600,9300,187164,1619,220.0,621.8454583269203,29.57810000225436,9264.738799996849,2469.0747526233677
1764631555,20,,Aggregated,8.100000,0.000000,220,300,390,530,2300,3400,4100,4600,7800,8600,9300,187171,1619,220.0,621.8276801486327,29.57810000225436,9264.738799996849,2469.076096190115
1764631556,20,,Aggregated,8.200000,0.000000,220,300,390,530,2300,3400,4100,4600,7800,8600,9300,187180,1619,220.0,621.8044643946987,29.57810000225436,9264.738799996849,2469.0208195320015
1764631557,20,,Aggregated,8.300000,0.000000,220,300,390,530,2300,3400,4100,4600,7800,8600,9300,187187,1619,220.0,621.7842882790991,29.57810000225436,9264.738799996849,2469.0149583037282
1764631558,20,,Aggregated,8.600000,0.000000,220,300,390,530,2300,3400,4100,4600,7800,8600,9300,187196,1619,220.0,621.7588733519932,29.57810000225436,9264.738799996849,2468.9955661445756
1764631559,20,,Aggregated,8.600000,0.000000,220,300,390,530,2300,3400,4100,4600,7800,8600,9300,187206,1619,220.0,621.7291723801571,29.57810000225436,9264.738799996849,2469.0582246295526
1764631560,20,,Aggregated,8.500000,0.000000,220,300,390,530,2300,3400,4100,4600,7800,8600,9300,187211,1619,220.0,621.7141214223508,29.57810000225436,9264.738799996849,2469.0583192226954
1764631561,20,,Aggregated,8.500000,0.000000,220,300,390,530,2300,3400,4100,4600,7800,8600,9300,187218,1619,220.0,621.693857845932,29.57810000225436,9264.738799996849,2469.052158446303
1764631562,20,,Aggregated,8.200000,0.000000,220,300,390,530,2300,3400,4100,4600,7800,8600,9300,187229,1619,220.0,621.6634215554199,29.57810000225436,9264.738799996849,2469.013934807108
1764631563,20,,Aggregated,8.200000,0.000000,220,300,390,530,2300,3400,4100,4600,7800,8600,9300,187236,1619,220.0,621.6424221629374,29.57810000225436,9264.738799996849,2469.022725330599
1764631564,20,,Aggregated,8.200000,0.000000,220,300,390,530,2300,3400,4100,4600,7800,8600,9300,187245,1619,220.0,621.6180112088426,29.57810000225436,9264.738799996849,2469.0007102993404
1764631565,20,,Aggregated,8.200000,0.000000,220,300,390,530,2300,3400,4100,4600,7800,8600,9300,187251,1619,220.0,621.6000126632155,29.57810000225436,9264.738799996849,2468.9822217237825
1764631566,20,,Aggregated,7.900000,0.000000,220,300,390,530,2300,3400,4100,4600,7800,8600,9300,187261,1619,220.0,621.5706157197695,29.57810000225436,9264.738799996849,2469.0527071840907
1764631567,20,,Aggregated,8.000000,0.000000,220,300,390,530,2300,3400,4100,4600,7800,8600,9300,187268,1619,220.0,621.5500696621941,29.57810000225436,9264.738799996849,2469.078876262896
1764631568,20,,Aggregated,8.000000,0.000000,220,300,390,530,2300,3400,4100,4600,7800,8600,9300,187275,1619,220.0,621.5311808394061,29.57810000225436,9264.738799996849,2469.148236550527
1764631569,20,,Aggregated,7.900000,0.000000,220,300,390,530,2300,3400,4100,4600,7800,8600,9300,187286,1619,220.0,621.5012051333244,29.57810000225436,9264.738799996849,2469.0980105293506
1764631570,20,,Aggregated,7.900000,0.000000,220,300,390,530,2300,3400,4100,4600,7800,8600,9300,187292,1619,220.0,621.4844332486161,29.57810000225436,9264.738799996849,2469.04450804092
1764631571,20,,Aggregated,7.700000,0.000000,220,300,390,530,2300,3400,4100,4600,7800,8600,9300,187303,1619,220.0,621.4538244865262,29.57810000225436,9264.738799996849,2469.0468385450313
1764631572,20,,Aggregated,7.700000,0.000000,220,300,390,530,2300,3400,4100,4600,7800,8600,9300,187307,1619,220.0,621.4426459085875,29.57810000225436,9264.738799996849,2469.03760670984
1764631573,20,,Aggregated,8.300000,0.000000,220,300,390,530,2300,3400,4100,4600,7800,8600,9300,187319,1619,220.0,621.4074208457221,29.57810000225436,9264.738799996849,2469.125667978155
1764631574,20,,Aggregated,8.300000,0.000000,220,300,390,530,2300,3400,4100,4600,7800,8600,9300,187324,1619,220.0,621.3929040886369,29.57810000225436,9264.738799996849,2469.1993337746367
1764631575,20,,Aggregated,7.900000,0.000000,220,300,390,530,2300,3400,4100,4600,7800,8600,9300,187333,1619,220.0,621.371659983024,29.57810000225436,9264.738799996849,2469.1918241847407
1764631576,20,,Aggregated,8.200000,0.000000,220,300,390,530,2300,3400,4100,4600,7800,8600,9300,187341,1619,220.0,621.3484555617821,29.57810000225436,9264.738799996849,2469.257791940899
1764631577,20,,Aggregated,8.200000,0.000000,220,300,390,530,2300,3400,4100,4600,7800,8600,9300,187348,1619,220.0,621.3280085242427,29.57810000225436,9264.738799996849,2469.2273202809743
1764631578,20,,Aggregated,8.100000,0.000000,220,300,390,530,2300,3400,4100,4600,7800,8600,9300,187352,1619,220.0,621.317544529014,29.57810000225436,9264.738799996849,2469.2129947905546
1764631579,20,,Aggregated,8.200000,0.000000,220,300,390,530,2300,3400,4100,4600,7800,8600,9300,187361,1619,220.0,621.2910214068019,29.57810000225436,9264.738799996849,2469.291293278751
1764631580,20,,Aggregated,7.900000,0.000000,220,300,390,530,2300,3400,4100,4600,7800,8600,9300,187370,1619,220.0,621.2671012163088,29.57810000225436,9264.738799996849,2469.273176068741
1764631581,20,,Aggregated,7.600000,0.000000,220,300,390,530,2300,3400,4100,4600,7800,8600,9300,187378,1619,220.0,621.2464716135286,29.57810000225436,9264.738799996849,2469.295941892858
1764631582,20,,Aggregated,7.500000,0.000000,220,300,390,530,2300,3400,4100,4600,7800,8600,9300,187388,1619,220.0,621.2195488232958,29.57810000225436,9264.738799996849,2469.3378498089523
1764631583,20,,Aggregated,7.400000,0.000000,220,300,390,530,2300,3400,4100,4600,7800,8600,9300,187395,1619,220.0,621.2007540814843,29.57810000225436,9264.738799996849,2469.3103231142773
1764631584,20,,Aggregated,7.700000,0.000000,220,300,390,530,2300,3400,4100,4600,7800,8600,9300,187402,1619,220.0,621.1808576039732,29.57810000225436,9264.738799996849,2469.3673013094844
1764631585,20,,Aggregated,7.800000,0.000000,220,300,390,530,2300,3400,4100,4600,7800,8600,9300,187411,1619,220.0,621.1571387367859,29.57810000225436,9264.738799996849,2469.359370581236
1764631586,20,,Aggregated,7.400000,0.000000,220,300,390,530,2300,3400,4100,4600,7800,8600,9300,187418,1619,220.0,621.1370099536852,29.57810000225436,9264.738799996849,2469.420039697361
1764631587,20,,Aggregated,7.300000,0.000000,220,300,390,530,2300,3400,4100,4600,7800,8600,9300,187427,1619,220.0,621.1126282547326,29.57810000225436,9264.738799996849,2469.4127953816687
1764631588,20,,Aggregated,7.900000,0.000000,220,300,390,530,2300,3400,4100,4600,7800,8600,9300,187437,1619,220.0,621.0848474692818,29.57810000225436,9264.738799996849,2469.390712612771
1764631589,20,,Aggregated,7.100000,0.000000,220,300,390,530,2300,3400,4100,4600,7800,8600,9300,187444,1619,220.0,621.0664543164879,29.57810000225436,9264.738799996849,2469.382642282495
1764631590,20,,Aggregated,8.000000,0.000000,220,300,390,530,2300,3400,4100,4600,7800,8600,9300,187449,1619,220.0,621.0544918377785,29.57810000225436,9264.738799996849,2469.385555537773
1764631591,20,,Aggregated,8.100000,0.000000,220,300,390,530,2300,3400,4100,4600,7800,8600,9300,187459,1619,220.0,621.025871553245,29.57810000225436,9264.738799996849,2469.4398668508848
1764631592,20,,Aggregated,8.000000,0.000000,220,300,390,530,2300,3400,4100,4600,7800,8600,9300,187470,1619,220.0,620.9959841964032,29.57810000225436,9264.738799996849,2469.4319357763907
1764631593,20,,Aggregated,8.200000,0.000000,220,300,390,530,2300,3400,4100,4600,7800,8600,9300,187481,1619,220.0,620.9654120513529,29.57810000225436,9264.738799996849,2469.3936665582114
1764631594,20,,Aggregated,8.200000,0.000000,220,300,390,530,2300,3400,4100,4600,7800,8600,9300,187488,1619,220.0,620.9484376402739,29.57810000225436,9264.738799996849,2469.3375416026624
1764631595,20,,Aggregated,8.200000,0.000000,220,300,390,530,2300,3400,4100,4600,7800,8600,9300,187495,1619,220.0,620.9283552916061,29.57810000225436,9264.738799996849,2469.3577108722898
1764631596,20,,Aggregated,8.700000,0.000000,220,300,390,530,2300,3400,4100,4600,7800,8600,9300,187506,1619,220.0,620.8984851503401,29.57810000225436,9264.738799996849,2469.4007071773704
1764631597,20,,Aggregated,8.500000,0.000000,220,300,390,530,2300,3400,4100,4600,7800,8600,9300,187512,1619,220.0,620.882373707281,29.57810000225436,9264.738799996849,2469.4180372456162
1764631598,20,,Aggregated,8.100000,0.000000,220,300,390,530,2300,3400,4100,4600,7800,8600,9300,187523,1619,220.0,620.8502159420427,29.57810000225436,9264.738799996849,2469.422662820027
1764631599,20,,Aggregated,8.800000,0.000000,220,300,390,530,2300,3400,4100,4600,7800,8600,9300,187531,1619,220.0,620.827887154122,29.57810000225436,9264.738799996849,2469.402968042617
1764631600,20,,Aggregated,8.500000,0.000000,220,300,390,530,2300,3400,4100,4600,7800,8600,9300,187538,1619,220.0,620.8087819599209,29.57810000225436,9264.738799996849,2469.4519510712494
1764631601,20,,Aggregated,8.500000,0.000000,220,300,390,530,2300,3400,4100,4600,7800,8600,9300,187549,1619,220.0,620.7784809505762,29.57810000225436,9264.738799996849,2469.4813888637104
1764631602,20,,Aggregated,8.600000,0.000000,220,300,390,530,2300,3400,4100,4600,7800,8600,9300,187553,1619,220.0,620.7673709692706,29.57810000225436,9264.738799996849,2469.510341076922
1764631603,20,,Aggregated,8.500000,0.000000,220,300,390,530,2300,3400,4100,4600,7800,8600,9300,187559,1619,220.0,620.7525472576608,29.57810000225436,9264.738799996849,2469.5000666456954
1764631604,20,,Aggregated,8.300000,0.000000,220,300,390,530,2300,3400,4100,4600,7800,8600,9300,187570,1619,220.0,620.7221204888822,29.57810000225436,9264.738799996849,2469.5087114144053
1764631605,20,,Aggregated,8.200000,0.000000,220,300,390,530,2300,3400,4100,4600,7800,8600,9300,187577,1619,220.0,620.7011593015116,29.57810000225436,9264.738799996849,2469.486786759571
1764631606,20,,Aggregated,7.800000,0.000000,220,300,390,530,2300,3400,4100,4600,7800,8600,9300,187584,1619,220.0,620.681612460016,29.57810000225436,9264.738799996849,2469.462811327192
1764631607,20,,Aggregated,8.300000,0.000000,220,300,390,530,2300,3400,4100,4600,7800,8600,9300,187595,1619,220.0,620.6511440283572,29.57810000225436,9264.738799996849,2469.5007649457607
1764631608,20,,Aggregated,8.100000,0.000000,220,300,390,530,2300,3400,4100,4600,7800,8600,9300,187602,1619,220.0,620.6311257795742,29.57810000225436,9264.738799996849,2469.5539493182378
1764631609,20,,Aggregated,8.100000,0.000000,220,300,390,530,2300,3400,4100,4600,7800,8600,9300,187610,1619,220.0,620.6094657619512,29.57810000225436,9264.738799996849,2469.5549970683865
1764631610,20,,Aggregated,7.900000,0.000000,220,300,390,530,2300,3400,4100,4600,7800,8600,9300,187620,1619,220.0,620.5805263426056,29.57810000225436,9264.738799996849,2469.612946380983
1764631611,20,,Aggregated,7.900000,0.000000,220,300,390,530,2300,3400,4100,4600,7800,8600,9300,187629,1619,220.0,620.5562923721795,29.57810000225436,9264.738799996849,2469.5817277712936
1764631612,20,,Aggregated,8.000000,0.000000,220,300,390,530,2300,3400,4100,4600,7800,8600,9300,187637,1619,220.0,620.532780994152,29.57810000225436,9264.738799996849,2469.5453348753176
1764631613,20,,Aggregated,7.900000,0.000000,220,300,390,530,2300,3400,4100,4600,7800,8600,9300,187644,1619,220.0,620.5119639711353,29.57810000225436,9264.738799996849,2469.51274754322
1764631614,20,,Aggregated,8.100000,0.000000,220,300,390,530,2300,3400,4100,4600,7800,8600,9300,187652,1619,220.0,620.4885893883343,29.57810000225436,9264.738799996849,2469.549804958114
1764631615,20,,Aggregated,8.200000,0.000000,220,300,390,530,2300,3400,4100,4600,7800,8600,9300,187660,1619,220.0,620.4670491106241,29.57810000225436,9264.738799996849,2469.5608813812214
1764631616,20,,Aggregated,8.300000,0.000000,220,300,390,530,2300,3400,4100,4600,7800,8600,9300,187668,1619,220.0,620.4455810425842,29.57810000225436,9264.738799996849,2469.5463478056995
1764631617,20,,Aggregated,8.200000,0.000000,220,300,390,530,2200,3400,4100,4600,7800,8600,9300,187678,1619,220.0,620.4161610108788,29.57810000225436,9264.738799996849,2469.487254766142
1764631618,20,,Aggregated,8.300000,0.000000,220,300,390,530,2200,3400,4100,4600,7800,8600,9300,187688,1619,220.0,620.3880389897048,29.57810000225436,9264.738799996849,2469.5779804782405
1764631619,20,,Aggregated,8.300000,0.000000,220,300,390,530,2200,3400,4100,4600,7800,8600,9300,187694,1619,220.0,620.3721365770865,29.57810000225436,9264.738799996849,2469.6268394301364
1764631620,20,,Aggregated,8.200000,0.000000,220,300,390,530,2200,3400,4100,4600,7800,8600,9300,187704,1619,220.0,620.345334904955,29.57810000225436,9264.738799996849,2469.644568043302
1764631621,20,,Aggregated,8.400000,0.000000,220,300,390,530,2200,3400,4100,4600,7800,8600,9300,187714,1619,220.0,620.3184631236862,29.57810000225436,9264.738799996849,2469.6782126000194
1764631622,20,,Aggregated,8.100000,0.000000,220,300,390,530,2200,3400,4100,4600,7800,8600,9300,187723,1619,220.0,620.2919758900063,29.57810000225436,9264.738799996849,2469.697463816368
1764631623,20,,Aggregated,8.300000,0.000000,220,300,390,530,2200,3400,4100,4600,7800,8600,9300,187726,1619,220.0,620.2830333406116,29.57810000225436,9264.738799996849,2469.7353057115156
1764631624,20,,Aggregated,8.500000,0.000000,220,300,390,530,2200,3400,4100,4600,7800,8600,9300,187737,1619,220.0,620.2542054618943,29.57810000225436,9264.738799996849,2469.7690172954717
1764631625,20,,Aggregated,8.500000,0.000000,220,300,390,530,2200,3400,4100,4600,7800,8600,9300,187743,1619,220.0,620.2375594392315,29.57810000225436,9264.738799996849,2469.8640215613896
1764631626,20,,Aggregated,8.000000,0.000000,220,300,390,530,2200,3400,4100,4600,7800,8600,9300,187753,1619,220.0,620.209468341383,29.57810000225436,9264.738799996849,2469.8978072254504
1764631627,20,,Aggregated,8.300000,0.000000,220,300,390,530,2200,3400,4100,4600,7800,8600,9300,187760,1619,220.0,620.1911060534708,29.57810000225436,9264.738799996849,2469.876453983809
1764631629,20,,Aggregated,8.300000,0.000000,220,300,390,530,2200,3400,4100,4600,7800,8600,9300,187772,1619,220.0,620.1581669812307,29.57810000225436,9264.738799996849,2469.925665168396
1764631630,20,,Aggregated,8.200000,0.000000,220,300,390,530,2200,3400,4100,4600,7800,8600,9300,187779,1619,220.0,620.1403363432528,29.57810000225436,9264.738799996849,2469.890206040079
1764631631,20,,Aggregated,8.400000,0.000000,220,300,390,530,2200,3400,4100,4600,7800,8600,9300,187787,1619,220.0,620.1208977351981,29.57810000225436,9264.738799996849,2469.838859984983
1764631632,20,,Aggregated,8.400000,0.000000,220,300,390,530,2200,3400,4100,4600,7800,8600,9300,187795,1619,220.0,620.0984646609317,29.57810000225436,9264.738799996849,2469.874719774222
1764631633,20,,Aggregated,8.500000,0.000000,220,300,390,530,2200,3400,4100,4600,7800,8600,9300,187803,1619,220.0,620.0780936854026,29.57810000225436,9264.738799996849,2469.864091627929
1764631634,20,,Aggregated,8.200000,0.000000,220,300,390,530,2200,3400,4100,4600,7800,8600,9300,187811,1619,220.0,620.0563949481109,29.57810000225436,9264.738799996849,2469.8999472874325
1764631635,20,,Aggregated,8.000000,0.000000,220,300,390,530,2200,3400,4100,4600,7800,8600,9300,187820,1619,220.0,620.0333695394509,29.57810000225436,9264.738799996849,2469.906799062933
1764631636,20,,Aggregated,8.000000,0.000000,220,300,390,530,2200,3400,4100,4600,7800,8600,9300,187825,1619,220.0,620.0198552924247,29.57810000225436,9264.738799996849,2469.891888726208
1764631637,20,,Aggregated,8.500000,0.000000,220,300,390,530,2200,3400,4100,4600,7800,8600,9300,187834,1619,220.0,619.9936639069585,29.57810000225436,9264.738799996849,2469.943466039162
1764631638,20,,Aggregated,8.100000,0.000000,220,300,390,530,2200,3400,4100,4600,7800,8600,9300,187841,1619,220.0,619.9736726571921,29.57810000225436,9264.738799996849,2470.0200967839824
1764631639,20,,Aggregated,8.100000,0.000000,220,300,390,530,2200,3400,4100,4600,7800,8600,9300,187848,1619,220.0,619.9551867217091,29.57810000225436,9264.738799996849,2470.065206975853
1764631640,20,,Aggregated,8.000000,0.000000,220,300,390,530,2200,3400,4100,4600,7800,8600,9300,187859,1619,220.0,619.9246038507582,29.57810000225436,9264.738799996849,2470.0528854087374
1764631641,20,,Aggregated,7.600000,0.000000,220,300,390,530,2200,3400,4100,4600,7800,8600,9300,187866,1619,220.0,619.9052442655914,29.57810000225436,9264.738799996849,2470.0317832923465
1764631642,20,,Aggregated,7.900000,0.000000,220,300,390,530,2200,3400,4100,4600,7800,8600,9300,187872,1619,220.0,619.8899854587144,29.57810000225436,9264.738799996849,2470.0504279509455
1764631643,20,,Aggregated,7.800000,0.000000,220,300,390,530,2200,3400,4100,4600,7800,8600,9300,187881,1619,220.0,619.8633642720637,29.57810000225436,9264.738799996849,2470.0230890829835
1764631644,20,,Aggregated,7.400000,0.000000,220,300,390,530,2200,3400,4100,4600,7800,8600,9300,187891,1619,220.0,619.8375683039613,29.57810000225436,9264.738799996849,2469.9841344183596
1764631645,20,,Aggregated,7.700000,0.000000,220,300,390,530,2200,3400,4100,4600,7800,8600,9300,187896,1619,220.0,619.8230189216356,29.57810000225436,9264.738799996849,2469.9995050453444
1764631646,20,,Aggregated,7.700000,0.000000,220,300,390,530,2200,3400,4100,4600,7800,8600,9300,187906,1619,220.0,619.797801011142,29.57810000225436,9264.738799996849,2470.025597905336
1764631647,20,,Aggregated,7.500000,0.000000,220,300,390,530,2200,3400,4100,4600,7800,8600,9300,187919,1619,220.0,619.7609950595719,29.57810000225436,9264.738799996849,2470.001319717538
1764631648,20,,Aggregated,8.100000,0.000000,220,300,390,530,2200,3400,4100,4600,7800,8600,9300,187924,1619,220.0,619.7465255151002,29.57810000225436,9264.738799996849,2469.9753996296376
1764631649,20,,Aggregated,7.900000,0.000000,220,300,390,530,2200,3400,4100,4600,7800,8600,9300,187931,1619,220.0,619.7273082046054,29.57810000225436,9264.738799996849,2469.9797478861924
1764631650,20,,Aggregated,8.200000,0.000000,220,300,390,530,2200,3400,4100,4600,7800,8600,9300,187941,1619,220.0,619.7009186723478,29.57810000225436,9264.738799996849,2470.0556238393965
1764631651,20,,Aggregated,8.100000,0.000000,220,300,390,530,2200,3400,4100,4600,7800,8600,9300,187948,1619,220.0,619.6800447033207,29.57810000225436,9264.738799996849,2470.1180752122928
1764631652,20,,Aggregated,8.100000,0.000000,220,300,390,530,2200,3400,4100,4600,7800,8600,9300,187957,1619,220.0,619.6557239022741,29.57810000225436,9264.738799996849,2470.1024915273174
1764631653,20,,Aggregated,8.200000,0.000000,220,300,390,530,2200,3400,4100,4600,7800,8600,9300,187965,1619,220.0,619.6334991434561,29.57810000225436,9264.738799996849,2470.1145479211555
1764631654,20,,Aggregated,8.700000,0.000000,220,300,390,530,2200,3400,4100,4600,7800,8600,9300,187973,1619,220.0,619.6100092406873,29.57810000225436,9264.738799996849,2470.1115585749017
1764631655,20,,Aggregated,8.300000,0.000000,220,300,390,530,2200,3400,4100,4600,7800,8600,9300,187982,1619,220.0,619.5858133933021,29.57810000225436,9264.738799996849,2470.0868753391283
1764631656,20,,Aggregated,8.200000,0.000000,220,300,390,530,2200,3400,4100,4600,7800,8600,9300,187991,1619,220.0,619.5617521673895,29.57810000225436,9264.738799996849,2470.079003782096
1764631657,20,,Aggregated,8.400000,0.000000,220,300,390,530,2200,3400,4100,4600,7800,8600,9300,187999,1619,220.0,619.5413415161768,29.57810000225436,9264.738799996849,2470.0920483619593
1764631658,20,,Aggregated,8.300000,0.000000,220,300,390,530,2200,3400,4100,4600,7800,8600,9300,188006,1619,220.0,619.5219473367857,29.57810000225436,9264.738799996849,2470.124214120826
1764631659,20,,Aggregated,8.400000,0.000000,220,300,390,530,2200,3400,4100,4600,7800,8600,9300,188013,1619,220.0,619.5015935515084,29.57810000225436,9264.738799996849,2470.190438959008
1764631660,20,,Aggregated,8.300000,0.000000,220,300,390,530,2200,3400,4100,4600,7800,8600,9300,188023,1619,220.0,619.473238700583,29.57810000225436,9264.738799996849,2470.2530701031255
1764631661,20,,Aggregated,8.300000,0.000000,220,300,390,530,2200,3400,4100,4600,7800,8600,9300,188032,1619,220.0,619.4484333485775,29.57810000225436,9264.738799996849,2470.3203018635127
1764631662,20,,Aggregated,8.100000,0.000000,220,300,390,530,2200,3400,4100,4600,7800,8600,9300,188039,1619,220.0,619.4299882806212,29.57810000225436,9264.738799996849,2470.3339041369077
1764631663,20,,Aggregated,8.300000,0.000000,220,300,390,530,2200,3400,4100,4600,7800,8600,9300,188049,1619,220.0,619.4018250838861,29.57810000225436,9264.738799996849,2470.353748225197
1764631664,20,,Aggregated,8.200000,0.000000,220,300,390,530,2200,3400,4100,4600,7800,8600,9300,188059,1619,220.0,619.3746908746707,29.57810000225436,9264.738799996849,2470.3120191003886
1764631665,20,,Aggregated,7.800000,0.000000,220,300,390,530,2200,3400,4100,4600,7800,8600,9300,188063,1619,220.0,619.364708878938,29.57810000225436,9264.738799996849,2470.320546838028
1764631666,20,,Aggregated,8.300000,0.000000,220,300,390,530,2200,3400,4100,4600,7800,8600,9300,188074,1619,220.0,619.3330835782709,29.57810000225436,9264.738799996849,2470.3325340025735
1764631667,20,,Aggregated,8.200000,0.000000,220,300,390,530,2200,3400,4100,4600,7800,8600,9300,188082,1619,220.0,619.3092538998933,29.57810000225436,9264.738799996849,2470.3117470039665
1764631668,20,,Aggregated,8.000000,0.000000,220,300,390,530,2200,3400,4100,4600,7800,8600,9300,188091,1619,220.0,619.2837715712061,29.57810000225436,9264.738799996849,2470.2810182305375
1764631669,20,,Aggregated,8.100000,0.000000,220,300,390,530,2200,3400,4100,4600,7800,8600,9300,188097,1619,220.0,619.2667853490472,29.57810000225436,9264.738799996849,2470.321594709113
1764631670,20,,Aggregated,7.900000,0.000000,220,300,390,530,2200,3400,4100,4500,7800,8600,9300,188103,1619,220.0,619.2499062237163,29.57810000225436,9264.738799996849,2470.401742662265
1764631671,20,,Aggregated,8.300000,0.000000,220,300,390,530,2200,3400,4100,4500,7800,8600,9300,188117,1619,220.0,619.2136622001185,29.57810000225436,9264.738799996849,2470.4896101894033
1764631672,20,,Aggregated,8.000000,0.000000,220,300,390,530,2200,3400,4100,4500,7800,8600,9300,188123,1619,220.0,619.1982286163824,29.57810000225436,9264.738799996849,2470.5118831828113
1764631673,20,,Aggregated,7.800000,0.000000,220,300,390,530,2200,3400,4100,4500,7800,8600,9300,188133,1619,220.0,619.1723599198424,29.57810000225436,9264.738799996849,2470.5888281162793
1764631674,20,,Aggregated,8.200000,0.000000,220,300,390,530,2200,3400,4100,4500,7800,8600,9300,188138,1619,220.0,619.1586056267193,29.57810000225436,9264.738799996849,2470.562337220551
1764631675,20,,Aggregated,8.700000,0.000000,220,300,390,530,2200,3400,4100,4500,7800,8600,9300,188148,1619,220.0,619.1305040165175,29.57810000225436,9264.738799996849,2470.5716404107407
1764631676,20,,Aggregated,8.200000,0.000000,220,300,390,530,2200,3400,4100,4500,7800,8600,9300,188155,1619,220.0,619.1130789253527,29.57810000225436,9264.738799996849,2470.593207727671
1764631677,20,,Aggregated,8.100000,0.000000,220,300,390,530,2200,3400,4100,4500,7800,8600,9300,188162,1619,220.0,619.093347996406,29.57810000225436,9264.738799996849,2470.6662184713173
1764631678,20,,Aggregated,8.200000,0.000000,220,300,390,530,2200,3400,4100,4500,7800,8600,9300,188170,1619,220.0,619.0720357883815,29.57810000225436,9264.738799996849,2470.6382101291388
1764631679,20,,Aggregated,8.000000,0.000000,220,300,390,530,2200,3400,4100,4500,7800,8600,9300,188180,1619,220.0,619.0438076304591,29.57810000225436,9264.738799996849,2470.6144755021787
1764631680,20,,Aggregated,8.100000,0.000000,220,300,390,530,2200,3400,4100,4500,7800,8600,9300,188186,1619,220.0,619.0263885905422,29.57810000225436,9264.738799996849,2470.614875708076
1764631681,20,,Aggregated,7.800000,0.000000,220,300,390,530,2200,3400,4100,4500,7800,8600,9300,188194,1619,220.0,619.003694810673,29.57810000225436,9264.738799996849,2470.610518932591
1764631682,20,,Aggregated,8.400000,0.000000,220,300,390,530,2200,3400,4100,4500,7800,8600,9300,188207,1619,220.0,618.9692435382306,29.57810000225436,9264.738799996849,2470.6802935066175
1764631683,20,,Aggregated,8.100000,0.000000,220,300,390,530,2200,3400,4100,4500,7800,8600,9300,188214,1619,220.0,618.951622227357,29.57810000225436,9264.738799996849,2470.718580976973
1764631684,20,,Aggregated,7.800000,0.000000,220,300,390,530,2200,3400,4100,4500,7800,8600,9300,188223,1619,220.0,618.9288700636997,29.57810000225436,9264.738799996849,2470.694787565813
1764631685,20,,Aggregated,8.200000,0.000000,220,300,390,530,2200,3400,4100,4500,7800,8600,9300,188232,1619,220.0,618.9031011523001,29.57810000225436,9264.738799996849,2470.7628033490587
1764631686,20,,Aggregated,8.100000,0.000000,220,300,390,530,2200,3400,4100,4500,7800,8600,9300,188237,1619,220.0,618.8886085078904,29.57810000225436,9264.738799996849,2470.795157168888
1764631687,20,,Aggregated,8.300000,0.000000,220,300,390,530,2200,3400,4100,4500,7800,8600,9300,188247,1619,220.0,618.8610710253006,29.57810000225436,9264.738799996849,2470.862648541544
1764631688,20,,Aggregated,8.300000,0.000000,220,300,390,530,2200,3400,4100,4500,7800,8600,9300,188260,1619,220.0,618.8238724885783,29.57810000225436,9264.738799996849,2470.8602570912567
1764631689,20,,Aggregated,8.300000,0.000000,220,300,390,530,2200,3400,4100,4500,7800,8600,9300,188267,1619,220.0,618.8067926328022,29.57810000225436,9264.738799996849,2470.8485236392994
1764631690,20,,Aggregated,8.500000,0.000000,220,300,390,530,2200,3400,4100,4500,7800,8600,9300,188273,1619,220.0,618.7910614878382,29.57810000225436,9264.738799996849,2470.876153245553
1764631691,20,,Aggregated,8.800000,0.000000,220,300,390,530,2200,3400,4100,4500,7800,8600,9300,188282,1619,220.0,618.767496505772,29.57810000225436,9264.738799996849,2470.9641282756716
1764631692,20,,Aggregated,8.400000,0.000000,220,300,390,530,2200,3400,4100,4500,7800,8600,9300,188292,1620,220.0,618.73847972192,29.57810000225436,9264.738799996849,2470.9160771567567
1764631693,20,,Aggregated,8.700000,0.000000,220,300,390,530,2200,3400,4100,4500,7800,8600,9300,188301,1622,220.0,618.7139759528615,29.57810000225436,9264.738799996849,2470.875529073133
1764631694,20,,Aggregated,8.800000,0.000000,220,300,390,530,2200,3400,4100,4500,7800,8600,9300,188309,1623,220.0,618.6933338900411,29.57810000225436,9264.738799996849,2470.8532890090223
1764631695,20,,Aggregated,8.200000,0.100000,220,300,390,530,2200,3400,4100,4500,7800,8600,9300,188314,1623,220.0,618.6788535302726,29.57810000225436,9264.738799996849,2470.8515139607252
1764631696,20,,Aggregated,8.600000,0.300000,220,300,390,530,2200,3400,4100,4500,7800,8600,9300,188321,1623,220.0,618.6593591766174,29.57810000225436,9264.738799996849,2470.8191598387857
1764631697,20,,Aggregated,8.500000,0.400000,220,300,390,530,2200,3400,4100,4500,7800,8600,9300,188329,1623,220.0,618.638492801957,29.57810000225436,9264.738799996849,2470.8335572322903
1764631698,20,,Aggregated,8.000000,0.400000,220,300,390,530,2200,3400,4100,4500,7800,8600,9300,188334,1623,220.0,618.6249297535218,29.57810000225436,9264.738799996849,2470.848970446122
1764631699,20,,Aggregated,8.000000,0.400000,220,300,390,530,2200,3400,4100,4500,7800,8600,9300,188345,1627,220.0,618.6893457548634,29.57810000225436,9264.738799996849,2470.849409328626
1764631700,20,,Aggregated,7.900000,0.400000,220,300,390,530,2200,3400,4100,4500,7800,8600,9300,188351,1627,220.0,618.6730563771881,29.57810000225436,9264.738799996849,2470.880228934277
1764631701,20,,Aggregated,7.300000,0.400000,220,300,390,530,2200,3400,4100,4500,7800,8600,9300,188358,1627,220.0,618.6555266460665,29.57810000225436,9264.738799996849,2470.897397508999
1764631702,20,,Aggregated,7.800000,0.800000,220,300,390,530,2200,3400,4100,4500,7800,8600,9300,188367,1627,220.0,618.6316233129996,29.57810000225436,9264.738799996849,2470.881603465575
1764631703,20,,Aggregated,7.700000,0.800000,220,300,390,530,2200,3400,4100,4500,7800,8600,9300,188374,1628,220.0,618.6350087448362,29.57810000225436,9264.738799996849,2470.8857167124975
1764631704,20,,Aggregated,7.300000,0.800000,220,300,390,530,2200,3400,4100,4500,7800,8600,9300,188384,1628,220.0,618.6065213399214,29.57810000225436,9264.738799996849,2470.965936597588
1764631705,20,,Aggregated,7.600000,0.700000,220,300,390,530,2200,3400,4100,4500,7800,8600,9300,188391,1628,220.0,618.5900287057224,29.57810000225436,9264.738799996849,2470.961638294823
1764631706,20,,Aggregated,7.300000,0.600000,220,300,390,530,2200,3400,4100,4500,7800,8600,9300,188398,1628,220.0,618.5702894574239,29.57810000225436,9264.738799996849,2470.9770326648904
1764631707,20,,Aggregated,7.500000,0.500000,220,300,390,530,2200,3400,4100,4500,7800,8600,9300,188408,1628,220.0,618.5426471068093,29.57810000225436,9264.738799996849,2470.999384314891
1764631708,20,,Aggregated,7.700000,0.500000,220,300,390,530,2200,3400,4100,4500,7800,8600,9300,188414,1628,220.0,618.5248659351203,29.57810000225436,9264.738799996849,2470.9858503083633
1764631709,29,,Aggregated,7.800000,0.500000,220,300,390,530,2200,3400,4100,4500,7800,8600,9300,188432,1628,220.0,618.47986430967,29.57810000225436,9264.738799996849,2471.5307591067335
1764631710,37,,Aggregated,7.900000,0.500000,220,300,390,530,2200,3400,4100,4500,7800,8600,9300,188458,1628,220.0,618.4292855108285,29.57810000225436,9264.738799996849,2471.420682592408
1764631711,45,,Aggregated,8.000000,0.500000,220,300,390,530,2200,3400,4100,4500,7800,8600,9300,188483,1628,220.0,618.3726519654277,29.57810000225436,9264.738799996849,2471.414631558284
1764631712,53,,Aggregated,8.700000,0.100000,220,300,390,530,2200,3400,4100,4500,7800,8600,9300,188509,1629,220.0,618.3074937217837,29.57810000225436,9264.738799996849,2471.3659931356065
1764631713,62,,Aggregated,10.600000,0.100000,220,300,390,530,2200,3400,4100,4500,7800,8600,9300,188539,1629,220.0,618.2336029076197,29.57810000225436,9264.738799996849,2471.360779467378
1764631714,70,,Aggregated,12.400000,0.100000,220,300,390,530,2200,3400,4100,4500,7800,8600,9300,188569,1629,220.0,618.1584145798074,29.57810000225436,9264.738799996849,2471.3778351690894
1764631716,78,,Aggregated,14.100000,0.200000,220,300,390,520,2200,3400,4100,4500,7800,8600,9300,188609,1629,220.0,618.0577193590957,29.57810000225436,9264.738799996849,2471.3008976241854
1764631717,86,,Aggregated,16.300000,0.100000,220,300,390,520,2200,3400,4100,4500,7800,8600,9300,188652,1630,220.0,617.9715601726972,29.57810000225436,9264.738799996849,2471.2745425439434
1764631718,94,,Aggregated,18.400000,0.100000,220,300,390,520,2200,3400,4100,4500,7800,8600,9300,188697,1630,220.0,617.8582097924169,29.57810000225436,9264.738799996849,2471.3014886299197
1764631719,103,,Aggregated,25.300000,0.200000,220,300,390,520,2200,3400,4100,4500,7800,8600,9300,188744,1639,220.0,617.8088364705619,29.57810000225436,9264.738799996849,2471.0644629763065
1764631720,111,,Aggregated,25.300000,0.200000,220,300,390,520,2200,3400,4100,4500,7800,8600,9300,188791,1642,220.0,617.7322635793005,29.57810000225436,9264.738799996849,2470.955585806527
1764631721,119,,Aggregated,32.800000,1.000000,220,300,390,520,2200,3400,4100,4500,7800,8600,9300,188851,1651,220.0,617.5808701023545,29.57810000225436,9264.738799996849,2470.8251108016375
1764631722,127,,Aggregated,35.800000,1.400000,220,300,390,520,2200,3400,4100,4500,7800,8600,9300,188911,1654,220.0,617.4306917294375,29.57810000225436,9264.738799996849,2470.793601219622
1764631723,135,,Aggregated,39.000000,2.300000,220,300,390,520,2200,3400,4100,4500,7800,8600,9300,188979,1660,220.0,617.2566920361504,29.57810000225436,9264.738799996849,2470.618111007043
1764631724,144,,Aggregated,42.400000,2.600000,220,300,390,520,2200,3400,4100,4500,7800,8600,9300,189038,1662,220.0,617.1018791079023,29.57810000225436,9264.738799996849,2470.5378442429565
1764631725,152,,Aggregated,46.600000,3.100000,220,300,390,520,2200,3400,4100,4500,7800,8600,9300,189102,1662,220.0,616.9276510354181,29.57810000225436,9264.738799996849,2470.6733879070553
1764631726,160,,Aggregated,49.300000,3.200000,220,300,390,520,2200,3400,4100,4500,7800,8600,9300,189191,1662,220.0,616.7436529290483,29.57810000225436,9264.738799996849,2470.566512149098
1764631727,168,,Aggregated,52.500000,3.300000,220,300,390,520,2200,3400,4100,4500,7800,8600,9300,189260,1662,220.0,616.5714316728285,29.57810000225436,9264.738799996849,2470.671050406848
1764631728,176,,Aggregated,56.800000,3.300000,220,300,390,520,2200,3400,4100,4500,7800,8600,9300,189340,1662,220.0,616.3679268538056,29.57810000225436,9264.738799996849,2470.4693408682792
1764631729,185,,Aggregated,59.700000,3.200000,220,300,390,520,2200,3400,4100,4500,7800,8600,9300,189426,1662,220.0,616.1451496235974,29.57810000225436,9264.738799996849,2470.465712204238
1764631730,193,,Aggregated,63.200000,3.200000,220,300,390,520,2200,3400,4100,4500,7800,8600,9300,189506,1662,220.0,615.9448930213267,29.57810000225436,9264.738799996849,2470.401839519593
1764631731,201,,Aggregated,66.800000,2.400000,220,300,390,520,2200,3400,4100,4500,7800,8600,9300,189587,1662,220.0,615.7272729243017,29.57810000225436,9264.738799996849,2470.3713809491155
1764631732,209,,Aggregated,69.700000,2.000000,220,300,390,520,2200,3400,4100,4500,7800,8600,9300,189677,1662,220.0,615.5115179288977,29.57810000225436,9264.738799996849,2470.1768427379175
1764631733,217,,Aggregated,72.500000,1.100000,220,300,390,520,2200,3400,4100,4500,7800,8600,9300,189781,1662,220.0,615.2424316612279,29.57810000225436,9264.738799996849,2470.1419267471456
1764631734,226,,Aggregated,75.300000,0.800000,220,300,390,520,2200,3400,4100,4500,7800,8600,9300,189879,1662,220.0,615.0036431027103,29.57810000225436,9264.738799996849,2470.1464458944906
1764631735,234,,Aggregated,78.700000,0.200000,220,300,390,520,2200,3400,4100,4500,7800,8600,9300,189985,1662,220.0,614.7199328189038,29.57810000225436,9264.738799996849,2469.9444535094876
1764631736,242,,Aggregated,82.300000,0.100000,220,300,390,520,2200,3400,4100,4500,7800,8600,9300,190092,1662,220.0,614.4563678134767,29.57810000225436,9264.738799996849,2469.8835090377293
1764631737,250,,Aggregated,87.100000,0.000000,220,300,390,520,2200,3400,4100,4500,7800,8600,9300,190193,1662,220.0,614.1969626537219,29.57810000225436,9264.738799996849,2469.7247637925684
1764631738,258,,Aggregated,88.800000,0.000000,220,300,390,520,2200,3400,4100,4500,7800,8600,9300,190311,1662,220.0,613.8900280188709,29.57810000225436,9264.738799996849,2469.7513963985266
1764631739,267,,Aggregated,92.700000,0.000000,220,300,390,520,2200,3400,4100,4500,7800,8600,9300,190434,1662,220.0,613.5674816886655,29.57810000225436,9264.738799996849,2469.480376403373
1764631740,275,,Aggregated,95.100000,0.000000,220,300,390,520,2200,3400,4100,4500,7800,8600,9300,190544,1662,220.0,613.2900672374853,29.57810000225436,9264.738799996849,2469.7406058443194
1764631741,283,,Aggregated,99.900000,0.000000,220,300,390,520,2200,3400,4100,4500,7800,8600,9300,190672,1662,220.0,612.9536932811287,29.57810000225436,9264.738799996849,2469.7633580179577
1764631742,291,,Aggregated,102.300000,0.000000,220,300,390,520,2200,3400,4100,4500,7800,8600,9300,190771,1664,220.0,612.7756346640706,29.57810000225436,9264.738799996849,2469.753573656373
1764631743,299,,Aggregated,107.200000,0.000000,220,300,390,520,2200,3400,4100,4500,7800,8600,9300,190924,1675,220.0,612.4403888452969,29.57810000225436,9264.738799996849,2469.5647011376254
1764631744,308,,Aggregated,106.700000,0.000000,220,300,380,520,2200,3400,4100,4500,7800,8600,9300,191029,1679,220.0,612.1601882766461,29.57810000225436,9264.738799996849,2469.338623978558
1764631745,316,,Aggregated,111.200000,0.500000,220,300,380,510,2200,3400,4100,4500,7800,8600,9300,191155,1685,220.0,611.8329755988572,29.57810000225436,9264.738799996849,2469.23091208705
1764631746,324,,Aggregated,114.900000,1.600000,220,300,380,510,2200,3400,4100,4500,7800,8600,9300,191283,1694,220.0,611.5022662620285,29.57810000225436,9264.738799996849,2469.2720994547344
1764631747,332,,Aggregated,114.600000,2.000000,220,300,380,510,2200,3400,4100,4500,7800,8600,9300,191408,1702,220.0,611.3627422782728,29.57810000225436,9264.738799996849,2469.3442280364457
1764631748,340,,Aggregated,117.400000,3.000000,220,300,380,510,2200,3400,4100,4500,7800,8600,9300,191542,1718,220.0,611.4017065432107,29.57810000225436,9264.738799996849,2468.9377629971495
1764631749,348,,Aggregated,118.300000,3.400000,220,300,380,510,2200,3400,4100,4500,7800,8600,9300,191687,1731,220.0,611.187689009686,29.57810000225436,9264.738799996849,2468.7414169975013
1764631750,357,,Aggregated,122.800000,4.900000,220,300,380,510,2200,3400,4100,4500,7800,8600,9300,191839,1745,220.0,610.9511680283972,29.57810000225436,9264.738799996849,2468.557738520322
1764631751,365,,Aggregated,123.200000,6.300000,210,300,380,510,2200,3400,4100,4500,7800,8600,9300,191998,1763,210.0,610.6837586042549,29.57810000225436,9264.738799996849,2468.418697069761
1764631752,373,,Aggregated,126.400000,7.800000,210,300,380,510,2200,3400,4100,4500,7800,8600,9300,192160,1777,210.0,610.3676556203151,29.57810000225436,9264.738799996849,2468.163931099084
1764631753,381,,Aggregated,129.100000,9.600000,210,300,380,510,2200,3400,4100,4500,7800,8600,9300,192326,1799,210.0,609.9634963047105,29.57810000225436,9264.738799996849,2468.089499079688
1764631754,389,,Aggregated,137.600000,11.100000,210,300,380,510,2200,3400,4100,4500,7800,8600,9300,192500,1825,210.0,609.5262807625962,29.57810000225436,9264.738799996849,2467.8429558441558
1764631755,398,,Aggregated,139.800000,12.400000,210,300,380,510,2200,3400,4100,4500,7800,8600,9300,192660,1852,210.0,609.1147733748564,29.57810000225436,9264.738799996849,2467.51617357002
1764631756,406,,Aggregated,144.000000,13.600000,210,300,380,510,2200,3400,4100,4500,7800,8600,9300,192839,1876,210.0,608.6631858166646,29.57810000225436,9264.738799996849,2466.9447207255794
1764631757,422,,Aggregated,148.800000,16.100000,210,300,380,510,2200,3400,4100,4500,7800,8600,9300,193016,1893,210.0,608.2236429674211,29.57810000225436,9264.738799996849,2466.657826294193
1764631758,430,,Aggregated,153.400000,17.400000,210,300,380,510,2200,3400,4100,4500,7800,8600,9300,193186,1930,210.0,607.7895398910887,29.57810000225436,9264.738799996849,2466.2649519116294
1764631759,439,,Aggregated,158.400000,19.200000,210,300,380,510,2100,3400,4100,4500,7800,8600,9300,193345,1955,210.0,607.3787360516171,29.57810000225436,9264.738799996849,2465.8680441697484
1764631760,447,,Aggregated,161.100000,20.800000,210,300,380,510,2100,3400,4100,4500,7800,8600,9300,193482,1970,210.0,607.1479445850255,29.57810000225436,9264.738799996849,2465.6205538499707
1764631761,455,,Aggregated,164.300000,22.100000,210,300,380,510,2100,3400,4100,4500,7800,8600,9300,193664,1988,210.0,606.7628842774077,29.57810000225436,9264.738799996849,2465.4662766440847
1764631762,463,,Aggregated,163.600000,22.400000,210,300,380,510,2100,3400,4100,4500,7800,8600,9300,193829,1997,210.0,606.444781024511,29.57810000225436,9264.738799996849,2465.2283404444124
1764631763,472,,Aggregated,166.500000,22.600000,210,300,380,510,2100,3400,4100,4500,7800,8600,9300,194007,2010,210.0,606.2573007144067,29.57810000225436,9264.738799996849,2464.9984433551367
1764631764,480,,Aggregated,162.900000,21.700000,210,300,380,510,2100,3400,4100,4500,7800,8600,9300,194201,2029,210.0,606.2159415296516,29.57810000225436,9264.738799996849,2464.6101564873507
1764631765,488,,Aggregated,164.900000,21.000000,210,300,380,500,2100,3400,4100,4500,7800,8600,9300,194383,2048,210.0,606.2424718072053,29.57810000225436,9264.738799996849,2464.3162776580257
1764631766,496,,Aggregated,167.800000,20.700000,210,300,380,500,2100,3400,4100,4500,7800,8600,9300,194585,2054,210.0,605.9488061083842,29.57810000225436,9264.738799996849,2464.0413649561888
1764631767,504,,Aggregated,170.100000,19.600000,210,300,380,500,2100,3400,4100,4500,7800,8600,9300,194781,2057,210.0,605.6601571693342,29.57810000225436,9264.738799996849,2463.9712959682925
1764631768,512,,Aggregated,171.500000,18.700000,210,300,380,500,2100,3400,4100,4500,7800,8600,9300,195013,2087,210.0,605.2884473870976,29.57810000225436,9264.738799996849,2463.6863593709136
1764631769,521,,Aggregated,173.000000,16.700000,210,300,380,500,2100,3400,4100,4500,7800,8600,9300,195197,2112,210.0,604.8941925377948,29.57810000225436,9264.738799996849,2463.3380482282
1764631770,529,,Aggregated,178.100000,14.500000,210,300,380,500,2100,3400,4100,4500,7800,8600,9300,195402,2142,210.0,604.5936592337839,29.57810000225436,9264.738799996849,2463.499191410528
1764631771,537,,Aggregated,183.400000,15.500000,210,300,380,500,2100,3400,4100,4500,7800,8600,9300,195591,2170,210.0,604.361795818826,29.57810000225436,9264.738799996849,2463.165334805794
1764631772,545,,Aggregated,186.800000,16.000000,210,300,380,500,2100,3400,4100,4500,7800,8600,9300,195843,2201,210.0,604.0810444396784,28.891699999803677,9264.738799996849,2462.8014889477795
1764631773,553,,Aggregated,190.300000,17.000000,210,300,380,500,2100,3400,4100,4500,7800,8600,9300,196053,2225,210.0,603.6533173366381,28.891699999803677,9264.738799996849,2462.605897384891
1764631774,562,,Aggregated,197.300000,19.400000,210,300,380,500,2100,3400,4100,4500,7800,8600,9300,196278,2236,210.0,603.207190571536,28.891699999803677,9264.738799996849,2462.236985296365
1764631775,570,,Aggregated,200.700000,21.200000,210,300,380,500,2100,3400,4100,4500,7800,8600,9300,196500,2237,210.0,602.7689916366415,28.891699999803677,9264.738799996849,2462.2016641221376
1764631776,578,,Aggregated,202.700000,21.100000,210,300,380,500,2100,3400,4100,4500,7800,8600,9300,196726,2237,210.0,602.2461061201873,28.891699999803677,9264.738799996849,2462.1671410998038
1764631777,586,,Aggregated,206.400000,19.700000,210,300,380,500,2100,3400,4100,4500,7800,8600,9300,196954,2238,210.0,601.8205841176116,28.891699999803677,9264.738799996849,2461.8673598911423
1764631778,594,,Aggregated,211.400000,18.400000,210,300,380,500,2100,3400,4100,4500,7800,8600,9300,197167,2238,210.0,601.4542178219479,28.891699999803677,9264.738799996849,2461.566418315438
1764631779,603,,Aggregated,213.900000,18.300000,210,300,380,500,2100,3400,4100,4500,7800,8600,9300,197378,2249,210.0,601.3992010786404,28.891699999803677,9264.738799996849,2461.8823830416763
1764631780,611,,Aggregated,213.500000,17.400000,210,300,380,500,2100,3400,4100,4500,7800,8600,9300,197616,2252,210.0,601.1453296838305,28.891699999803677,9264.738799996849,2461.7083636952475
1764631781,619,,Aggregated,212.900000,13.800000,210,300,380,500,2100,3400,4100,4500,7800,8600,9300,197837,2253,210.0,600.8975023205959,28.891699999803677,9264.738799996849,2461.586730490252
1764631782,627,,Aggregated,220.000000,12.600000,210,300,380,500,2100,3400,4100,4500,7700,8600,9300,198044,2256,210.0,600.8290660201761,28.891699999803677,9264.738799996849,2461.5273020136938
1764631783,635,,Aggregated,220.100000,9.800000,210,300,380,500,2100,3400,4100,4500,7700,8600,9300,198306,2270,210.0,600.7161179424713,28.891699999803677,9264.738799996849,2461.3280384859763
1764631784,643,,Aggregated,220.700000,6.900000,210,300,380,500,2100,3400,4100,4500,7700,8600,9300,198507,2282,210.0,600.5548539149735,28.891699999803677,9264.738799996849,2461.4189121794193
1764631785,652,,Aggregated,222.000000,5.100000,210,300,380,510,2100,3400,4100,4500,7700,8600,9300,198649,2291,210.0,600.4999830696339,28.891699999803677,9264.738799996849,2461.3939360379363
1764631786,660,,Aggregated,223.400000,4.400000,210,300,380,510,2100,3400,4100,4500,7700,8600,9300,198819,2305,210.0,600.7129453402329,28.891699999803677,9264.738799996849,2461.3524009274765
1764631787,668,,Aggregated,218.700000,4.800000,210,300,380,510,2100,3400,4100,4500,7700,8600,9300,199047,2320,210.0,601.3493213040124,28.891699999803677,9264.738799996849,2460.985857611519
1764631788,676,,Aggregated,210.800000,5.700000,210,300,380,510,2100,3400,4100,4500,7700,8600,9300,199259,2331,210.0,601.9508105315185,28.891699999803677,9264.738799996849,2460.935240064439
1764631789,684,,Aggregated,207.500000,7.500000,210,300,380,510,2100,3400,4100,4500,7700,8600,9300,199452,2342,210.0,602.3753802694375,28.891699999803677,9264.738799996849,2460.945961935704
1764631790,692,,Aggregated,207.300000,8.400000,210,300,390,510,2100,3400,4100,4500,7700,8600,9300,199685,2355,210.0,602.7981047254424,28.891699999803677,9264.738799996849,2460.8761899992487
1764631791,701,,Aggregated,206.500000,9.600000,210,300,390,520,2100,3400,4100,4500,7700,8600,9300,199916,2379,210.0,603.2985202790173,28.891699999803677,9264.738799996849,2460.39478581004
1764631792,709,,Aggregated,203.800000,9.600000,210,300,390,520,2100,3400,4100,4500,7700,8600,9300,200153,2401,210.0,603.5114129046284,28.891699999803677,9264.738799996849,2460.3571417865332
1764631793,717,,Aggregated,204.700000,10.600000,210,300,390,520,2100,3400,4100,4500,7700,8600,9300,200378,2417,210.0,603.7058182559965,28.891699999803677,9264.738799996849,2460.1660112387585
1764631794,725,,Aggregated,207.600000,13.400000,210,300,390,520,2100,3400,4100,4500,7700,8600,9300,200620,2440,210.0,603.8568209655072,28.891699999803677,9264.738799996849,2459.846351310936
1764631795,733,,Aggregated,205.800000,13.900000,210,300,390,520,2100,3400,4100,4500,7700,8600,9300,200826,2465,210.0,604.031273241513,28.891699999803677,9264.738799996849,2459.6985599474174
1764631796,742,,Aggregated,208.200000,14.800000,210,300,390,520,2100,3400,4100,4500,7700,8600,9300,201054,2486,210.0,604.3484913729652,28.891699999803677,9264.738799996849,2459.8435445203777
1764631797,750,,Aggregated,212.700000,16.200000,210,300,390,530,2100,3400,4100,4500,7700,8600,9300,201283,2508,210.0,604.8573552123138,28.891699999803677,9264.738799996849,2459.907875975616
1764631798,758,,Aggregated,217.800000,17.600000,210,300,390,530,2100,3400,4100,4500,7700,8600,9300,201506,2522,210.0,605.2594913650215,28.891699999803677,9264.738799996849,2459.7982194078586
1764631799,766,,Aggregated,221.700000,17.600000,210,300,390,530,2100,3400,4100,4500,7700,8600,9300,201739,2537,210.0,605.5958522804215,28.891699999803677,9264.738799996849,2460.161079414491
1764631800,774,,Aggregated,221.800000,19.000000,210,300,390,530,2100,3400,4100,4500,7700,8600,9300,201980,2550,210.0,605.9759830280221,28.891699999803677,9264.738799996849,2460.279720764432
1764631801,783,,Aggregated,224.400000,19.200000,210,300,390,530,2100,3400,4100,4500,7700,8600,9300,202200,2562,210.0,606.2347877992084,28.891699999803677,9264.738799996849,2460.1283382789316
1764631802,791,,Aggregated,227.900000,19.300000,220,300,390,530,2100,3400,4100,4500,7700,8600,9300,202445,2583,220.0,606.5612707530431,28.891699999803677,9264.738799996849,2460.3072488824123
1764631803,799,,Aggregated,227.300000,19.400000,220,300,390,530,2100,3400,4100,4500,7700,8600,9300,202718,2607,220.0,606.931395263863,28.891699999803677,9264.738799996849,2459.8625430400853
1764631804,807,,Aggregated,226.200000,18.000000,220,300,390,540,2100,3400,4100,4500,7700,8600,9300,202931,2625,220.0,607.3154170792034,28.891699999803677,9264.738799996849,2459.568671124668
1764631805,815,,Aggregated,229.000000,18.400000,220,300,400,540,2100,3400,4100,4500,7700,8600,9300,203164,2628,220.0,607.7653859532194,28.891699999803677,9264.738799996849,2459.163247425725
1764631806,824,,Aggregated,229.300000,18.400000,220,300,400,540,2100,3400,4100,4500,7700,8600,9300,203407,2628,220.0,608.3458522543459,28.891699999803677,9264.738799996849,2459.078168401284
1764631807,832,,Aggregated,229.000000,18.200000,220,300,400,540,2100,3400,4100,4500,7700,8600,9300,203652,2628,220.0,609.0179556527798,28.891699999803677,9264.738799996849,2458.885260149667
1764631808,840,,Aggregated,230.900000,15.800000,220,300,400,540,2100,3400,4100,4500,7700,8600,9300,203847,2628,220.0,609.5585861523588,28.891699999803677,9264.738799996849,2459.0983973274074
1764631809,848,,Aggregated,234.200000,13.900000,220,300,400,550,2100,3400,4100,4500,7700,8600,9300,204113,2628,220.0,610.5070171581422,28.891699999803677,9264.738799996849,2459.3285533013577
1764631810,856,,Aggregated,233.900000,11.600000,220,300,400,550,2100,3400,4100,4500,7700,8600,9300,204404,2628,220.0,611.4585089949317,28.891699999803677,9264.738799996849,2459.1024588559912
1764631811,864,,Aggregated,232.000000,10.100000,220,300,400,550,2100,3400,4100,4500,7700,8600,9300,204684,2628,220.0,611.8926170130541,28.891699999803677,9264.738799996849,2458.921425221317
1764631812,873,,Aggregated,234.800000,8.900000,220,310,400,550,2100,3400,4100,4500,7700,8600,9300,204968,2628,220.0,612.3843014255875,28.891699999803677,9264.738799996849,2458.921192576402
1764631813,881,,Aggregated,240.500000,7.600000,220,310,400,550,2100,3400,4100,4500,7700,8600,9300,205266,2628,220.0,612.4780762371746,28.891699999803677,9264.738799996849,2458.411924040026
1764631814,889,,Aggregated,245.700000,6.100000,220,310,400,550,2100,3400,4100,4500,7700,8600,9300,205573,2628,220.0,612.9248980994574,28.891699999803677,9264.738799996849,2457.93226250529
1764631815,897,,Aggregated,250.600000,4.100000,220,310,400,550,2100,3400,4100,4500,7700,8600,9300,205866,2628,220.0,612.9921817667795,28.891699999803677,9264.738799996849,2457.3418777262877
1764631816,905,,Aggregated,253.600000,2.000000,220,310,400,550,2100,3400,4100,4500,7700,8600,9300,206159,2628,220.0,613.290937786368,28.891699999803677,9264.738799996849,2456.6936830310588
1764631817,914,,Aggregated,262.200000,0.000000,220,310,400,550,2100,3400,4100,4500,7700,8600,9300,206397,2628,220.0,613.5607346007928,28.891699999803677,9264.738799996849,2456.3371173030614
1764631818,922,,Aggregated,268.600000,0.000000,220,310,400,560,2100,3400,4100,4500,7700,8600,9300,206699,2628,220.0,614.2271381588673,28.891699999803677,9264.738799996849,2456.2713075534957
1764631819,930,,Aggregated,272.400000,0.000000,220,310,410,560,2100,3400,4100,4500,7700,8600,9300,206977,2628,220.0,614.7966816085832,28.891699999803677,9264.738799996849,2456.2658121433783
1764631820,938,,Aggregated,274.900000,0.000000,220,310,410,560,2100,3400,4100,4500,7700,8600,9300,207262,2635,220.0,615.3742355144686,28.891699999803677,9264.738799996849,2456.0205729945674
1764631821,946,,Aggregated,283.600000,0.000000,220,310,410,570,2100,3400,4100,4500,7700,8600,9300,207515,2652,220.0,615.9703019237156,28.891699999803677,9264.738799996849,2455.6788473122424
1764631823,955,,Aggregated,283.500000,0.700000,220,310,410,570,2100,3400,4100,4500,7700,8600,9300,207824,2688,220.0,616.7074386230648,28.891699999803677,9264.738799996849,2455.552241319578
1764631824,963,,Aggregated,280.800000,2.400000,220,310,410,570,2100,3400,4100,4500,7700,8600,9300,208143,2706,220.0,617.2485145625831,28.891699999803677,9264.738799996849,2455.253969626651
1764631825,971,,Aggregated,282.100000,6.000000,220,310,410,580,2100,3400,4100,4500,7700,8600,9300,208365,2729,220.0,617.6181526124818,28.891699999803677,9264.738799996849,2454.9046240971375
1764631826,979,,Aggregated,284.800000,7.800000,220,310,410,580,2100,3400,4100,4500,7700,8600,9300,208637,2751,220.0,618.4000390462855,28.891699999803677,9264.738799996849,2454.7729213897824
1764631827,987,,Aggregated,277.400000,10.100000,220,310,420,590,2100,3400,4100,4500,7700,8600,9300,208987,2768,220.0,619.4760287022631,28.891699999803677,9264.738799996849,2454.8360424332614
1764631828,996,,Aggregated,274.700000,12.300000,220,310,420,590,2100,3400,4100,4500,7700,8600,9300,209285,2792,220.0,619.9812514532806,28.891699999803677,9264.738799996849,2454.565898177127
1764631829,1000,,Aggregated,280.900000,14.000000,220,310,420,590,2100,3400,4100,4500,7700,8600,9300,209558,2823,220.0,620.4708194872053,28.891699999803677,9264.738799996849,2454.0990704244173
1764631830,1000,,Aggregated,286.900000,16.400000,220,310,420,590,2100,3400,4100,4500,7700,8600,9300,209882,2846,220.0,621.3369725369475,28.891699999803677,9264.738799996849,2454.1563259355257
1764631831,1000,,Aggregated,283.900000,19.500000,220,310,420,590,2100,3400,4100,4500,7700,8600,9300,210201,2878,220.0,621.7222379617582,28.891699999803677,9264.738799996849,2453.7783074295553
1764631832,1000,,Aggregated,288.000000,21.800000,220,310,420,590,2100,3400,4100,4500,7700,8600,9300,210418,2900,220.0,622.1844965212085,28.891699999803677,9264.738799996849,2453.6667965668335
1764631833,1000,,Aggregated,292.400000,24.100000,220,310,420,600,2100,3400,4100,4500,7700,8600,9300,210750,2900,220.0,622.9963311468551,28.891699999803677,9264.738799996849,2453.557309608541
1764631834,1000,,Aggregated,288.900000,24.800000,220,310,420,600,2100,3400,4100,4500,7700,8600,9300,211050,2900,220.0,623.7099181554121,28.891699999803677,9264.738799996849,2453.318611703388
1764631835,1000,,Aggregated,290.800000,21.200000,220,310,430,600,2100,3400,4100,4500,7700,8600,9300,211321,2900,220.0,624.2144132802683,28.891699999803677,9264.738799996849,2452.7543405529977
1764631836,1000,,Aggregated,289.100000,19.400000,220,310,430,610,2100,3400,4100,4500,7700,8600,9300,211622,2900,220.0,624.9270151170464,28.891699999803677,9264.738799996849,2452.5933267807695
1764631837,1000,,Aggregated,293.700000,17.100000,220,310,430,610,2100,3400,4100,4500,7700,8600,9300,211901,2900,220.0,625.7157669539059,28.891699999803677,9264.738799996849,2452.567543333915
1764631838,1000,,Aggregated,296.800000,14.900000,220,310,430,620,2100,3400,4100,4500,7700,8600,9300,212205,2900,220.0,626.3592966588893,28.891699999803677,9264.738799996849,2452.366734996819
1764631839,1000,,Aggregated,289.000000,13.200000,220,320,430,620,2100,3400,4100,4500,7700,8600,9300,212473,2900,220.0,627.0458357871329,28.891699999803677,9264.738799996849,2452.151788697858
1764631840,1000,,Aggregated,290.200000,10.800000,220,320,430,620,2200,3400,4100,4500,7700,8600,9300,212761,2900,220.0,627.9486764858195,28.891699999803677,9264.738799996849,2451.9340997645245
1764631841,1000,,Aggregated,289.300000,7.700000,230,320,440,630,2200,3400,4100,4500,7600,8600,9300,213055,2900,230.0,628.7218135856913,28.891699999803677,9264.738799996849,2451.657712797165
1764631842,1000,,Aggregated,285.400000,5.400000,230,320,440,630,2200,3400,4100,4500,7600,8600,9300,213315,2900,230.0,629.4926779532597,28.891699999803677,9264.738799996849,2451.608475728383
1764631843,1000,,Aggregated,283.700000,2.400000,230,320,440,630,2200,3400,4100,4500,7600,8600,9300,213619,2900,230.0,630.479923304572,28.891699999803677,9264.738799996849,2451.469649235321
1764631844,1000,,Aggregated,287.900000,0.000000,230,320,440,640,2200,3400,4100,4500,7600,8600,9300,213925,2900,230.0,631.0343136094392,28.891699999803677,9264.738799996849,2451.458384947996
1764631845,1000,,Aggregated,283.600000,0.000000,230,320,440,640,2200,3400,4100,4500,7600,8600,9300,214173,2900,230.0,631.5949210367284,28.891699999803677,9264.738799996849,2451.1659312798533
1764631846,1000,,Aggregated,285.700000,0.000000,230,320,440,640,2200,3400,4100,4500,7600,8600,9300,214468,2900,230.0,632.560174080978,28.891699999803677,9264.738799996849,2451.0396655911372
1764631847,1000,,Aggregated,282.700000,0.000000,230,320,450,650,2200,3400,4100,4500,7600,8600,9300,214757,2900,230.0,633.3792449070315,28.891699999803677,9264.738799996849,2450.912729270757
1764631848,1000,,Aggregated,282.100000,0.000000,230,320,450,650,2200,3400,4100,4500,7600,8600,9300,215001,2900,230.0,633.9838978846578,28.891699999803677,9264.738799996849,2450.4842907707407
1764631849,1000,,Aggregated,284.500000,0.000000,230,320,450,660,2200,3400,4100,4500,7600,8600,9300,215284,2900,230.0,634.8472105669692,28.891699999803677,9264.738799996849,2450.0206471451665
1764631850,1000,,Aggregated,277.900000,0.000000,230,320,450,660,2200,3400,4100,4500,7600,8600,9300,215580,2900,230.0,635.8848412130045,28.891699999803677,9264.738799996849,2449.914681324798
1764631851,1000,,Aggregated,277.800000,0.000000,230,320,450,660,2200,3400,4100,4500,7600,8600,9300,215878,2900,230.0,636.5279393217422,28.891699999803677,9264.738799996849,2449.6521924420276
1764631852,1000,,Aggregated,281.100000,0.000000,230,320,450,670,2200,3400,4100,4500,7600,8600,9300,216208,2900,230.0,637.257973543528,28.891699999803677,9264.738799996849,2449.4771793828168
1764631853,1000,,Aggregated,280.000000,0.000000,230,320,460,670,2200,3400,4100,4500,7600,8600,9300,216523,2900,230.0,637.8921844884796,28.891699999803677,9264.738799996849,2449.345621481321
1764631854,1000,,Aggregated,285.400000,0.000000,230,320,460,670,2200,3400,4100,4500,7600,8600,9300,216839,2900,230.0,638.3229280512234,28.891699999803677,9264.738799996849,2449.352819372899
1764631855,1000,,Aggregated,288.300000,0.000000,230,320,460,670,2200,3400,4100,4500,7600,8600,9300,217095,2900,230.0,638.6741428568105,28.891699999803677,9264.738799996849,2449.1114212671873
1764631856,1000,,Aggregated,288.400000,0.000000,230,320,460,680,2200,3400,4100,4500,7600,8600,9300,217409,2900,230.0,639.4662125128173,28.891699999803677,9264.738799996849,2449.0939611515623
1764631857,1000,,Aggregated,291.100000,0.000000,230,320,460,680,2200,3400,4100,4500,7600,8600,9300,217679,2900,230.0,640.0415457830078,28.891699999803677,9264.738799996849,2449.0205669816564
1764631858,1000,,Aggregated,291.500000,0.000000,230,320,460,680,2200,3400,4100,4500,7600,8600,9300,217930,2900,230.0,640.6919523264322,28.891699999803677,9264.738799996849,2448.8897306474555
1764631859,1000,,Aggregated,290.100000,0.000000,230,330,470,690,2200,3400,4100,4500,7600,8600,9300,218241,2900,230.0,641.6823036042679,28.891699999803677,9264.738799996849,2448.895317561778
1764631860,1000,,Aggregated,290.100000,0.000000,230,330,470,690,2200,3400,4100,4500,7600,8600,9300,218521,2900,230.0,642.3991275300725,28.891699999803677,9264.738799996849,2448.5560655497643
1764631861,1000,,Aggregated,294.800000,0.000000,230,330,470,690,2200,3400,4100,4500,7600,8600,9300,218796,2900,230.0,643.175559480973,28.891699999803677,9264.738799996849,2448.529356112543
1764631862,1000,,Aggregated,292.300000,0.000000,230,330,470,700,2200,3400,4100,4500,7600,8600,9300,219095,2900,230.0,643.9791013665248,28.891699999803677,9264.738799996849,2448.633218466875
1764631863,1000,,Aggregated,289.100000,0.000000,230,330,470,700,2200,3400,4100,4500,7600,8600,9300,219438,2900,230.0,644.622578153732,28.891699999803677,9264.738799996849,2448.4533900236056
1764631864,1000,,Aggregated,286.600000,0.000000,230,330,470,700,2200,3400,4100,4500,7600,8600,9300,219690,2900,230.0,644.8907230934437,28.891699999803677,9264.738799996849,2447.8739769675453
1764631865,1000,,Aggregated,290.200000,0.000000,230,330,480,700,2200,3400,4100,4500,7600,8600,9300,219943,2900,230.0,645.4804314445042,28.891699999803677,9264.738799996849,2447.391692393029
1764631866,1000,,Aggregated,284.800000,0.000000,230,330,480,710,2200,3400,4100,4500,7600,8600,9300,220218,2900,230.0,646.3683625720797,28.891699999803677,9264.738799996849,2447.612874515253
1764631867,1000,,Aggregated,282.800000,0.000000,230,330,480,710,2200,3500,4100,4500,7600,8600,9300,220488,2900,230.0,647.1922714569419,28.891699999803677,9264.738799996849,2447.4011828308116
1764631868,1000,,Aggregated,280.800000,0.000000,230,330,480,710,2200,3500,4100,4500,7600,8600,9300,220736,2900,230.0,648.0213057317261,28.891699999803677,9264.738799996849,2447.079610937953
1764631869,1000,,Aggregated,279.200000,0.000000,230,330,480,720,2200,3500,4100,4500,7600,8600,9300,220990,2900,230.0,648.9784133870236,28.891699999803677,9264.738799996849,2446.982718675053
1764631870,1000,,Aggregated,277.000000,0.000000,230,330,480,720,2200,3500,4100,4500,7600,8600,9300,221295,2900,230.0,650.2528189895769,28.891699999803677,9264.738799996849,2446.9446937346074
1764631871,1000,,Aggregated,272.800000,0.000000,230,330,480,720,2200,3500,4100,4500,7600,8600,9300,221629,2900,230.0,651.1415225976672,28.891699999803677,9264.738799996849,2446.6355395728897
1764631872,1000,,Aggregated,273.900000,0.000000,230,330,490,730,2200,3500,4100,4500,7600,8600,9300,221926,2900,230.0,652.2461761104976,28.891699999803677,9264.738799996849,2446.3823797121563
1764631873,1000,,Aggregated,280.400000,0.000000,240,330,490,730,2200,3500,4100,4500,7600,8600,9300,222205,2900,240.0,652.9775291627024,28.891699999803677,9264.738799996849,2446.380797011768
1764631874,1000,,Aggregated,278.500000,0.000000,240,330,490,730,2200,3500,4100,4500,7600,8600,9300,222481,2900,240.0,653.4969582337286,28.891699999803677,9264.738799996849,2446.084218427641
1764631875,1000,,Aggregated,273.700000,0.000000,240,330,490,730,2200,3500,4100,4500,7600,8600,9300,222779,2900,240.0,654.1515077471307,28.891699999803677,9264.738799996849,2445.936977901867
1764631876,1000,,Aggregated,273.800000,0.000000,240,330,490,740,2200,3500,4100,4500,7600,8600,9300,223060,2900,240.0,654.7541894629159,28.891699999803677,9264.738799996849,2445.7087465255986
1764631877,1000,,Aggregated,279.200000,0.000000,240,330,500,740,2200,3500,4100,4500,7600,8600,9300,223372,2900,240.0,655.5559749686531,28.891699999803677,9264.738799996849,2445.7650376949664
1764631878,1000,,Aggregated,278.700000,0.000000,240,330,500,740,2200,3500,4100,4500,7600,8600,9300,223636,2900,240.0,656.1306808537004,28.891699999803677,9264.738799996849,2445.757570337513
1764631879,1000,,Aggregated,281.400000,0.000000,240,330,500,740,2200,3500,4100,4500,7600,8600,9300,223916,2900,240.0,656.7256622921007,28.891699999803677,9264.738799996849,2445.6722431626144
1764631880,1000,,Aggregated,288.600000,0.000000,240,330,500,750,2200,3500,4100,4500,7600,8600,9300,224210,2900,240.0,657.570960127105,28.891699999803677,9264.738799996849,2445.601850943312
1764631881,1000,,Aggregated,288.400000,0.000000,240,330,500,750,2200,3500,4100,4500,7600,8600,9300,224513,2900,240.0,658.2032703224229,28.891699999803677,9264.738799996849,2445.348933023923
1764631882,1000,,Aggregated,287.700000,0.000000,240,330,500,750,2200,3500,4100,4500,7600,8600,9300,224793,2900,240.0,658.924248263505,28.891699999803677,9264.738799996849,2445.03817734538
1764631883,1000,,Aggregated,283.400000,0.000000,240,340,500,750,2200,3500,4100,4500,7600,8600,9300,225087,2900,240.0,659.5647690657302,28.891699999803677,9264.738799996849,2444.6437732965474
1764631884,1000,,Aggregated,284.800000,0.000000,240,340,510,760,2200,3500,4200,4500,7600,8600,9300,225365,2900,240.0,660.2166490572979,28.891699999803677,9264.738799996849,2444.788503094979
1764631885,1000,,Aggregated,285.200000,0.000000,240,340,510,760,2300,3500,4200,4600,7600,8600,9300,225632,2900,240.0,660.8058987692253,28.891699999803677,9264.738799996849,2444.648148312296
1764631886,1000,,Aggregated,286.200000,0.000000,240,340,510,760,2300,3500,4200,4600,7600,8600,9300,225964,2900,240.0,661.5620620687278,28.891699999803677,9264.738799996849,2444.3580526101505
1764631887,1000,,Aggregated,284.100000,0.000000,240,340,510,760,2300,3500,4200,4600,7600,8600,9300,226246,2900,240.0,662.2450114379837,28.891699999803677,9264.738799996849,2444.2102225011713
1764631888,1000,,Aggregated,288.000000,0.000000,240,340,510,760,2300,3500,4200,4600,7600,8600,9300,226499,2900,240.0,662.8723320191174,28.891699999803677,9264.738799996849,2444.077037867717
1764631889,1000,,Aggregated,289.500000,0.000000,240,340,520,770,2300,3500,4200,4600,7600,8600,9300,226761,2900,240.0,663.7317758397518,28.891699999803677,9264.738799996849,2444.0115672448082
1764631890,1000,,Aggregated,283.400000,0.000000,240,340,520,770,2300,3500,4200,4600,7600,8600,9300,227033,2900,240.0,664.6171630432495,28.891699999803677,9264.738799996849,2444.1846824029985
1764631891,1000,,Aggregated,285.600000,0.000000,240,340,520,770,2300,3500,4200,4600,7600,8600,9300,227340,2900,240.0,665.4498789838923,28.891699999803677,9264.738799996849,2444.1010160992346
1764631892,1000,,Aggregated,282.000000,0.000000,240,340,520,770,2300,3500,4200,4600,7600,8600,9300,227628,2900,240.0,666.3108486135196,28.891699999803677,9264.738799996849,2444.1288989052314
1764631893,1000,,Aggregated,281.400000,0.000000,240,340,520,780,2300,3500,4200,4600,7600,8600,9300,227950,2900,240.0,667.1493578025792,28.891699999803677,9264.738799996849,2444.088194779557
1764631894,1000,,Aggregated,281.700000,0.000000,240,340,530,780,2300,3500,4200,4600,7600,8600,9300,228256,2900,240.0,667.5809999942951,28.891699999803677,9264.738799996849,2443.688205348381
1764631895,1000,,Aggregated,283.800000,0.000000,240,340,530,780,2300,3500,4200,4600,7600,8600,9300,228523,2900,240.0,667.9861256017904,28.891699999803677,9264.738799996849,2443.35960056537
1764631896,1000,,Aggregated,286.700000,0.000000,240,340,530,780,2300,3500,4200,4600,7600,8600,9300,228756,2900,240.0,668.5343972520843,28.891699999803677,9264.738799996849,2443.115756526605
1764631897,1000,,Aggregated,287.900000,0.000000,240,340,530,780,2300,3500,4200,4600,7600,8600,9300,229072,2900,240.0,669.4586686709761,28.891699999803677,9264.738799996849,2443.2355372983166
1764631898,1000,,Aggregated,281.700000,0.000000,240,340,530,790,2300,3500,4200,4600,7600,8600,9300,229317,2900,240.0,670.0348154541438,28.891699999803677,9264.738799996849,2443.3101819751696
1764631899,1000,,Aggregated,276.400000,0.000000,240,340,530,790,2300,3500,4200,4600,7600,8600,9300,229573,2900,240.0,670.7379686348055,28.891699999803677,9264.738799996849,2443.251018194648
1764631900,1000,,Aggregated,280.500000,0.000000,240,340,540,790,2300,3500,4200,4600,7600,8600,9300,229859,2900,240.0,671.4346794413008,28.891699999803677,9264.738799996849,2442.7123845487886
1764631901,1000,,Aggregated,277.300000,0.000000,240,340,540,790,2300,3500,4200,4600,7600,8600,9300,230143,2900,240.0,672.4777591949274,28.891699999803677,9264.738799996849,2442.6086389766365
1764631902,1000,,Aggregated,280.100000,0.000000,240,340,540,800,2300,3500,4200,4600,7600,8600,9300,230421,2900,240.0,673.4226094704826,28.891699999803677,9264.738799996849,2442.812009322067
1764631903,1000,,Aggregated,279.300000,0.000000,240,340,540,800,2300,3500,4200,4600,7600,8600,9300,230746,2900,240.0,673.9901811615284,28.891699999803677,9264.738799996849,2442.6371074688186
1764631904,1000,,Aggregated,279.100000,0.000000,240,340,540,800,2300,3500,4200,4600,7600,8600,9300,231039,2900,240.0,674.4430821281179,28.891699999803677,9264.738799996849,2442.5440423478285
1764631905,1000,,Aggregated,274.000000,0.000000,240,350,540,800,2300,3500,4200,4600,7600,8600,9300,231340,2900,240.0,675.2991793265246,28.891699999803677,9264.738799996849,2442.196286850523
1764631906,1000,,Aggregated,276.000000,0.000000,240,350,540,800,2300,3500,4200,4600,7600,8600,9300,231625,2900,240.0,675.7278453336128,28.891699999803677,9264.738799996849,2441.937515380464
1764631907,1000,,Aggregated,277.000000,0.000000,240,350,550,800,2300,3500,4200,4600,7600,8600,9300,231893,2900,240.0,676.1491318207021,28.891699999803677,9264.738799996849,2441.8426213814128
1764631908,1000,,Aggregated,282.100000,0.000000,240,350,550,810,2300,3500,4200,4600,7600,8600,9300,232186,2900,240.0,677.0777828762207,28.891699999803677,9264.738799996849,2441.902853746565
1764631909,1000,,Aggregated,283.000000,0.000000,240,350,550,810,2300,3500,4200,4600,7600,8600,9300,232443,2900,240.0,677.7242706117128,28.891699999803677,9264.738799996849,2441.9138240342795
1764631910,1000,,Aggregated,280.700000,0.000000,240,350,550,810,2300,3500,4200,4600,7600,8600,9300,232692,2900,240.0,678.2562997756633,28.891699999803677,9264.738799996849,2441.7435794956423
1764631911,1000,,Aggregated,286.500000,0.000000,240,350,550,810,2300,3500,4200,4600,7600,8600,9300,232926,2900,240.0,678.8802826773252,28.891699999803677,9264.738799996849,2441.649579694839
1764631912,1000,,Aggregated,281.800000,0.000000,240,350,550,810,2300,3500,4200,4600,7500,8600,9300,233191,2900,240.0,679.9470018975799,28.891699999803677,9264.738799996849,2441.801360258329
1764631913,1000,,Aggregated,279.800000,0.000000,240,350,560,820,2300,3500,4200,4600,7500,8600,9300,233458,2900,240.0,680.9889577649884,28.891699999803677,9264.738799996849,2441.790429113588
1764631914,1000,,Aggregated,275.500000,0.000000,250,350,560,820,2300,3500,4200,4600,7500,8600,9300,233711,2900,250.0,682.0921770186202,28.891699999803677,9264.738799996849,2441.950960802016
1764631915,1000,,Aggregated,274.900000,0.000000,250,350,560,820,2300,3500,4200,4600,7500,8600,9300,233976,2900,250.0,683.0421432210935,28.891699999803677,9264.738799996849,2441.730062057647
1764631916,1000,,Aggregated,267.000000,0.000000,250,350,560,830,2300,3600,4200,4600,7500,8600,9300,234280,2900,250.0,684.0883127441468,28.891699999803677,9264.738799996849,2441.7110935632577
1764631917,1000,,Aggregated,263.800000,0.000000,250,350,560,830,2400,3600,4200,4700,7500,8600,9300,234557,2900,250.0,685.0133588607406,28.891699999803677,9264.738799996849,2441.7035944354675
1764631918,1000,,Aggregated,258.800000,0.000000,250,350,560,830,2400,3600,4200,4700,7500,8600,9300,234817,2900,250.0,685.7851138448179,28.891699999803677,9264.738799996849,2441.552826243415
1764631919,1000,,Aggregated,263.800000,0.000000,250,350,570,830,2400,3600,4200,4700,7500,8600,9300,235116,2900,250.0,686.6120482833954,28.891699999803677,9264.738799996849,2441.5816448051173
1764631920,1000,,Aggregated,264.400000,0.000000,250,350,570,830,2400,3600,4200,4700,7500,8600,9300,235418,2900,250.0,687.6704546848548,28.891699999803677,9264.738799996849,2441.6886601704205
1764631921,1000,,Aggregated,262.000000,0.000000,250,350,570,830,2400,3600,4200,4700,7500,8600,9300,235731,2900,250.0,688.3467655475913,28.891699999803677,9264.738799996849,2441.5879752769047
1764631922,1000,,Aggregated,268.400000,0.000000,250,350,570,840,2400,3600,4200,4700,7500,8600,9300,236030,2900,250.0,688.8147428178582,28.891699999803677,9264.738799996849,2441.3606194127865
1764631923,1000,,Aggregated,271.700000,0.000000,250,350,570,840,2400,3600,4200,4700,7500,8600,9300,236346,2900,250.0,689.2940631117044,28.891699999803677,9264.738799996849,2441.1288069186703
1764631924,1000,,Aggregated,279.500000,0.000000,250,350,570,840,2400,3600,4200,4700,7500,8600,9300,236634,2900,250.0,689.8075912172342,28.891699999803677,9264.738799996849,2441.2341675329835
1764631925,1000,,Aggregated,281.100000,0.000000,250,350,580,840,2400,3600,4300,4700,7500,8600,9300,236929,2900,250.0,690.2255939897566,28.891699999803677,9264.738799996849,2441.09816864968
1764631926,1000,,Aggregated,287.900000,0.000000,250,350,580,840,2400,3600,4300,4700,7500,8600,9300,237210,2900,250.0,690.6227990704384,28.891699999803677,9264.738799996849,2440.8505965178533
1764631927,1000,,Aggregated,288.700000,0.000000,250,350,580,840,2400,3600,4300,4700,7500,8600,9300,237487,2900,250.0,690.9580912454096,28.891699999803677,9264.738799996849,2440.5118722287957
1764631928,1000,,Aggregated,293.000000,0.000000,250,350,580,840,2400,3600,4300,4700,7500,8600,9300,237780,2900,250.0,691.7621365232512,28.891699999803677,9264.738799996849,2440.80918075532
1764631929,1000,,Aggregated,289.400000,0.000000,250,360,580,840,2400,3600,4300,4700,7500,8600,9300,238075,2900,250.0,692.4667596979887,28.891699999803677,9264.738799996849,2440.820220518744
1764631930,1000,,Aggregated,290.800000,0.000000,250,360,580,850,2400,3600,4300,4700,7500,8600,9300,238377,2900,250.0,693.1090658310086,28.891699999803677,9264.738799996849,2440.716730221456
1764631931,1000,,Aggregated,291.400000,0.000000,250,360,580,850,2400,3600,4300,4700,7500,8600,9300,238663,2900,250.0,693.5653857837129,28.891699999803677,9264.738799996849,2440.700544282105
1764631932,1000,,Aggregated,291.500000,0.000000,250,360,590,850,2400,3600,4300,4700,7500,8600,9300,238965,2900,250.0,694.1294611637616,28.891699999803677,9264.738799996849,2440.491779130835
1764631933,1000,,Aggregated,293.500000,0.000000,250,360,590,850,2400,3600,4300,4700,7500,8600,9300,239246,2900,250.0,694.596902423858,28.891699999803677,9264.738799996849,2440.190473403944
1764631934,1000,,Aggregated,289.900000,0.000000,250,360,590,850,2400,3600,4300,4700,7500,8600,9300,239502,2900,250.0,695.1090383934078,28.891699999803677,9264.738799996849,2440.022317141402
1764631935,1000,,Aggregated,291.400000,0.000000,250,360,590,850,2400,3600,4300,4700,7500,8600,9300,239783,2900,250.0,695.6992981228781,28.891699999803677,9264.738799996849,2440.020526893066
1764631936,1000,,Aggregated,286.600000,0.000000,250,360,590,860,2400,3600,4300,4700,7500,8600,9300,240068,2900,250.0,696.4180241768922,28.891699999803677,9264.738799996849,2440.3214880783776
1764631937,1000,,Aggregated,284.500000,0.000000,250,360,590,860,2400,3600,4300,4700,7500,8600,9300,240372,2900,250.0,697.0800462071205,28.891699999803677,9264.738799996849,2440.162132028689
1764631938,1000,,Aggregated,284.000000,0.000000,250,360,590,860,2400,3600,4300,4700,7500,8600,9300,240680,2900,250.0,697.6753119324321,28.891699999803677,9264.738799996849,2440.022698188466
1764631939,1000,,Aggregated,284.500000,0.000000,250,360,590,860,2400,3600,4300,4800,7500,8600,9300,240976,2900,250.0,698.3387336435895,28.891699999803677,9264.738799996849,2439.833323650488
1764631940,1000,,Aggregated,288.100000,0.000000,250,360,590,860,2400,3600,4300,4800,7500,8600,9300,241341,2900,250.0,698.9059055924923,28.891699999803677,9264.738799996849,2439.6863690794353
1764631941,1000,,Aggregated,288.600000,0.000000,250,360,600,860,2400,3600,4300,4800,7500,8600,9300,241642,2900,250.0,699.3034382768634,28.891699999803677,9264.738799996849,2439.6748661242664
1764631942,1000,,Aggregated,287.800000,0.000000,250,360,600,860,2400,3600,4300,4800,7500,8600,9300,241909,2900,250.0,699.5954638442462,28.891699999803677,9264.738799996849,2439.4071158989536
1764631944,1000,,Aggregated,293.400000,0.000000,250,360,600,860,2400,3600,4300,4800,7500,8600,9300,242212,2900,250.0,699.9806220360591,28.891699999803677,9264.738799996849,2439.386752101465
1764631945,1000,,Aggregated,291.600000,0.000000,250,360,600,860,2400,3600,4300,4800,7500,8600,9300,242463,2900,250.0,700.2777881788057,28.891699999803677,9264.738799996849,2439.177952924776
1764631946,1000,,Aggregated,294.800000,0.000000,250,360,600,860,2400,3600,4300,4800,7500,8600,9300,242736,2900,250.0,700.6312687817125,28.891699999803677,9264.738799996849,2438.8038527453696
1764631947,1000,,Aggregated,294.200000,0.000000,250,360,600,860,2400,3600,4300,4800,7500,8600,9300,243035,2900,250.0,701.438400145236,28.891699999803677,9264.738799996849,2438.5915567716584
1764631948,1000,,Aggregated,292.200000,0.000000,250,360,600,870,2400,3600,4300,4800,7500,8600,9300,243290,2900,250.0,701.9960977360246,28.891699999803677,9264.738799996849,2438.4335977639853
1764631949,1000,,Aggregated,293.800000,0.000000,250,360,600,870,2400,3600,4300,4800,7500,8600,9300,243579,2900,250.0,702.602080089817,28.891699999803677,9264.738799996849,2438.4564843438884
1764631950,1000,,Aggregated,288.200000,0.000000,250,360,600,870,2400,3600,4300,4800,7500,8600,9300,243858,2900,250.0,703.2956703897246,28.891699999803677,9264.738799996849,2438.521824176365
1764631951,1000,,Aggregated,287.300000,0.000000,250,360,610,870,2400,3600,4300,4800,7500,8600,9300,244128,2900,250.0,704.4337537693242,28.891699999803677,9264.738799996849,2438.6926366496264
1764631952,1000,,Aggregated,285.100000,0.000000,250,360,610,870,2400,3600,4300,4800,7500,8600,9300,244397,2900,250.0,704.9934166110767,28.891699999803677,9264.738799996849,2438.547752222818
1764631953,1000,,Aggregated,277.100000,0.000000,250,360,610,880,2400,3600,4300,4800,7500,8600,9300,244728,2900,250.0,705.6832900223815,28.891699999803677,9264.738799996849,2438.4159352423917
1764631954,1000,,Aggregated,274.600000,0.000000,250,360,610,880,2400,3600,4300,4800,7500,8600,9300,244987,2900,250.0,706.1916891390047,28.891699999803677,9264.738799996849,2438.29104401458
1764631955,1000,,Aggregated,280.300000,0.000000,250,360,610,880,2400,3600,4300,4800,7500,8600,9300,245286,2900,250.0,707.032058774643,28.891699999803677,9264.738799996849,2438.391812007208
1764631956,1000,,Aggregated,275.300000,0.000000,250,360,610,880,2400,3600,4300,4800,7500,8600,9300,245540,2900,250.0,707.4428288119951,28.891699999803677,9264.738799996849,2438.4001873421844
1764631957,1000,,Aggregated,279.400000,0.000000,250,360,620,880,2400,3600,4300,4800,7500,8600,9300,245845,2900,250.0,708.1052844584896,28.891699999803677,9264.738799996849,2438.209070755964
1764631958,1000,,Aggregated,280.000000,0.000000,250,370,620,880,2400,3600,4300,4800,7500,8600,9300,246117,2900,250.0,708.637264837038,28.891699999803677,9264.738799996849,2438.1954314411437
1764631959,1000,,Aggregated,278.700000,0.000000,250,370,620,890,2400,3600,4400,4900,7500,8600,9300,246398,2900,250.0,709.2229110475623,28.891699999803677,9264.738799996849,2438.2456026428786
1764631960,1000,,Aggregated,281.600000,0.000000,250,370,620,890,2400,3600,4400,4900,7500,8600,9300,246700,2900,250.0,709.9857809549944,28.891699999803677,9264.738799996849,2438.2753060397245
1764631961,1000,,Aggregated,279.600000,0.000000,250,370,620,890,2400,3600,4400,4900,7500,8600,9300,247033,2900,250.0,710.5165585326545,28.891699999803677,9264.738799996849,2438.133816129829
1764631962,1000,,Aggregated,283.100000,0.000000,250,370,620,890,2400,3600,4400,4900,7500,8600,9300,247303,2900,250.0,710.9631081887289,28.891699999803677,9264.738799996849,2437.903511077504
1764631963,1000,,Aggregated,288.000000,0.000000,250,370,620,890,2400,3600,4400,4900,7500,8600,9300,247583,2900,250.0,711.4825568160855,28.891699999803677,9264.738799996849,2437.6770335604624
1764631964,1000,,Aggregated,286.900000,0.000000,250,370,630,890,2400,3600,4400,4900,7500,8600,9300,247850,2900,250.0,711.8494100052324,28.891699999803677,9264.738799996849,2437.480629412951
1764631965,1000,,Aggregated,282.500000,0.000000,250,370,630,890,2400,3600,4400,4900,7500,8600,9300,248125,2900,250.0,712.501538005025,28.891699999803677,9264.738799996849,2437.396574307305
1764631966,1000,,Aggregated,283.200000,0.000000,260,370,630,900,2400,3600,4400,4900,7500,8600,9300,248426,2900,260.0,713.1870314846145,28.891699999803677,9264.738799996849,2437.521040470804
1764631967,1000,,Aggregated,282.100000,0.000000,260,370,630,900,2400,3600,4400,4900,7500,8600,9300,248692,2900,260.0,713.7077760329933,28.891699999803677,9264.738799996849,2437.450850851656
1764631968,1000,,Aggregated,286.100000,0.000000,260,370,630,900,2400,3600,4400,4900,7500,8600,9300,249025,2900,260.0,714.620296979006,28.891699999803677,9264.738799996849,2437.3840578255194
1764631969,1000,,Aggregated,282.900000,0.000000,260,370,630,900,2400,3600,4400,4900,7500,8600,9300,249377,2900,260.0,715.1166842082353,28.891699999803677,9264.738799996849,2437.2521443437045
1764631970,1000,,Aggregated,286.100000,0.000000,260,370,630,900,2400,3600,4400,4900,7500,8600,9300,249664,2900,260.0,715.3111870125335,28.891699999803677,9264.738799996849,2436.8211316008715
1764631971,1000,,Aggregated,295.500000,0.000000,260,370,630,900,2400,3700,4400,4900,7500,8600,9300,249974,2900,260.0,715.7751258278756,28.891699999803677,9264.738799996849,2436.6623528847
1764631972,1000,,Aggregated,295.700000,0.000000,260,370,630,900,2400,3700,4400,4900,7500,8600,9300,250256,2900,260.0,716.1189800040663,28.891699999803677,9264.738799996849,2436.6878236685634
1764631973,1000,,Aggregated,291.200000,0.000000,260,370,630,900,2400,3700,4400,4900,7500,8600,9300,250579,2900,260.0,716.5155594119932,28.891699999803677,9264.738799996849,2436.8588788366146
1764631974,1000,,Aggregated,293.000000,0.000000,260,370,640,900,2400,3700,4400,4900,7500,8600,9300,250906,2900,260.0,716.7481888778984,28.891699999803677,9264.738799996849,2436.694993344121
1764631975,1000,,Aggregated,297.400000,0.000000,260,370,640,900,2400,3700,4400,4900,7500,8600,9300,251184,2900,260.0,716.9830397222674,28.891699999803677,9264.738799996849,2436.463954710491
1764631976,1000,,Aggregated,304.100000,0.000000,260,370,640,900,2500,3700,4400,4900,7500,8600,9300,251467,2900,260.0,717.3612395622412,28.891699999803677,9264.738799996849,2436.092636409549
1764631977,1000,,Aggregated,305.600000,0.000000,260,370,640,900,2500,3700,4400,4900,7500,8600,9300,251763,2900,260.0,717.7469024824858,28.891699999803677,9264.738799996849,2436.058241282476
1764631978,1000,,Aggregated,300.400000,0.000000,260,370,640,900,2500,3700,4400,4900,7500,8600,9300,252051,2900,260.0,718.3318141249113,28.891699999803677,9264.738799996849,2436.2623675367286
1764631979,1000,,Aggregated,305.200000,0.000000,260,370,640,910,2500,3700,4400,4900,7500,8600,9300,252317,2900,260.0,718.6884134572692,28.891699999803677,9264.738799996849,2435.9407293206564
1764631980,1000,,Aggregated,301.100000,0.000000,260,370,640,910,2500,3700,4400,5000,7500,8600,9300,252616,2900,260.0,719.0581063954689,28.891699999803677,9264.738799996849,2435.6261559046143
1764631981,1000,,Aggregated,292.300000,0.000000,260,370,640,910,2500,3700,4400,5000,7500,8600,9300,252915,2900,260.0,719.8178925674533,28.891699999803677,9264.738799996849,2435.6422434414726
1764631982,1000,,Aggregated,291.200000,0.000000,260,370,640,910,2500,3700,4400,5000,7500,8600,9300,253218,2900,260.0,720.3691860933958,28.891699999803677,9264.738799996849,2435.2158653808183
1764631983,1000,,Aggregated,292.700000,0.000000,260,370,640,910,2500,3700,4400,5000,7500,8600,9300,253518,2900,260.0,720.7988306041286,28.891699999803677,9264.738799996849,2435.174705543591
1764631984,1000,,Aggregated,292.500000,0.000000,260,370,650,910,2500,3700,4400,5000,7500,8600,9300,253781,2900,260.0,721.3229471682171,28.891699999803677,9264.738799996849,2435.2091685350756
1764631985,1000,,Aggregated,291.100000,0.000000,260,380,650,910,2500,3700,4400,5000,7500,8600,9300,254061,2900,260.0,721.7109171206808,28.891699999803677,9264.738799996849,2435.3116220120364
1764631986,1000,,Aggregated,288.100000,0.000000,260,380,650,920,2500,3700,4400,5000,7500,8600,9300,254377,2900,260.0,722.4917850300815,28.891699999803677,9264.738799996849,2435.4696926215815
1764631987,1000,,Aggregated,284.600000,0.000000,260,380,650,920,2500,3700,4400,5000,7500,8600,9300,254649,2900,260.0,722.9050411813794,28.891699999803677,9264.738799996849,2435.2673562432997
1764631988,1000,,Aggregated,291.000000,0.000000,260,380,650,920,2500,3700,4400,5000,7500,8600,9300,254969,2900,260.0,723.4566666080868,28.891699999803677,9264.738799996849,2435.2485596288175
1764631989,1000,,Aggregated,286.600000,0.000000,260,380,650,920,2500,3700,4500,5000,7500,8600,9300,255257,2900,260.0,723.8727722174011,28.891699999803677,9264.738799996849,2434.9663750651303
1764631990,1000,,Aggregated,289.700000,0.000000,260,380,650,920,2500,3700,4500,5000,7500,8600,9300,255547,2900,260.0,724.4760616164442,28.891699999803677,9264.738799996849,2435.070464532943
1764631991,1000,,Aggregated,292.400000,0.000000,260,380,650,920,2500,3700,4500,5000,7500,8600,9300,255894,2900,260.0,724.9094532595416,28.891699999803677,9264.738799996849,2434.9175791538682
1764631992,1000,,Aggregated,292.100000,0.000000,260,380,650,920,2500,3700,4500,5000,7500,8600,9300,256201,2900,260.0,725.2686174710374,28.891699999803677,9264.738799996849,2434.6055362781567
1764631993,1000,,Aggregated,292.900000,0.000000,260,380,650,920,2500,3700,4500,5000,7500,8600,9300,256494,2900,260.0,725.559809548361,28.891699999803677,9264.738799996849,2434.5215521610644
1764631994,1000,,Aggregated,295.300000,0.000000,260,380,660,920,2500,3700,4500,5000,7500,8600,9300,256771,2900,260.0,725.7957351959432,28.891699999803677,9264.738799996849,2434.4064672412383
1764631995,1000,,Aggregated,297.500000,0.000000,260,380,660,920,2500,3700,4500,5000,7500,8600,9300,257092,2900,260.0,726.414312607929,28.891699999803677,9264.738799996849,2434.5201095327743
1764631996,1000,,Aggregated,293.300000,0.000000,260,380,660,920,2500,3700,4500,5100,7500,8600,9300,257364,2900,260.0,726.6983713728326,28.891699999803677,9264.738799996849,2434.351206850997
1764631997,1000,,Aggregated,299.600000,0.000000,260,380,660,920,2500,3700,4500,5100,7500,8600,9300,257677,2900,260.0,727.1151558381142,28.891699999803677,9264.738799996849,2434.2863817880525
1764631998,1000,,Aggregated,295.100000,0.000000,260,380,660,920,2500,3700,4500,5100,7500,8600,9300,257930,2900,260.0,727.4704502927056,28.891699999803677,9264.738799996849,2434.130256271081
1764631999,1000,,Aggregated,300.400000,0.000000,260,380,660,920,2500,3700,4500,5100,7500,8600,9300,258222,2900,260.0,728.0487988025717,28.891699999803677,9264.738799996849,2434.358544198403
1764632000,1000,,Aggregated,295.900000,0.000000,260,380,660,920,2500,3700,4500,5100,7500,8600,9300,258522,2900,260.0,728.5706872045619,28.891699999803677,9264.738799996849,2434.3455644007086
1764632001,1000,,Aggregated,294.200000,0.000000,260,380,660,920,2500,3700,4500,5100,7500,8600,9300,258814,2900,260.0,729.0827859060862,28.891699999803677,9264.738799996849,2434.167715038599
1764632002,1000,,Aggregated,295.400000,0.000000,260,380,660,920,2500,3700,4500,5100,7500,8600,9300,259111,2900,260.0,729.5333532057604,28.891699999803677,9264.738799996849,2434.0187487215903
1764632003,1000,,Aggregated,295.200000,0.000000,260,380,660,930,2500,3700,4500,5100,7500,8600,9300,259401,2900,260.0,729.9985614426994,28.891699999803677,9264.738799996849,2433.959263842468
1764632004,1000,,Aggregated,291.200000,0.000000,260,380,660,930,2500,3700,4500,5100,7500,8600,9300,259715,2900,260.0,730.5237464362764,28.891699999803677,9264.738799996849,2434.1728240571397
1764632005,1000,,Aggregated,287.100000,0.000000,260,380,670,930,2500,3700,4500,5100,7500,8600,9300,259983,2900,260.0,730.9731767665481,28.891699999803677,9264.738799996849,2434.040118007716
1764632006,1000,,Aggregated,293.100000,0.000000,260,380,670,930,2500,3700,4500,5100,7500,8600,9300,260285,2900,260.0,731.5418848277744,28.891699999803677,9264.738799996849,2434.0578289183013
1764632007,1000,,Aggregated,287.700000,0.000000,260,380,670,930,2500,3700,4500,5100,7500,8600,9300,260601,2900,260.0,731.9169849459411,28.891699999803677,9264.738799996849,2433.785691536103
1764632008,1000,,Aggregated,286.600000,0.000000,260,380,670,930,2500,3700,4500,5100,7500,8600,9300,260879,2900,260.0,732.3641807615684,28.891699999803677,9264.738799996849,2433.9165321854193
1764632009,1000,,Aggregated,287.900000,0.000000,260,390,670,930,2500,3700,4500,5100,7400,8600,9300,261169,2900,260.0,732.8666567222642,28.891699999803677,9264.738799996849,2434.035310469466
1764632010,1000,,Aggregated,292.300000,0.000000,260,390,670,930,2500,3700,4500,5100,7400,8600,9300,261494,2900,260.0,733.4212295268616,28.891699999803677,9264.738799996849,2434.1360604832234
1764632011,1000,,Aggregated,292.200000,0.000000,260,390,670,930,2500,3700,4500,5100,7400,8600,9300,261783,2900,260.0,733.7134719909124,28.891699999803677,9264.738799996849,2434.0603667923433
1764632012,1000,,Aggregated,291.700000,0.000000,260,390,670,930,2500,3700,4500,5100,7400,8600,9300,262089,2900,260.0,734.1187007432476,28.891699999803677,9264.738799996849,2433.814925464251
1764632013,1000,,Aggregated,293.500000,0.000000,260,390,670,930,2500,3700,4500,5100,7400,8600,9300,262411,2900,260.0,734.471584281135,28.891699999803677,9264.738799996849,2433.6124095407586
1764632014,1000,,Aggregated,295.200000,0.000000,260,390,670,930,2500,3700,4500,5100,7400,8600,9300,262726,2900,260.0,734.7988246827375,28.891699999803677,9264.738799996849,2433.4397927879236
1764632015,1000,,Aggregated,298.600000,0.000000,260,390,670,930,2500,3700,4500,5100,7400,8600,9300,263004,2900,260.0,735.2199435700484,28.891699999803677,9264.738799996849,2433.487566729023
1764632016,1000,,Aggregated,298.100000,0.000000,260,390,670,930,2500,3700,4500,5100,7400,8600,9300,263316,2900,260.0,735.5405182522045,28.891699999803677,9264.738799996849,2433.318727308633
1764632017,1000,,Aggregated,298.200000,0.000000,260,390,670,930,2500,3700,4500,5100,7400,8600,9300,263609,2900,260.0,735.8781552822455,28.891699999803677,9264.738799996849,2433.2021061496384
1764632018,1000,,Aggregated,302.400000,0.000000,260,390,680,940,2500,3700,4500,5100,7400,8600,9300,263893,2900,260.0,736.3284751255144,28.891699999803677,9264.738799996849,2433.059406653454
1764632019,1000,,Aggregated,299.600000,0.000000,260,390,680,940,2500,3700,4500,5100,7400,8600,9300,264212,2900,260.0,736.8508298960585,28.891699999803677,9264.738799996849,2433.1507993580913
1764632020,1000,,Aggregated,296.200000,0.000000,260,390,680,940,2500,3700,4500,5100,7400,8600,9300,264519,2900,260.0,737.0470365036065,28.891699999803677,9264.738799996849,2432.9675221817715
1764632021,1000,,Aggregated,301.100000,0.000000,260,390,680,940,2500,3700,4500,5100,7400,8600,9300,264802,2900,260.0,737.445476748656,28.891699999803677,9264.738799996849,2432.926620644859
1764632022,1000,,Aggregated,301.300000,0.000000,260,390,680,940,2500,3800,4500,5100,7400,8600,9300,265102,2900,260.0,737.8197889012437,28.891699999803677,9264.738799996849,2432.9217961388445
1764632023,1000,,Aggregated,297.800000,0.000000,270,390,680,940,2500,3800,4500,5100,7400,8600,9300,265382,2900,270.0,738.2766660195407,28.891699999803677,9264.738799996849,2433.0629696060773
1764632024,1000,,Aggregated,295.400000,0.000000,270,390,680,940,2500,3800,4500,5100,7400,8600,9300,265641,2900,270.0,738.6569637593502,28.891699999803677,9264.738799996849,2433.1336992407046
1764632025,1000,,Aggregated,296.400000,0.000000,270,390,680,940,2500,3800,4500,5100,7400,8600,9300,265925,2900,270.0,739.0064183303465,28.891699999803677,9264.738799996849,2433.0330055466766
1764632026,1000,,Aggregated,291.100000,0.000000,270,390,680,940,2500,3800,4500,5100,7400,8600,9300,266171,2900,270.0,739.4857807424452,28.891699999803677,9264.738799996849,2433.114189750198
1764632027,1000,,Aggregated,292.000000,0.000000,270,390,680,940,2500,3800,4500,5100,7400,8600,9300,266439,2900,270.0,739.9963660203547,28.891699999803677,9264.738799996849,2433.0297028588157
1764632028,1000,,Aggregated,286.700000,0.000000,270,390,690,940,2500,3800,4600,5100,7400,8600,9300,266733,2900,270.0,740.8645376619962,28.891699999803677,9264.738799996849,2433.0589728305085
1764632029,1000,,Aggregated,283.900000,0.000000,270,390,690,950,2500,3800,4600,5200,7400,8600,9300,267032,2900,270.0,741.5294849261405,28.891699999803677,9264.738799996849,2432.9291845172115
1764632030,1000,,Aggregated,281.200000,0.000000,270,390,690,950,2500,3800,4600,5200,7400,8600,9300,267313,2900,270.0,742.1095722733173,28.891699999803677,9264.738799996849,2433.0247013800304
1764632031,1000,,Aggregated,277.300000,0.000000,270,390,690,950,2500,3800,4600,5200,7400,8600,9300,267591,2900,270.0,742.780391110303,28.891699999803677,9264.738799996849,2432.908348935502
1764632032,1000,,Aggregated,278.200000,0.000000,270,400,690,950,2500,3800,4600,5200,7400,8600,9300,267906,2900,270.0,743.3966049916654,28.891699999803677,9264.738799996849,2432.8906444797803
1764632033,1000,,Aggregated,277.400000,0.000000,270,400,690,950,2500,3800,4600,5200,7400,8600,9300,268198,2900,270.0,743.7943061816162,28.891699999803677,9264.738799996849,2432.7764487430927
1764632034,1000,,Aggregated,280.200000,0.000000,270,400,690,950,2500,3800,4600,5200,7400,8600,9300,268501,2900,270.0,744.3927686846488,28.891699999803677,9264.738799996849,2432.7469208680786
1764632035,1000,,Aggregated,276.200000,0.000000,270,400,690,950,2500,3800,4600,5200,7400,8600,9300,268816,2900,270.0,744.7624262573539,28.891699999803677,9264.738799996849,2432.7748757514432
1764632036,1000,,Aggregated,282.200000,0.000000,270,400,690,950,2500,3800,4600,5200,7400,8600,9300,269095,2900,270.0,745.0191379051885,28.891699999803677,9264.738799996849,2432.365250190453
1764632037,1000,,Aggregated,285.000000,0.000000,270,400,690,950,2500,3800,4600,5200,7400,8600,9300,269400,2900,270.0,745.3253252479462,28.891699999803677,9264.738799996849,2432.087416481069
1764632038,1000,,Aggregated,288.600000,0.000000,270,400,690,950,2500,3800,4600,5200,7400,8600,9300,269662,2900,270.0,745.7128370704694,28.891699999803677,9264.738799996849,2432.340771039301
1764632039,1000,,Aggregated,290.500000,0.000000,270,400,690,950,2500,3800,4600,5200,7400,8600,9300,269940,2900,270.0,746.1097487274832,28.891699999803677,9264.738799996849,2432.197780988368
1764632040,1000,,Aggregated,294.000000,0.000000,270,400,690,950,2500,3800,4600,5200,7400,8600,9300,270263,2900,270.0,746.6827984011753,28.891699999803677,9264.738799996849,2432.427109889256
1764632041,1000,,Aggregated,291.000000,0.000000,270,400,700,950,2500,3800,4600,5200,7400,8600,9300,270538,2900,270.0,747.0825165473866,28.891699999803677,9264.738799996849,2432.3121040297483
1764632042,1000,,Aggregated,289.700000,0.000000,270,400,700,950,2500,3800,4600,5200,7400,8600,9300,270841,2900,270.0,747.5232135016369,28.891699999803677,9264.738799996849,2432.220047924797
1764632043,1000,,Aggregated,294.000000,0.000000,270,400,700,950,2500,3800,4600,5200,7400,8600,9300,271141,2900,270.0,747.9839273462773,28.891699999803677,9264.738799996849,2432.209293319712
1764632044,1000,,Aggregated,292.200000,0.000000,270,400,700,950,2500,3800,4600,5200,7400,8600,9300,271407,2900,270.0,748.2180328410724,28.891699999803677,9264.738799996849,2432.21950428692
1764632045,1000,,Aggregated,293.500000,0.000000,270,400,700,950,2500,3800,4600,5200,7400,8600,9300,271679,2900,270.0,748.6639754868684,28.891699999803677,9264.738799996849,2432.3311039866903
1764632046,1000,,Aggregated,290.000000,0.000000,270,400,700,960,2500,3800,4600,5200,7400,8600,9300,271992,2900,270.0,749.1957048541757,28.891699999803677,9264.738799996849,2432.0711785640756
1764632047,1000,,Aggregated,285.500000,0.000000,270,400,700,960,2600,3800,4600,5200,7400,8600,9300,272250,2900,270.0,749.6641060150483,28.891699999803677,9264.738799996849,2432.0465638200185
1764632048,1000,,Aggregated,285.100000,0.000000,270,400,700,960,2600,3800,4600,5200,7400,8600,9300,272536,2900,270.0,750.2632838971612,28.891699999803677,9264.738799996849,2432.0398809698536
1764632049,1000,,Aggregated,285.700000,0.000000,270,400,700,960,2600,3800,4600,5300,7400,8600,9300,272784,2900,270.0,750.9155459451309,28.891699999803677,9264.738799996849,2432.1285449293214
1764632050,1000,,Aggregated,282.800000,0.000000,270,400,700,960,2600,3800,4600,5300,7400,8600,9300,273074,2900,270.0,751.6207277807362,28.891699999803677,9264.738799996849,2432.0162703150063
1764632051,1000,,Aggregated,285.300000,0.000000,270,400,700,960,2600,3800,4600,5300,7400,8600,9300,273384,2900,270.0,752.3781303883793,28.891699999803677,9264.738799996849,2431.9141134814035
1764632052,1000,,Aggregated,281.700000,0.000000,270,400,700,960,2600,3800,4700,5300,7400,8600,9300,273680,2900,270.0,752.9875903010686,28.891699999803677,9264.738799996849,2431.8015638702136
1764632053,1000,,Aggregated,279.000000,0.000000,270,400,700,960,2600,3800,4700,5300,7400,8600,9300,273961,2900,270.0,753.3598871919602,28.891699999803677,9264.738799996849,2431.6367731173414
1764632054,1000,,Aggregated,279.800000,0.000000,270,400,710,960,2600,3800,4700,5300,7400,8600,9300,274251,2900,270.0,753.74183344198,28.891699999803677,9264.738799996849,2431.4229446747686
1764632055,1000,,Aggregated,280.800000,0.000000,270,400,710,970,2600,3800,4700,5300,7400,8600,9300,274558,2900,270.0,754.4107601446565,28.891699999803677,9264.738799996849,2431.449821167112
1764632056,1000,,Aggregated,280.400000,0.000000,270,400,710,970,2600,3800,4700,5300,7400,8600,9300,274870,2900,270.0,754.8889891021074,28.891699999803677,9264.738799996849,2431.4771382835524
1764632057,1000,,Aggregated,283.000000,0.000000,270,400,710,970,2600,3800,4700,5300,7400,8600,9300,275144,2900,270.0,755.1689895072989,28.891699999803677,9264.738799996849,2431.3519575204255
1764632058,1000,,Aggregated,284.300000,0.000000,270,400,710,970,2600,3800,4700,5300,7400,8600,9300,275484,2900,270.0,755.4622225555618,28.891699999803677,9264.738799996849,2431.142124406499
1764632059,1000,,Aggregated,287.600000,0.000000,270,400,710,970,2600,3800,4700,5300,7400,8600,9300,275753,2900,270.0,755.7822603278893,28.891699999803677,9264.738799996849,2431.0346832128753
1764632060,1000,,Aggregated,290.000000,0.000000,270,400,710,970,2600,3800,4700,5300,7400,8600,9300,276065,2900,270.0,756.32201832828,28.891699999803677,9264.738799996849,2430.9558002644303
1764632061,1000,,Aggregated,294.100000,0.000000,270,400,710,970,2600,3800,4700,5300,7400,8600,9300,276345,2900,270.0,756.6613480779343,28.891699999803677,9264.738799996849,2430.908125712425
1764632062,1000,,Aggregated,293.900000,0.000000,270,410,710,970,2600,3800,4700,5300,7400,8600,9300,276625,2900,270.0,756.9306059625735,28.891699999803677,9264.738799996849,2430.813682783552
1764632063,1000,,Aggregated,295.500000,0.000000,270,410,710,970,2600,3800,4700,5300,7400,8600,9300,276919,2900,270.0,757.1360084071399,28.891699999803677,9264.738799996849,2430.647933150127
1764632064,1000,,Aggregated,295.800000,0.000000,270,410,710,970,2600,3800,4700,5300,7400,8600,9300,277193,2900,270.0,757.4827499572386,28.891699999803677,9264.738799996849,2430.439033453226
1764632065,1000,,Aggregated,292.400000,0.000000,270,410,710,970,2600,3800,4700,5300,7400,8600,9300,277454,2900,270.0,758.0833651415973,28.891699999803677,9264.738799996849,2430.436548040396
1764632066,1000,,Aggregated,293.900000,0.000000,270,410,710,970,2600,3800,4700,5300,7400,8600,9300,277728,2900,270.0,758.6744131445028,28.891699999803677,9264.738799996849,2430.6116668106924
1764632067,1000,,Aggregated,292.600000,0.000000,270,410,710,970,2600,3800,4700,5300,7400,8600,9300,277991,2900,270.0,759.3871777920743,28.891699999803677,9264.738799996849,2430.8187351389074
1764632068,1000,,Aggregated,288.000000,0.000000,270,410,710,970,2600,3800,4700,5300,7400,8600,9300,278278,2900,270.0,760.0044689026676,28.891699999803677,9264.738799996849,2430.797170455444
1764632069,1000,,Aggregated,282.700000,0.000000,270,410,710,970,2600,3800,4700,5400,7400,8600,9300,278499,2900,270.0,760.5266364374613,28.891699999803677,9264.738799996849,2430.87840171778
1764632070,1000,,Aggregated,281.700000,0.000000,270,410,710,970,2600,3800,4700,5400,7400,8600,9300,278770,2900,270.0,761.248367946323,28.891699999803677,9264.738799996849,2430.95358180579
1764632072,1000,,Aggregated,272.500000,0.000000,270,410,720,980,2600,3800,4700,5400,7400,8600,9300,279000,2900,270.0,761.9338927863673,28.891699999803677,9264.738799996849,2431.093043010753
1764632073,1000,,Aggregated,268.100000,0.000000,270,410,720,980,2600,3800,4700,5400,7400,8600,9300,279298,2900,270.0,762.9859639682215,28.891699999803677,9264.738799996849,2431.1476809715787
1764632074,1000,,Aggregated,263.300000,0.000000,270,410,720,980,2600,3800,4700,5400,7400,8600,9300,279573,2900,270.0,763.7986029559233,28.891699999803677,9264.738799996849,2431.290675422877
1764632075,1000,,Aggregated,264.700000,0.000000,270,410,720,980,2600,3800,4700,5400,7400,8600,9300,279839,2900,270.0,764.392879522498,28.891699999803677,9264.738799996849,2431.027544409464
1764632076,1000,,Aggregated,262.600000,0.000000,270,410,720,980,2600,3800,4800,5400,7400,8500,9300,280113,2900,270.0,764.9467738301908,28.891699999803677,9264.738799996849,2430.9623616183467
1764632077,1000,,Aggregated,259.700000,0.000000,270,410,720,980,2600,3800,4800,5400,7400,8500,9300,280338,2900,270.0,765.6563995601591,28.891699999803677,9264.738799996849,2430.9875008026024
1764632078,1000,,Aggregated,262.200000,0.000000,270,410,720,990,2600,3900,4800,5400,7400,8500,9300,280594,2900,270.0,766.6091803969289,28.891699999803677,9264.738799996849,2430.9412460708354
1764632079,1000,,Aggregated,257.600000,0.000000,270,410,730,990,2600,3900,4800,5400,7400,8500,9300,280880,2900,270.0,767.4661782398036,28.891699999803677,9264.738799996849,2431.042495015665
1764632080,1000,,Aggregated,256.500000,0.000000,270,410,730,990,2600,3900,4800,5400,7400,8500,9300,281168,2900,270.0,768.1923824236612,28.891699999803677,9264.738799996849,2431.05836012633
1764632081,1000,,Aggregated,257.100000,0.000000,270,410,730,990,2600,3900,4800,5400,7400,8500,9300,281423,2900,270.0,768.8406706569679,28.891699999803677,9264.738799996849,2430.942939987137
1764632082,1000,,Aggregated,262.400000,0.000000,270,410,730,990,2600,3900,4800,5500,7500,8500,9300,281675,2900,270.0,769.4986334292927,28.891699999803677,9264.738799996849,2430.9565421141388
1764632083,1000,,Aggregated,262.600000,0.000000,270,410,730,990,2600,3900,4800,5500,7500,8500,9300,281967,2900,270.0,770.191989072111,28.891699999803677,9264.738799996849,2430.9395425705843
1764632084,1000,,Aggregated,264.800000,0.000000,270,410,730,990,2600,3900,4800,5500,7500,8500,9300,282214,2900,270.0,770.8006959732544,28.891699999803677,9264.738799996849,2430.863685004996
1764632085,1000,,Aggregated,264.100000,0.000000,270,410,730,1000,2600,3900,4800,5500,7500,8500,9300,282438,2900,270.0,771.4106605070713,28.891699999803677,9264.738799996849,2430.880993350753
1764632086,1000,,Aggregated,262.000000,0.000000,270,420,730,1000,2600,3900,4800,5500,7500,8500,9300,282773,2900,270.0,772.3059694836367,28.891699999803677,9264.738799996849,2431.056681507782
1764632087,1000,,Aggregated,258.900000,0.000000,270,420,730,1000,2600,3900,4800,5500,7500,8500,9300,283052,2900,270.0,772.9666359527455,28.891699999803677,9264.738799996849,2431.184626853016
1764632088,1000,,Aggregated,264.300000,0.000000,280,420,730,1000,2600,3900,4800,5500,7500,8500,9300,283359,2900,280.0,773.5869721543933,28.891699999803677,9264.738799996849,2431.180103684725
1764632089,1000,,Aggregated,269.500000,0.000000,280,420,730,1000,2600,3900,4800,5500,7500,8500,9300,283639,2900,280.0,773.9519074326748,28.891699999803677,9264.738799996849,2431.333765807946
1764632090,1000,,Aggregated,271.900000,0.000000,280,420,730,1000,2600,3900,4800,5500,7500,8500,9300,283933,2900,280.0,774.3160315690535,28.891699999803677,9264.738799996849,2431.3106824497327
1764632091,1000,,Aggregated,273.900000,0.000000,280,420,730,1000,2600,3900,4800,5500,7500,8500,9300,284216,2900,280.0,774.8537445499063,28.891699999803677,9264.738799996849,2431.325773355476
1764632092,1000,,Aggregated,275.800000,0.000000,280,420,730,1000,2600,3900,4800,5500,7500,8500,9300,284470,2900,280.0,775.2783189102416,28.891699999803677,9264.738799996849,2431.295735929975
1764632093,1000,,Aggregated,275.900000,0.000000,280,420,740,1000,2600,3900,4800,5500,7500,8500,9300,284746,2900,280.0,775.6998163833613,28.891699999803677,9264.738799996849,2431.2302824271455
1764632094,1000,,Aggregated,277.300000,0.000000,280,420,740,1000,2600,3900,4800,5500,7500,8500,9300,284979,2900,280.0,776.2078307324284,28.891699999803677,9264.738799996849,2431.1879998175305
1764632095,1000,,Aggregated,276.300000,0.000000,280,420,740,1000,2600,3900,4800,5500,7500,8500,9300,285212,2900,280.0,776.7652489512942,28.891699999803677,9264.738799996849,2431.408906357376
1764632096,1000,,Aggregated,274.200000,0.000000,280,420,740,1000,2600,3900,4800,5500,7500,8500,9300,285488,2900,280.0,777.5053577183501,28.891699999803677,9264.738799996849,2431.4895862523117
1764632097,1000,,Aggregated,277.200000,0.000000,280,420,740,1000,2600,3900,4900,5500,7500,8500,9300,285760,2900,280.0,778.4294412055449,28.891699999803677,9264.738799996849,2431.6533489641656
1764632098,1000,,Aggregated,269.100000,0.000000,280,420,740,1000,2600,3900,4900,5500,7500,8500,9300,286052,2900,280.0,779.0833539132627,28.891699999803677,9264.738799996849,2431.5416567617076
1764632099,1000,,Aggregated,267.100000,0.000000,280,420,740,1000,2600,3900,4900,5500,7500,8500,9300,286317,2900,280.0,779.6995382135759,28.891699999803677,9264.738799996849,2431.4752424759968
1764632100,1000,,Aggregated,268.700000,0.000000,280,420,740,1000,2600,3900,4900,5500,7500,8500,9300,286613,2900,280.0,780.3646513933302,28.891699999803677,9264.738799996849,2431.709196721712
1764632101,1000,,Aggregated,265.500000,0.000000,280,420,740,1000,2600,3900,4900,5600,7500,8500,9300,286861,2900,280.0,780.8990766691762,28.891699999803677,9264.738799996849,2431.688413552208
1764632102,1000,,Aggregated,264.100000,0.000000,280,420,740,1000,2600,3900,4900,5600,7500,8500,9300,287153,2900,280.0,781.4334264869135,28.891699999803677,9264.738799996849,2431.5749966045973
1764632103,1000,,Aggregated,263.200000,0.000000,280,420,740,1000,2600,3900,4900,5600,7500,8500,9300,287424,2900,280.0,782.0777241486329,28.891699999803677,9264.738799996849,2431.7290831663327
1764632104,1000,,Aggregated,265.300000,0.000000,280,420,740,1000,2600,3900,4900,5600,7500,8500,9300,287698,2900,280.0,782.4596404587338,28.891699999803677,9264.738799996849,2431.7429179208752
1764632105,1000,,Aggregated,266.200000,0.000000,280,420,750,1000,2700,3900,4900,5600,7500,8500,9300,287968,2900,280.0,783.0601179599706,28.891699999803677,9264.738799996849,2431.884032253584
1764632106,1000,,Aggregated,269.100000,0.000000,280,420,750,1000,2700,3900,4900,5600,7500,8500,9300,288265,2900,280.0,783.6365291481683,28.891699999803677,9264.738799996849,2431.8457807919795
1764632107,1000,,Aggregated,271.400000,0.000000,280,420,750,1000,2700,3900,4900,5600,7500,8500,9300,288553,2900,280.0,784.1121691245514,28.891699999803677,9264.738799996849,2431.6730098110224
1764632108,1000,,Aggregated,274.900000,0.000000,280,420,750,1000,2700,3900,4900,5600,7500,8500,9300,288802,2900,280.0,784.6657860000856,28.891699999803677,9264.738799996849,2431.810119043497
1764632109,1000,,Aggregated,277.400000,0.000000,280,420,750,1000,2700,3900,4900,5600,7500,8500,9300,289038,2900,280.0,785.1287995090504,28.891699999803677,9264.738799996849,2431.813297905466
1764632110,1000,,Aggregated,274.000000,0.000000,280,430,750,1000,2700,3900,4900,5600,7500,8500,9300,289277,2900,280.0,785.579487095403,28.891699999803677,9264.738799996849,2431.744144885352
1764632111,1000,,Aggregated,271.500000,0.000000,280,430,750,1000,2700,3900,4900,5600,7500,8500,9300,289537,2900,280.0,786.5107771317546,28.891699999803677,9264.738799996849,2431.9183903957005
1764632112,1000,,Aggregated,267.100000,0.000000,280,430,750,1000,2700,3900,4900,5600,7500,8500,9300,289802,2900,280.0,787.6166737789837,28.891699999803677,9264.738799996849,2432.1265967798704
1764632113,1000,,Aggregated,265.400000,0.000000,280,430,750,1000,2700,3900,4900,5600,7500,8500,9300,290112,2900,280.0,788.4610446810086,28.891699999803677,9264.738799996849,2432.386516242003
1764632114,1000,,Aggregated,261.500000,0.000000,280,430,750,1000,2700,3900,4900,5600,7500,8500,9300,290383,2900,280.0,788.9416024908379,28.891699999803677,9264.738799996849,2432.276314384795
1764632115,1000,,Aggregated,263.400000,0.000000,280,430,750,1000,2700,3900,4900,5600,7500,8500,9300,290663,2900,280.0,789.4669042440797,28.891699999803677,9264.738799996849,2432.211165507822
1764632116,1000,,Aggregated,265.200000,0.000000,280,430,750,1000,2700,3900,4900,5600,7500,8500,9300,290916,2900,280.0,790.0018536350598,28.891699999803677,9264.738799996849,2432.21480083598
1764632117,1000,,Aggregated,265.800000,0.000000,280,430,760,1000,2700,3900,5000,5600,7500,8500,9300,291210,2900,280.0,790.5828539586447,28.891699999803677,9264.738799996849,2432.330493458329
1764632118,1000,,Aggregated,264.200000,0.000000,280,430,760,1000,2700,3900,5000,5600,7500,8500,9300,291498,2900,280.0,791.2809346177231,28.891699999803677,9264.738799996849,2432.5270362060805
1764632119,1000,,Aggregated,263.000000,0.000000,280,430,760,1000,2700,3900,5000,5600,7500,8500,9300,291776,2900,280.0,791.563127167749,28.891699999803677,9264.738799996849,2432.2412569916646
1764632120,1000,,Aggregated,266.300000,0.000000,280,430,760,1000,2700,3900,5000,5600,7500,8500,9300,292055,2900,280.0,792.1087208820159,28.891699999803677,9264.738799996849,2432.290126859667
1764632121,1000,,Aggregated,269.900000,0.000000,280,430,760,1000,2700,3900,5000,5600,7500,8500,9300,292333,2900,280.0,792.5655803477441,28.891699999803677,9264.738799996849,2432.30521357493
1764632122,1000,,Aggregated,273.500000,0.000000,280,430,760,1000,2700,3900,5000,5700,7500,8500,9300,292616,2900,280.0,792.8615329151414,28.891699999803677,9264.738799996849,2432.0890211061596
1764632123,1000,,Aggregated,278.500000,0.000000,280,430,760,1000,2700,3900,5000,5700,7500,8500,9300,292870,2900,280.0,793.6244318144473,28.891699999803677,9264.738799996849,2432.381811042442
1764632124,1000,,Aggregated,279.700000,0.000000,280,430,760,1000,2700,3900,5000,5700,7500,8500,9300,293087,2900,280.0,794.068996220225,28.891699999803677,9264.738799996849,2432.238031710721
1764632125,1000,,Aggregated,275.400000,0.000000,280,430,760,1000,2700,3900,5000,5700,7500,8500,9300,293332,2900,280.0,794.653097501115,28.891699999803677,9264.738799996849,2432.2569988954497
1764632126,1000,,Aggregated,273.100000,0.000000,280,430,760,1000,2700,3900,5000,5700,7500,8500,9300,293545,2900,280.0,795.1015485693753,28.891699999803677,9264.738799996849,2432.208356470047
1764632127,1000,,Aggregated,266.600000,0.000000,280,430,760,1000,2700,4000,5000,5700,7500,8500,9300,293800,2900,280.0,795.9489919826319,28.891699999803677,9264.738799996849,2431.999537100068
1764632128,1000,,Aggregated,263.200000,0.000000,280,430,760,1000,2700,4000,5000,5700,7600,8500,9300,294025,2900,280.0,796.903177247504,28.891699999803677,9264.738799996849,2432.1602482782077
1764632129,1000,,Aggregated,257.300000,0.000000,280,430,760,1000,2700,4000,5000,5700,7600,8600,9300,294273,2900,280.0,797.9200152732233,28.891699999803677,9264.738799996849,2432.2506244201813
1764632130,1000,,Aggregated,252.800000,0.000000,280,430,770,1000,2700,4000,5000,5700,7600,8600,9300,294560,2900,280.0,799.0141111250571,28.891699999803677,9264.738799996849,2432.524915127648
1764632131,1000,,Aggregated,250.400000,0.000000,280,430,770,1000,2700,4000,5000,5700,7600,8600,9300,294810,2900,280.0,799.840398327047,28.891699999803677,9264.738799996849,2432.6723618601814
1764632132,1000,,Aggregated,248.100000,0.000000,280,430,770,1000,2700,4000,5000,5700,7600,8600,9300,295081,2900,280.0,800.536168054185,28.891699999803677,9264.738799996849,2432.7816396175967
1764632133,1000,,Aggregated,245.700000,0.000000,280,440,770,1000,2700,4000,5000,5700,7700,8600,9300,295357,2900,280.0,801.5289929366737,28.891699999803677,9264.738799996849,2432.842011531807
1764632134,1000,,Aggregated,246.100000,0.000000,280,440,770,1000,2700,4000,5000,5700,7700,8600,9300,295637,2900,280.0,802.2812081275255,28.891699999803677,9264.738799996849,2432.8038033128464
1764632135,1000,,Aggregated,245.400000,0.000000,280,440,770,1000,2700,4000,5000,5700,7700,8600,9300,295899,2900,280.0,802.7739154116691,28.891699999803677,9264.738799996849,2432.79714024042
1764632136,1000,,Aggregated,247.900000,0.000000,280,440,770,1000,2700,4000,5000,5700,7700,8600,9300,296162,2900,280.0,803.3126081347297,28.891699999803677,9264.738799996849,2432.716030415786
1764632137,1000,,Aggregated,252.600000,0.000000,280,440,770,1000,2700,4000,5100,5700,7700,8600,9300,296438,2900,280.0,803.939729325518,28.891699999803677,9264.738799996849,2432.5126502000417
1764632138,1000,,Aggregated,257.000000,0.000000,280,440,770,1000,2700,4000,5100,5700,7700,8600,9300,296672,2900,280.0,804.5299303260762,28.891699999803677,9264.738799996849,2432.6435828119943
1764632139,1000,,Aggregated,261.800000,0.000000,280,440,770,1000,2700,4000,5100,5700,7700,8600,9300,296939,2900,280.0,805.2533195228573,28.891699999803677,9264.738799996849,2432.8734824324188
1764632140,1000,,Aggregated,262.900000,0.000000,280,440,770,1000,2700,4000,5100,5700,7700,8600,9300,297213,2900,280.0,806.1165255082977,28.891699999803677,9264.738799996849,2432.7854568945504
1764632141,1000,,Aggregated,262.500000,0.000000,280,440,770,1100,2700,4000,5100,5700,7700,8600,9300,297494,2900,280.0,806.6972949141758,28.891699999803677,9264.738799996849,2432.9029425803546
1764632142,1000,,Aggregated,264.800000,0.000000,280,440,780,1100,2700,4000,5100,5800,7700,8600,9300,297762,2900,280.0,807.3539156070891,28.891699999803677,9264.738799996849,2432.8421255902367
1764632143,1000,,Aggregated,264.900000,0.000000,280,440,780,1100,2700,4000,5100,5800,7700,8600,9300,298022,2900,280.0,807.8510257470855,28.891699999803677,9264.738799996849,2432.687429115971
1764632144,1000,,Aggregated,264.600000,0.000000,280,440,780,1100,2700,4000,5100,5800,7700,8600,9300,298279,2900,280.0,808.400315125428,28.891699999803677,9264.738799996849,2432.771137089772
1764632145,1000,,Aggregated,265.400000,0.000000,280,440,780,1100,2700,4000,5100,5800,7700,8600,9300,298518,2900,280.0,808.8727999551036,28.891699999803677,9264.738799996849,2432.9137572943673
1764632146,1000,,Aggregated,263.400000,0.000000,280,440,780,1100,2800,4000,5100,5800,7700,8600,9300,298799,2900,280.0,809.6900125341722,28.891699999803677,9264.738799996849,2433.0086379137815
1764632147,1000,,Aggregated,262.800000,0.000000,280,440,780,1100,2800,4000,5100,5800,7700,8600,9300,299050,2900,280.0,810.339356536024,28.891699999803677,9264.738799996849,2433.186617622471
1764632148,1000,,Aggregated,260.100000,0.000000,280,440,780,1100,2800,4000,5100,5800,7700,8600,9300,299319,2900,280.0,810.7747247561897,28.891699999803677,9264.738799996849,2432.9359713215667
1764632149,1000,,Aggregated,260.700000,0.000000,280,440,780,1100,2800,4000,5100,5800,7700,8600,9300,299591,2900,280.0,811.503668722351,28.891699999803677,9264.738799996849,2432.9548784843337
1764632150,1000,,Aggregated,260.300000,0.000000,280,440,780,1100,2800,4000,5100,5800,7700,8600,9300,299816,2900,280.0,812.0755847723196,28.891699999803677,9264.738799996849,2433.1502021239694
1764632151,1000,,Aggregated,262.400000,0.000000,280,440,780,1100,2800,4000,5100,5800,7700,8600,9300,300108,2900,280.0,812.7753015354402,28.891699999803677,9264.738799996849,2433.1942234129046
1764632152,1000,,Aggregated,260.200000,0.000000,280,440,780,1100,2800,4000,5100,5800,7700,8600,9300,300375,2900,280.0,813.4787545964141,28.891699999803677,9264.738799996849,2433.2301489804413
1764632153,1000,,Aggregated,257.100000,0.000000,280,440,790,1100,2800,4000,5100,5800,7800,8600,9300,300655,2900,280.0,814.2405986196733,28.891699999803677,9264.738799996849,2433.2552560243466
1764632154,1000,,Aggregated,259.700000,0.000000,280,440,790,1100,2800,4000,5100,5800,7800,8600,9300,300926,2900,280.0,814.8982875148639,28.891699999803677,9264.738799996849,2433.211477240252
1764632155,1000,,Aggregated,260.900000,0.000000,280,440,790,1100,2800,4000,5100,5800,7800,8600,9300,301161,2900,280.0,815.2688475566159,28.891699999803677,9264.738799996849,2433.0900548211753
1764632156,1000,,Aggregated,261.600000,0.000000,280,440,790,1100,2800,4000,5100,5800,7800,8600,9300,301397,2900,280.0,815.8172797632292,28.891699999803677,9264.738799996849,2433.1252069529555
1764632157,1000,,Aggregated,264.400000,0.000000,290,440,790,1100,2800,4000,5100,5800,7800,8600,9300,301668,2900,290.0,816.5434540789813,28.891699999803677,9264.738799996849,2433.0642991633185
1764632158,1000,,Aggregated,259.300000,0.000000,290,450,790,1100,2800,4000,5100,5800,7800,8600,9300,301969,2900,290.0,817.255766579675,28.891699999803677,9264.738799996849,2432.986137649891
1764632159,1000,,Aggregated,259.400000,0.000000,290,450,790,1100,2800,4000,5100,5800,7800,8600,9300,302247,2900,290.0,817.8529214920185,28.891699999803677,9264.738799996849,2433.1296687808317
1764632160,1000,,Aggregated,258.700000,0.000000,290,450,790,1100,2800,4000,5100,5800,7800,8600,9300,302524,2900,290.0,818.569376102385,28.891699999803677,9264.738799996849,2433.2193544974944
1764632161,1000,,Aggregated,263.200000,0.000000,290,450,790,1100,2800,4000,5100,5800,7800,8600,9300,302797,2900,290.0,818.959788586075,28.891699999803677,9264.738799996849,2433.0636565091463
1764632162,1000,,Aggregated,264.900000,0.000000,290,450,790,1100,2800,4000,5200,5900,7800,8600,9300,303107,2900,290.0,819.5276915699654,28.891699999803677,9264.738799996849,2433.0701270508434
1764632163,1000,,Aggregated,268.800000,0.000000,290,450,790,1100,2800,4000,5200,5900,7800,8600,9300,303410,2900,290.0,819.9648393754245,28.891699999803677,9264.738799996849,2432.983517352757
1764632164,1000,,Aggregated,269.500000,0.000000,290,450,790,1100,2800,4000,5200,5900,7800,8600,9300,303678,2900,290.0,820.269969113329,28.891699999803677,9264.738799996849,2433.070495722443
1764632165,1000,,Aggregated,271.800000,0.000000,290,450,790,1100,2800,4000,5200,5900,7800,8600,9300,303925,2900,290.0,820.5517912504642,28.891699999803677,9264.738799996849,2433.0992777823476
1764632166,1000,,Aggregated,273.400000,0.000000,290,450,790,1100,2800,4000,5200,5900,7800,8600,9300,304176,2900,290.0,820.916468031986,28.891699999803677,9264.738799996849,2433.1574811950977
1764632167,1000,,Aggregated,272.800000,0.000000,290,450,800,1100,2800,4000,5200,5900,7800,8600,9300,304423,2900,290.0,821.5013692473877,28.891699999803677,9264.738799996849,2433.1753119836544
1764632168,1000,,Aggregated,277.000000,0.000000,290,450,800,1100,2800,4000,5200,5900,7800,8600,9300,304677,2900,290.0,822.1957567906252,28.891699999803677,9264.738799996849,2433.2322328236132
1764632169,1000,,Aggregated,274.300000,0.000000,290,450,800,1100,2800,4000,5200,5900,7800,8600,9300,304927,2900,290.0,822.9396079681283,28.891699999803677,9264.738799996849,2433.5231383249106
1764632170,1000,,Aggregated,274.000000,0.000000,290,450,800,1100,2800,4000,5200,5900,7800,8600,9300,305214,2900,290.0,823.574221655617,28.891699999803677,9264.738799996849,2433.5200121881694
1764632171,1000,,Aggregated,268.200000,0.000000,290,450,800,1100,2800,4000,5200,5900,7800,8600,9300,305489,2900,290.0,824.0299724202758,28.891699999803677,9264.738799996849,2433.7435292269115
1764632172,1000,,Aggregated,267.200000,0.000000,290,450,800,1100,2800,4000,5200,5900,7800,8600,9300,305775,2900,290.0,824.6780097601104,28.891699999803677,9264.738799996849,2433.901855939825
1764632173,1000,,Aggregated,266.600000,0.000000,290,450,800,1100,2800,4000,5200,5900,7800,8600,9300,306065,2900,290.0,825.2479933948589,28.891699999803677,9264.738799996849,2434.0331334847174
1764632174,1000,,Aggregated,264.500000,0.000000,290,450,800,1100,2800,4000,5200,5900,7800,8600,9300,306358,2900,290.0,825.6668996239606,28.891699999803677,9264.738799996849,2434.1341208651315
1764632175,1000,,Aggregated,264.000000,0.000000,290,450,800,1100,2800,4100,5200,5900,7800,8600,9300,306668,2900,290.0,826.1375754483594,28.891699999803677,9264.738799996849,2434.373087508315
1764632176,1000,,Aggregated,264.400000,0.000000,290,450,800,1100,2800,4100,5200,5900,7800,8600,9300,306939,2900,290.0,826.368368496989,28.891699999803677,9264.738799996849,2434.2355516894236
1764632177,1000,,Aggregated,266.700000,0.000000,290,450,800,1100,2800,4100,5200,5900,7800,8600,9300,307205,2900,290.0,826.7349868550216,28.891699999803677,9264.738799996849,2434.4004329356617
1764632178,1000,,Aggregated,272.700000,0.000000,290,450,800,1100,2800,4100,5200,5900,7800,8600,9300,307494,2901,290.0,827.0258229539335,28.891699999803677,9264.738799996849,2434.304331141421
1764632179,1000,,Aggregated,275.300000,0.000000,290,450,800,1100,2800,4100,5200,5900,7800,8600,9300,307759,2901,290.0,827.554598292485,28.891699999803677,9264.738799996849,2434.3933369942065
1764632180,1000,,Aggregated,277.300000,0.000000,290,450,800,1100,2800,4100,5200,5900,7800,8600,9300,308030,2901,290.0,828.0033334139425,28.891699999803677,9264.738799996849,2434.2754244716425
1764632181,1000,,Aggregated,278.800000,0.100000,290,450,800,1100,2800,4100,5200,5900,7800,8600,9300,308290,2901,290.0,828.3775661646395,28.891699999803677,9264.738799996849,2434.187891271206
1764632182,1000,,Aggregated,280.600000,0.100000,290,450,800,1100,2800,4100,5200,5900,7800,8600,9300,308554,2901,290.0,828.9103461964417,28.891699999803677,9264.738799996849,2434.205727360527
1764632183,1000,,Aggregated,281.700000,0.100000,290,460,800,1100,2800,4100,5200,5900,7800,8600,9300,308830,2901,290.0,829.4963551115402,28.891699999803677,9264.738799996849,2434.4717611630995
1764632184,1000,,Aggregated,277.400000,0.100000,290,460,800,1100,2800,4100,5200,5900,7800,8600,9300,309117,2901,290.0,830.1031951992192,28.891699999803677,9264.738799996849,2434.831814490953
1764632185,1000,,Aggregated,275.900000,0.100000,290,460,800,1100,2800,4100,5200,5900,7800,8600,9300,309383,2901,290.0,830.6298823833143,28.891699999803677,9264.738799996849,2434.8434238468176
1764632186,1000,,Aggregated,275.500000,0.100000,290,460,800,1100,2800,4100,5200,5900,7800,8600,9300,309675,2901,290.0,831.1425456678684,28.891699999803677,9264.738799996849,2434.8111503996124
1764632187,1000,,Aggregated,273.100000,0.100000,290,460,800,1100,2800,4100,5200,6000,7800,8600,9300,309891,2901,290.0,831.4456882500531,28.891699999803677,9264.738799996849,2434.7879641551385
1764632188,1000,,Aggregated,268.800000,0.100000,290,460,810,1100,2800,4100,5300,6000,7800,8600,9300,310189,2901,290.0,832.1935718658533,28.891699999803677,9264.738799996849,2434.933924155918
1764632189,1000,,Aggregated,271.400000,0.100000,290,460,810,1100,2800,4100,5300,6000,7800,8600,9300,310422,2901,290.0,832.7555856981692,28.891699999803677,9264.738799996849,2434.996504758039
1764632190,1000,,Aggregated,266.900000,0.100000,290,460,810,1100,2800,4100,5300,6000,7800,8600,9300,310699,2901,290.0,833.3599772783213,28.891699999803677,9264.738799996849,2435.1047026221518
1764632191,1000,,Aggregated,268.700000,0.000000,290,460,810,1100,2800,4100,5300,6000,7800,8600,9300,310978,2901,290.0,834.0406715265939,28.891699999803677,9264.738799996849,2435.2129314613894
1764632192,1000,,Aggregated,264.000000,0.000000,290,460,810,1100,2800,4100,5300,6000,7800,8600,9300,311248,2901,290.0,834.4627067107164,28.891699999803677,9264.738799996849,2435.2982894669203
1764632194,1000,,Aggregated,262.900000,0.000000,290,460,810,1100,2800,4100,5300,6000,7800,8600,9300,311481,2901,290.0,834.975119353017,28.891699999803677,9264.738799996849,2435.2166263752847
1764632195,1000,,Aggregated,266.600000,0.000000,290,460,810,1100,2800,4100,5300,6000,7800,8600,9300,311744,2901,290.0,835.6833270398059,28.891699999803677,9264.738799996849,2435.268524815233
1764632196,1000,,Aggregated,261.700000,0.000000,290,460,810,1100,2800,4100,5300,6000,7800,8600,9300,312031,2901,290.0,836.3908133034772,28.891699999803677,9264.738799996849,2435.6122500648976
1764632197,1000,,Aggregated,260.700000,0.000000,290,460,810,1100,2800,4100,5300,6000,7800,8600,9300,312311,2901,290.0,836.9162314987216,28.891699999803677,9264.738799996849,2435.5208398039135
1764632198,1000,,Aggregated,262.500000,0.000000,290,460,810,1100,2800,4100,5300,6000,7800,8600,9300,312603,2901,290.0,837.446974906501,28.891699999803677,9264.738799996849,2435.6592962959407
1764632199,1000,,Aggregated,261.300000,0.000000,290,460,810,1100,2800,4100,5300,6000,7800,8600,9300,312879,2901,290.0,837.8092394011646,28.891699999803677,9264.738799996849,2435.543683021232
1764632200,1000,,Aggregated,268.800000,0.000000,290,460,810,1100,2800,4100,5300,6000,7800,8600,9300,313150,2901,290.0,838.3076335701643,28.891699999803677,9264.738799996849,2435.7007664058756
1764632201,1000,,Aggregated,266.500000,0.000000,290,460,810,1100,2800,4100,5300,6000,7800,8600,9300,313418,2901,290.0,838.7009332661087,28.891699999803677,9264.738799996849,2435.7581089790633
1764632202,1000,,Aggregated,270.900000,0.000000,290,460,810,1100,2800,4100,5300,6000,7800,8600,9300,313692,2901,290.0,839.0345855087063,28.891699999803677,9264.738799996849,2435.907182841768
1764632203,1000,,Aggregated,270.700000,0.000000,290,460,820,1100,2800,4100,5300,6000,7800,8600,9300,314005,2901,290.0,839.7845298558843,28.891699999803677,9264.738799996849,2435.8946863903443
1764632204,1000,,Aggregated,269.700000,0.000000,290,470,820,1100,2800,4100,5300,6000,7800,8600,9300,314295,2901,290.0,840.252937041305,28.891699999803677,9264.738799996849,2435.9114844334144
1764632205,1000,,Aggregated,273.400000,0.000000,290,470,820,1100,2800,4100,5300,6000,7800,8600,9300,314551,2901,290.0,840.5374146682007,28.891699999803677,9264.738799996849,2435.9941917208976
1764632206,1000,,Aggregated,279.200000,0.000000,290,470,820,1100,2800,4100,5300,6000,7800,8600,9300,314829,2901,290.0,840.8901477551216,28.891699999803677,9264.738799996849,2436.1157136096103
1764632207,1000,,Aggregated,279.000000,0.000000,290,470,820,1100,2800,4100,5300,6000,7800,8600,9300,315071,2901,290.0,841.3086604117703,28.891699999803677,9264.738799996849,2436.095730803533
1764632208,1000,,Aggregated,278.100000,0.000000,290,470,820,1100,2800,4100,5300,6000,7800,8600,9300,315362,2901,290.0,841.8597809307936,28.891699999803677,9264.738799996849,2436.1840266106888
1764632209,1000,,Aggregated,273.800000,0.000000,290,470,820,1100,2800,4100,5300,6000,7800,8600,9300,315622,2901,290.0,842.3680361758596,28.891699999803677,9264.738799996849,2436.3489458909708
1764632210,1000,,Aggregated,272.900000,0.000000,290,470,820,1100,2800,4100,5300,6000,7800,8600,9300,315898,2901,290.0,842.9040010620419,28.891699999803677,9264.738799996849,2436.448489702372
1764632211,1000,,Aggregated,272.100000,0.000000,290,470,820,1100,2800,4100,5400,6000,7800,8600,9300,316177,2901,290.0,843.5019795554289,28.891699999803677,9264.738799996849,2436.606381868384
1764632212,1000,,Aggregated,272.600000,0.000000,290,470,820,1100,2800,4100,5400,6100,7800,8600,9300,316467,2901,290.0,844.060772831597,28.891699999803677,9264.738799996849,2436.5337997326737
1764632213,1000,,Aggregated,274.000000,0.000000,290,470,820,1100,2800,4100,5400,6100,7800,8600,9300,316794,2901,290.0,844.3975194473285,28.891699999803677,9264.738799996849,2436.66336167983
1764632214,1000,,Aggregated,275.700000,0.000000,290,470,820,1100,2800,4100,5400,6100,7800,8600,9300,317091,2901,290.0,844.6610918736171,28.891699999803677,9264.738799996849,2436.7542598181594
1764632215,1000,,Aggregated,277.100000,0.000000,290,470,820,1100,2800,4100,5400,6100,7900,8600,9300,317383,2901,290.0,844.9774202691923,28.891699999803677,9264.738799996849,2436.715189534411
1764632216,1000,,Aggregated,277.400000,0.000000,290,470,820,1100,2800,4100,5400,6100,7900,8600,9300,317627,2901,290.0,845.28365225279,28.891699999803677,9265.673699999752,2436.7510129806346
1764632217,1000,,Aggregated,280.400000,0.000000,290,470,820,1100,2800,4100,5400,6100,7900,8600,9300,317846,2901,290.0,845.7918788120564,28.891699999803677,9265.673699999752,2436.7733147499102
1764632218,1000,,Aggregated,278.300000,0.000000,290,470,820,1100,2800,4100,5400,6100,7900,8600,9300,318095,2901,290.0,846.4541044398587,28.891699999803677,9265.673699999752,2436.7649098539746
1764632219,1000,,Aggregated,277.300000,0.000000,290,470,820,1100,2900,4100,5400,6100,7900,8600,9300,318324,2901,290.0,846.9847038690041,28.891699999803677,9265.673699999752,2436.9193651751048
1764632220,1000,,Aggregated,272.700000,0.000000,290,470,830,1100,2900,4100,5400,6100,7900,8600,9300,318615,2901,290.0,847.7379704047091,28.891699999803677,9265.673699999752,2437.049269494531
1764632221,1000,,Aggregated,269.900000,0.000000,290,480,830,1100,2900,4100,5400,6100,7900,8600,9300,318914,2901,290.0,848.3564922013339,28.891699999803677,9265.673699999752,2437.2300463447827
1764632222,1000,,Aggregated,268.900000,0.000000,290,480,830,1100,2900,4200,5400,6100,7900,8600,9300,319207,2901,290.0,848.8971335133508,28.891699999803677,9265.673699999752,2437.3191471364976
1764632223,1000,,Aggregated,269.100000,0.000000,290,480,830,1100,2900,4200,5400,6100,7900,8600,9300,319464,2901,290.0,849.249528411013,28.891699999803677,9265.673699999752,2437.360312899106
1764632224,1000,,Aggregated,272.600000,0.000000,290,480,830,1100,2900,4200,5400,6100,7900,8600,9300,319708,2901,290.0,849.6315414737695,28.891699999803677,9265.673699999752,2437.325590851652
1764632225,1000,,Aggregated,266.200000,0.000000,290,480,830,1100,2900,4200,5400,6100,7900,8600,9300,319939,2901,290.0,850.1092946555302,28.891699999803677,9265.673699999752,2437.2977536342864
1764632226,1000,,Aggregated,261.500000,0.000000,290,480,830,1100,2900,4200,5400,6100,7900,8600,9300,320213,2901,290.0,850.7896639439853,28.891699999803677,9265.673699999752,2437.505660294866
1764632227,1000,,Aggregated,256.000000,0.000000,290,480,830,1100,2900,4200,5400,6100,7900,8600,9300,320508,2901,290.0,851.4102251481877,28.891699999803677,9265.673699999752,2437.6438372833127
1764632228,1000,,Aggregated,256.800000,0.000000,290,480,830,1100,2900,4200,5400,6100,7900,8600,9300,320766,2901,290.0,852.0463000720008,28.891699999803677,9265.673699999752,2437.713566899235
1764632229,1000,,Aggregated,262.700000,0.000000,290,480,830,1100,2900,4200,5400,6100,7900,8600,9300,321054,2901,290.0,852.6848954247431,28.891699999803677,9265.673699999752,2437.825094843858
1764632230,1000,,Aggregated,262.600000,0.000000,290,480,830,1100,2900,4200,5400,6100,7900,8600,9300,321299,2901,290.0,853.191961117823,28.891699999803677,9265.673699999752,2437.7998250850455
1764632231,1000,,Aggregated,269.100000,0.000000,290,480,830,1100,2900,4200,5400,6100,7900,8600,9300,321505,2901,290.0,853.49051109126,28.891699999803677,9265.673699999752,2437.741117556492
1764632232,1000,,Aggregated,267.800000,0.000000,290,480,840,1100,2900,4200,5400,6100,7900,8600,9300,321729,2901,290.0,854.4125587646597,28.891699999803677,9265.673699999752,2438.0251764683944
1764632233,1000,,Aggregated,261.000000,0.000000,290,480,840,1100,2900,4200,5400,6100,7900,8600,9300,322001,2901,290.0,855.2041209036461,28.891699999803677,9265.673699999752,2438.2861761298877
1764632234,1000,,Aggregated,251.200000,0.000000,290,480,840,1100,2900,4200,5400,6100,7900,8600,9300,322285,2901,290.0,855.9761521910572,28.891699999803677,9265.673699999752,2438.398485812247
1764632235,1000,,Aggregated,254.000000,0.000000,290,480,840,1100,2900,4200,5500,6200,7900,8600,9300,322594,2901,290.0,856.5736009438957,28.891699999803677,9265.673699999752,2438.614828546098
1764632236,1000,,Aggregated,253.700000,0.000000,290,480,840,1100,2900,4200,5500,6200,7900,8600,9300,322872,2901,290.0,857.0093912129113,28.891699999803677,9265.673699999752,2438.602136450358
1764632237,1000,,Aggregated,262.200000,0.000000,290,480,840,1100,2900,4200,5500,6200,7900,8600,9300,323155,2901,290.0,857.3821426986901,28.891699999803677,9265.673699999752,2438.502845383794
1764632238,1000,,Aggregated,264.200000,0.000000,300,480,840,1100,2900,4200,5500,6200,7900,8600,9300,323418,2901,300.0,857.8308942427288,28.891699999803677,9265.673699999752,2438.527803028898
1764632239,1000,,Aggregated,262.000000,0.000000,300,490,840,1100,2900,4200,5500,6200,7900,8600,9300,323715,2901,300.0,858.2898107755113,28.891699999803677,9265.673699999752,2438.6226495528476
1764632240,1000,,Aggregated,267.200000,0.000000,300,490,840,1100,2900,4200,5500,6200,7900,8600,9300,323986,2901,300.0,858.5461131703073,28.891699999803677,9265.673699999752,2438.446556332681
1764632241,1000,,Aggregated,264.900000,0.000000,300,490,840,1100,2900,4200,5500,6200,7900,8600,9300,324277,2901,300.0,859.0876312602963,28.891699999803677,9265.673699999752,2438.427514131437
1764632242,1000,,Aggregated,267.500000,0.000000,300,490,840,1100,2900,4200,5500,6200,7900,8600,9300,324548,2901,300.0,859.4464634590109,28.891699999803677,9265.673699999752,2438.3234159507992
1764632243,1000,,Aggregated,272.900000,0.000000,300,490,840,1100,2900,4200,5500,6200,7900,8600,9300,324847,2901,300.0,859.812736986013,28.891699999803677,9265.673699999752,2438.3281667985234
1764632244,1000,,Aggregated,278.600000,0.000000,300,490,840,1100,2900,4200,5500,6200,7900,8600,9300,325114,2901,300.0,860.1898817466966,28.891699999803677,9265.673699999752,2438.2718800174707
1764632245,1000,,Aggregated,279.900000,0.000000,300,490,840,1100,2900,4200,5500,6200,7900,8600,9300,325364,2901,300.0,860.4987608063461,28.891699999803677,9265.673699999752,2438.20688521164
1764632246,1000,,Aggregated,283.800000,0.000000,300,490,840,1100,2900,4200,5500,6200,7900,8600,9300,325599,2901,300.0,861.0187246066366,28.891699999803677,9265.673699999752,2438.333274979346
1764632247,1000,,Aggregated,277.000000,0.000000,300,490,850,1100,2900,4200,5500,6200,7900,8600,9300,325869,2901,300.0,861.5833429816774,28.891699999803677,9265.673699999752,2438.6061638265683
1764632248,999,,Aggregated,271.200000,0.000000,300,490,850,1100,2900,4200,5500,6200,7900,8600,9300,326087,2901,300.0,862.2330898689507,28.891699999803677,9265.673699999752,2438.6483300468894
1764632249,991,,Aggregated,273.000000,0.000000,300,490,850,1100,2900,4200,5500,6200,7900,8600,9300,326345,2901,300.0,862.9647948710605,28.891699999803677,9265.673699999752,2438.9115292098854
1764632250,983,,Aggregated,266.700000,0.000000,300,490,850,1100,2900,4200,5500,6200,7900,8600,9300,326605,2901,300.0,863.5987000443846,28.891699999803677,9265.673699999752,2439.1060026637683
1764632251,975,,Aggregated,261.400000,0.000000,300,490,850,1100,2900,4200,5500,6200,7900,8600,9300,326832,2901,300.0,864.0604831215911,28.891699999803677,9265.673699999752,2439.07331901405
1764632252,967,,Aggregated,261.200000,0.000000,300,490,850,1200,2900,4200,5500,6200,7900,8600,9300,327081,2901,300.0,864.7735835765319,28.891699999803677,9265.673699999752,2439.273296217145
1764632253,958,,Aggregated,257.300000,0.000000,300,490,850,1200,2900,4200,5500,6200,7900,8600,9300,327345,2901,300.0,865.436597616568,28.891699999803677,9265.673699999752,2439.332258015244
1764632254,950,,Aggregated,250.500000,0.000000,300,490,850,1200,2900,4200,5500,6200,7900,8600,9300,327578,2901,300.0,865.9389428026168,28.891699999803677,9265.673699999752,2439.3172893173532
1764632255,942,,Aggregated,248.100000,0.000000,300,490,850,1200,2900,4200,5500,6200,7900,8600,9300,327838,2901,300.0,866.4573495223119,28.891699999803677,9265.673699999752,2439.428705641201
1764632256,934,,Aggregated,243.300000,0.000000,300,490,850,1200,2900,4200,5500,6200,7900,8600,9300,328091,2901,300.0,867.1063431718518,28.891699999803677,9265.673699999752,2439.6848252466543
1764632257,926,,Aggregated,243.000000,0.000000,300,490,860,1200,2900,4200,5500,6200,7900,8600,9300,328361,2901,300.0,867.7560220348822,28.891699999803677,9265.673699999752,2439.9875502876407
1764632258,917,,Aggregated,247.200000,0.000000,300,500,860,1200,2900,4200,5500,6200,7900,8600,9300,328603,2901,300.0,868.1400322136304,28.891699999803677,9265.673699999752,2440.0218226857332
1764632259,909,,Aggregated,245.500000,0.000000,300,500,860,1200,2900,4200,5600,6300,7900,8600,9300,328847,2901,300.0,868.4476993103049,28.891699999803677,9265.673699999752,2439.8451620358405
1764632260,901,,Aggregated,248.000000,0.000000,300,500,860,1200,2900,4200,5600,6300,7900,8600,9300,329061,2901,300.0,868.8583198394701,28.891699999803677,9265.673699999752,2439.9010335469716
1764632261,893,,Aggregated,249.900000,0.000000,300,500,860,1200,2900,4200,5600,6300,7900,8600,9300,329308,2901,300.0,869.3242869693303,28.891699999803677,9265.673699999752,2439.8581054817982
1764632262,885,,Aggregated,245.200000,0.000000,300,500,860,1200,2900,4200,5600,6300,7900,8600,9300,329558,2901,300.0,869.8219639119551,28.891699999803677,9265.673699999752,2440.022715273184
1764632263,876,,Aggregated,243.900000,0.000000,300,500,860,1200,2900,4200,5600,6300,7900,8600,9300,329830,2901,300.0,870.309230268308,28.891699999803677,9265.673699999752,2440.213231058424
1764632264,868,,Aggregated,246.900000,0.000000,300,500,860,1200,2900,4200,5600,6300,7900,8600,9300,330103,2901,300.0,870.7669029657285,28.891699999803677,9265.673699999752,2440.255641421011
1764632265,860,,Aggregated,246.700000,0.000000,300,500,860,1200,2900,4200,5600,6300,7900,8600,9300,330352,2901,300.0,871.0108894933144,28.891699999803677,9265.673699999752,2440.1055540756524
1764632266,852,,Aggregated,249.400000,0.000000,300,500,860,1200,2900,4200,5600,6300,7900,8600,9300,330620,2901,300.0,871.2255949146905,28.891699999803677,9265.673699999752,2440.075609461013
1764632267,844,,Aggregated,251.200000,0.000000,300,500,860,1200,2900,4300,5600,6300,7900,8600,9300,330852,2901,300.0,871.4442508749983,28.891699999803677,9265.673699999752,2440.289872813222
1764632268,836,,Aggregated,251.600000,0.000000,300,500,860,1200,2900,4300,5600,6300,7900,8600,9300,331128,2901,300.0,871.7512319368793,28.891699999803677,9265.673699999752,2440.4052360416517
1764632269,827,,Aggregated,248.800000,0.000000,300,500,860,1200,2900,4300,5600,6300,7900,8600,9300,331381,2901,300.0,871.8854056499772,28.891699999803677,9265.673699999752,2440.2409341513244
1764632270,819,,Aggregated,250.000000,0.000000,300,500,860,1200,2900,4300,5600,6300,7900,8600,9300,331652,2901,300.0,872.0645939563017,28.891699999803677,9265.673699999752,2440.2453053200343
1764632271,810,,Aggregated,253.100000,0.000000,300,500,860,1200,2900,4300,5600,6300,7900,8600,9300,331877,2901,300.0,872.015955048091,28.891699999803677,9265.673699999752,2440.2263338526022
1764632272,802,,Aggregated,255.000000,0.000000,300,500,860,1200,2900,4300,5600,6300,7900,8600,9300,332127,2901,300.0,872.2422573647881,28.891699999803677,9265.673699999752,2440.4621214174094
1764632273,794,,Aggregated,257.800000,0.000000,300,500,860,1200,2900,4300,5600,6300,7900,8600,9300,332393,2901,300.0,872.3117435640797,28.891699999803677,9265.673699999752,2440.7239081448765
1764632274,786,,Aggregated,253.700000,0.000000,300,500,860,1200,2900,4300,5600,6300,7900,8600,9300,332648,2901,300.0,872.3711758125562,28.891699999803677,9265.673699999752,2440.77680911955
1764632275,778,,Aggregated,255.200000,0.000000,300,500,860,1200,2900,4300,5600,6300,7900,8600,9300,332877,2901,300.0,872.3663145993718,28.891699999803677,9265.673699999752,2440.859149175221
1764632276,769,,Aggregated,255.000000,0.000000,300,500,860,1200,2900,4300,5600,6300,7900,8600,9300,333138,2901,300.0,872.3471642472334,28.891699999803677,9265.673699999752,2440.9533646716977
1764632277,761,,Aggregated,252.600000,0.000000,300,500,860,1200,2900,4300,5600,6300,7900,8600,9300,333412,2901,300.0,872.4581244382169,28.891699999803677,9265.673699999752,2441.17951063549
1764632278,753,,Aggregated,250.300000,0.000000,300,500,860,1200,2900,4300,5600,6300,7900,8600,9300,333642,2901,300.0,872.3581223862546,28.891699999803677,9265.673699999752,2441.09637575605
1764632279,745,,Aggregated,251.700000,0.000000,300,500,860,1200,2900,4300,5600,6300,7900,8600,9300,333869,2901,300.0,872.3527662484224,28.891699999803677,9265.673699999752,2441.2688419709525
1764632280,737,,Aggregated,251.300000,0.000000,300,500,860,1200,2900,4300,5600,6300,7900,8600,9300,334100,2901,300.0,872.3149119134821,28.891699999803677,9265.673699999752,2441.405414546543
1764632281,729,,Aggregated,248.000000,0.000000,300,500,860,1200,2900,4300,5600,6300,7900,8600,9300,334349,2901,300.0,872.2637625163964,28.891699999803677,9265.673699999752,2441.4918752560948
1764632282,720,,Aggregated,245.700000,0.000000,300,500,860,1200,2900,4300,5600,6300,7900,8600,9300,334590,2901,300.0,872.2178980665726,28.891699999803677,9265.673699999752,2441.4913595744047
1764632283,712,,Aggregated,243.800000,0.000000,300,500,860,1200,2900,4300,5600,6300,7900,8600,9300,334816,2901,300.0,872.2188025258491,28.891699999803677,9265.673699999752,2441.656939931186
1764632284,704,,Aggregated,247.100000,0.000000,300,500,860,1200,2900,4300,5600,6300,7900,8600,9300,335063,2901,300.0,872.1414033877052,28.891699999803677,9265.673699999752,2441.8725553104937
1764632285,696,,Aggregated,242.900000,0.000000,300,500,860,1200,2900,4300,5600,6300,7900,8600,9300,335309,2901,300.0,872.0580478263158,28.891699999803677,9265.673699999752,2441.8045265710134
1764632286,688,,Aggregated,240.500000,0.000000,300,500,860,1200,2900,4300,5600,6300,7900,8600,9300,335543,2901,300.0,871.9388549291566,28.891699999803677,9265.673699999752,2441.91147483333
1764632287,679,,Aggregated,240.800000,0.000000,300,500,850,1200,2900,4300,5600,6300,7900,8600,9300,335749,2901,300.0,871.8940503727318,28.891699999803677,9265.673699999752,2442.13910093552
1764632288,671,,Aggregated,239.400000,0.000000,300,500,850,1200,2900,4300,5600,6300,7900,8600,9300,335997,2901,300.0,871.8645034812643,28.891699999803677,9265.673699999752,2442.3381309952174
1764632289,663,,Aggregated,236.200000,0.000000,300,500,850,1200,2900,4300,5600,6300,7900,8600,9300,336235,2901,300.0,871.7879966077134,28.891699999803677,9265.673699999752,2442.4772435945097
1764632290,655,,Aggregated,231.500000,0.000000,300,490,850,1200,2900,4300,5600,6300,7900,8600,9300,336481,2901,300.0,871.6129381682615,28.891699999803677,9265.673699999752,2442.7454923160594
1764632291,646,,Aggregated,233.500000,0.000000,300,490,850,1200,2900,4300,5600,6300,7900,8600,9300,336740,2901,300.0,871.3955671461518,28.891699999803677,9265.673699999752,2442.9814456257054
1764632292,638,,Aggregated,234.600000,0.000000,300,490,850,1200,2900,4200,5600,6300,7900,8600,9300,336949,2901,300.0,871.1342228761481,28.891699999803677,9265.673699999752,2442.8790647842848
1764632293,630,,Aggregated,236.300000,0.000000,300,490,850,1200,2900,4200,5600,6300,7900,8600,9300,337169,2904,300.0,870.8631071738359,28.891699999803677,9265.673699999752,2442.9065631775165
1764632294,622,,Aggregated,237.100000,0.000000,300,490,850,1200,2900,4200,5600,6300,7900,8600,9300,337415,2923,300.0,870.6026967010797,28.891699999803677,9265.673699999752,2442.923758576234
1764632295,614,,Aggregated,233.900000,0.000000,300,490,850,1200,2900,4200,5600,6300,7900,8600,9300,337659,2943,300.0,870.4391432151804,28.891699999803677,9265.673699999752,2442.9438457141673
1764632296,605,,Aggregated,234.000000,0.900000,300,490,850,1200,2900,4200,5600,6300,7900,8600,9300,337886,2966,300.0,870.1171660361603,28.891699999803677,9265.673699999752,2442.9761398814985
1764632297,597,,Aggregated,233.100000,2.500000,300,490,850,1200,2900,4200,5600,6300,7900,8600,9300,338120,2982,300.0,869.7699757103809,28.891699999803677,9265.673699999752,2443.036726605939
1764632298,589,,Aggregated,233.200000,4.800000,300,490,850,1200,2900,4200,5600,6300,7900,8600,9300,338325,2991,300.0,869.3977293188325,28.891699999803677,9265.673699999752,2442.899147269637
1764632299,581,,Aggregated,234.900000,7.000000,300,490,850,1200,2900,4200,5600,6300,7900,8600,9300,338521,2994,300.0,869.1000726040447,28.891699999803677,9265.673699999752,2442.8670599460593
1764632300,573,,Aggregated,235.700000,8.800000,300,490,850,1200,2900,4200,5600,6300,7900,8600,9300,338720,2994,300.0,868.8952521743446,28.891699999803677,9265.673699999752,2442.9341373405764
1764632301,565,,Aggregated,229.900000,9.100000,300,490,850,1200,2900,4200,5500,6300,7900,8600,9300,338907,2994,300.0,868.7221712838439,28.891699999803677,9265.673699999752,2443.114863369597
1764632302,556,,Aggregated,225.300000,9.300000,300,490,850,1200,2900,4200,5500,6300,7900,8600,9300,339120,2994,300.0,868.569291458168,28.891699999803677,9265.673699999752,2443.1526716206654
1764632303,548,,Aggregated,219.800000,9.300000,300,490,850,1200,2900,4200,5500,6300,7900,8600,9300,339348,2998,300.0,868.4111851759659,28.891699999803677,9265.673699999752,2443.4502811273383
1764632304,540,,Aggregated,216.100000,9.300000,300,490,850,1200,2900,4200,5500,6200,7900,8600,9300,339573,3006,300.0,868.0583977312504,28.891699999803677,9265.673699999752,2443.708451496438
1764632305,532,,Aggregated,215.700000,9.300000,300,490,850,1200,2900,4200,5500,6200,7900,8600,9300,339785,3016,300.0,867.6285416619158,28.891699999803677,9265.673699999752,2443.743128743176
1764632306,524,,Aggregated,214.900000,9.100000,300,490,850,1200,2900,4200,5500,6200,7900,8600,9300,339995,3025,300.0,867.2111565440493,28.891699999803677,9265.673699999752,2443.825973911381
1764632307,516,,Aggregated,212.900000,8.000000,300,490,850,1200,2900,4200,5500,6200,7900,8600,9300,340223,3029,300.0,866.7367164941644,28.891699999803677,9265.673699999752,2443.8923294427477
1764632308,507,,Aggregated,209.900000,7.000000,300,490,850,1100,2900,4200,5500,6200,7900,8600,9300,340421,3031,300.0,866.3189911233278,28.891699999803677,9265.673699999752,2444.0384053862717
1764632309,499,,Aggregated,208.500000,5.500000,300,490,850,1100,2900,4200,5500,6200,7900,8600,9300,340629,3032,300.0,865.8603332261631,28.891699999803677,9265.673699999752,2444.075906631555
1764632310,491,,Aggregated,208.400000,4.000000,300,490,850,1100,2900,4200,5500,6200,7900,8600,9300,340839,3032,300.0,865.4255370916907,28.891699999803677,9265.673699999752,2444.1695903344394
1764632311,483,,Aggregated,208.600000,4.000000,300,490,840,1100,2900,4200,5500,6200,7900,8600,9300,341029,3032,300.0,865.0142961979617,28.891699999803677,9265.673699999752,2444.193197645948
1764632312,475,,Aggregated,209.100000,3.800000,300,490,840,1100,2900,4200,5500,6200,7900,8600,9300,341216,3032,300.0,864.6100825667469,28.891699999803677,9265.673699999752,2444.3793491512706
1764632313,466,,Aggregated,211.300000,3.800000,300,480,840,1100,2900,4200,5500,6200,7900,8600,9300,341415,3032,300.0,864.1732147245876,28.891699999803677,9265.673699999752,2444.4164316154825
1764632314,458,,Aggregated,210.500000,3.800000,300,480,840,1100,2900,4200,5500,6200,7900,8600,9300,341613,3032,300.0,863.7408260513954,28.891699999803677,9265.673699999752,2444.472370782142
1764632315,450,,Aggregated,207.100000,3.800000,300,480,840,1100,2900,4200,5500,6200,7900,8600,9300,341813,3032,300.0,863.3167626228241,28.891699999803677,9265.673699999752,2444.54288163411
1764632316,442,,Aggregated,204.600000,3.100000,290,480,840,1100,2900,4200,5500,6200,7900,8600,9300,341999,3032,290.0,862.9210794768284,28.891699999803677,9265.673699999752,2444.774157234378
1764632317,434,,Aggregated,202.900000,2.600000,290,480,840,1100,2900,4200,5500,6200,7900,8600,9300,342185,3032,290.0,862.5137618831783,28.891699999803677,9265.673699999752,2444.841296374768
1764632318,425,,Aggregated,201.500000,1.300000,290,480,840,1100,2900,4200,5500,6200,7900,8600,9300,342370,3032,290.0,862.1153806647644,28.891699999803677,9265.673699999752,2445.084884773783
1764632319,417,,Aggregated,197.100000,0.600000,290,480,840,1100,2900,4200,5500,6200,7900,8600,9300,342533,3032,290.0,861.7532659696889,28.891699999803677,9265.673699999752,2445.2578671252113
1764632320,409,,Aggregated,193.200000,0.300000,290,480,840,1100,2900,4200,5500,6200,7900,8600,9300,342699,3032,290.0,861.3852560520913,28.891699999803677,9265.673699999752,2445.374010428977
1764632321,401,,Aggregated,192.600000,0.000000,290,480,840,1100,2900,4200,5500,6200,7900,8600,9300,342850,3032,290.0,861.0564733028899,28.891699999803677,9265.673699999752,2445.6102785474695
1764632322,393,,Aggregated,188.700000,0.000000,290,480,840,1100,2900,4200,5500,6200,7900,8600,9300,343032,3032,290.0,860.6647075916993,28.891699999803677,9265.673699999752,2445.6950867557543
1764632323,384,,Aggregated,182.700000,0.000000,290,480,840,1100,2900,4200,5500,6200,7900,8600,9300,343178,3032,290.0,860.3458230370125,28.891699999803677,9265.673699999752,2445.7857992062427
1764632324,376,,Aggregated,178.100000,0.000000,290,480,840,1100,2900,4200,5500,6200,7900,8600,9300,343331,3032,290.0,860.0174339945878,28.891699999803677,9265.673699999752,2446.012189403229
1764632325,368,,Aggregated,178.900000,0.000000,290,480,840,1100,2900,4200,5500,6200,7900,8600,9300,343475,3032,290.0,859.7015508319259,28.891699999803677,9265.673699999752,2446.1113239682654
1764632326,360,,Aggregated,173.800000,0.000000,290,480,840,1100,2900,4200,5500,6200,7900,8600,9300,343627,3032,290.0,859.3734465973155,28.891699999803677,9265.673699999752,2446.1103493031687
1764632327,352,,Aggregated,169.000000,0.000000,290,480,840,1100,2900,4200,5500,6200,7900,8600,9300,343777,3032,290.0,859.0539335548798,28.891699999803677,9265.673699999752,2446.1419757575404
1764632328,344,,Aggregated,164.600000,0.000000,290,480,830,1100,2900,4200,5500,6200,7900,8600,9300,343920,3032,290.0,858.7548245478478,28.891699999803677,9265.673699999752,2446.2030123284485
1764632329,335,,Aggregated,161.900000,0.000000,290,480,830,1100,2900,4200,5500,6200,7900,8600,9300,344055,3032,290.0,858.4747389623636,28.891699999803677,9265.673699999752,2446.2751071776315
1764632330,327,,Aggregated,158.600000,0.000000,290,480,830,1100,2900,4200,5500,6200,7900,8600,9300,344201,3032,290.0,858.1510928100038,28.891699999803677,9265.673699999752,2446.47290972426
1764632331,319,,Aggregated,153.000000,0.000000,290,480,830,1100,2900,4200,5500,6200,7900,8600,9300,344326,3032,290.0,857.8895639030931,28.891699999803677,9265.673699999752,2446.561836747733
1764632332,311,,Aggregated,150.900000,0.000000,290,480,830,1100,2900,4200,5500,6200,7900,8600,9300,344465,3032,290.0,857.590302563095,28.891699999803677,9265.673699999752,2446.6236192356264
1764632333,303,,Aggregated,150.000000,0.000000,290,480,830,1100,2900,4200,5500,6200,7900,8600,9300,344592,3032,290.0,857.3145490092526,28.891699999803677,9265.673699999752,2446.6130612434417
1764632334,294,,Aggregated,148.000000,0.000000,290,480,830,1100,2800,4200,5500,6200,7900,8600,9300,344708,3032,290.0,857.0646475712668,28.891699999803677,9265.673699999752,2446.6755891943326
1764632335,286,,Aggregated,142.800000,0.000000,290,480,830,1100,2800,4200,5500,6200,7900,8600,9300,344816,3032,290.0,856.8334811742961,28.891699999803677,9265.673699999752,2446.7851288803304
1764632336,278,,Aggregated,140.200000,0.000000,290,480,830,1100,2800,4200,5500,6200,7900,8600,9300,344929,3032,290.0,856.5824804577067,28.891699999803677,9265.673699999752,2446.8005125692534
1764632338,270,,Aggregated,133.000000,0.000000,290,480,830,1100,2800,4200,5500,6200,7900,8600,9300,345038,3032,290.0,856.3491611416615,28.891699999803677,9265.673699999752,2446.8390119349174
1764632339,262,,Aggregated,129.200000,0.000000,290,470,830,1100,2800,4200,5500,6200,7900,8600,9300,345151,3034,290.0,856.1056331139031,28.891699999803677,9265.673699999752,2446.7600847165445
1764632340,253,,Aggregated,125.000000,0.000000,290,470,830,1100,2800,4200,5500,6200,7900,8600,9300,345251,3034,290.0,855.8929209276638,28.891699999803677,9265.673699999752,2446.804704403463
1764632341,245,,Aggregated,122.300000,0.200000,290,470,830,1100,2800,4200,5500,6200,7900,8600,9300,345354,3034,290.0,855.6673761273836,28.891699999803677,9265.673699999752,2446.860609693242
1764632342,237,,Aggregated,118.700000,0.200000,290,470,830,1100,2800,4200,5500,6200,7900,8600,9300,345448,3034,290.0,855.4680712506558,28.891699999803677,9265.673699999752,2446.913998633658
1764632343,229,,Aggregated,114.400000,0.200000,290,470,830,1100,2800,4200,5500,6200,7900,8600,9300,345557,3034,290.0,855.2318894518031,28.891699999803677,9265.673699999752,2447.0750498470584
1764632344,221,,Aggregated,110.700000,0.200000,290,470,830,1100,2800,4200,5500,6200,7900,8600,9300,345637,3037,290.0,855.0951143034356,28.891699999803677,9265.673699999752,2447.0350107193385
1764632345,212,,Aggregated,108.600000,0.200000,290,470,830,1100,2800,4200,5500,6200,7900,8600,9300,345718,3038,290.0,854.9286005961409,28.891699999803677,9265.673699999752,2447.0699182570766
1764632346,204,,Aggregated,103.500000,0.500000,290,470,830,1100,2800,4200,5500,6200,7900,8600,9300,345807,3040,290.0,854.7596252629266,28.891699999803677,9265.673699999752,2447.0883267256013
1764632347,196,,Aggregated,100.100000,0.600000,290,470,830,1100,2800,4200,5500,6200,7900,8600,9300,345875,3042,290.0,854.6359231288665,28.891699999803677,9265.673699999752,2447.1160332490063
1764632348,188,,Aggregated,98.300000,0.800000,290,470,830,1100,2800,4200,5500,6200,7900,8600,9300,345962,3044,290.0,854.4734007520966,28.891699999803677,9265.673699999752,2447.209456529908
1764632349,180,,Aggregated,94.000000,0.900000,290,470,830,1100,2800,4200,5500,6200,7900,8600,9300,346041,3044,290.0,854.3038551018428,28.891699999803677,9265.673699999752,2447.2066951604
1764632350,171,,Aggregated,91.300000,1.200000,290,470,830,1100,2800,4200,5500,6200,7900,8600,9300,346115,3044,290.0,854.141011443297,28.891699999803677,9265.673699999752,2447.3183306126575
1764632351,163,,Aggregated,88.200000,1.000000,290,470,830,1100,2800,4200,5500,6200,7900,8600,9300,346178,3044,290.0,854.0047712575515,28.891699999803677,9265.673699999752,2447.3460936281335
1764632352,155,,Aggregated,85.400000,1.000000,290,470,830,1100,2800,4200,5500,6200,7900,8600,9300,346252,3044,290.0,853.8470012623665,28.891699999803677,9265.673699999752,2447.3911197624852
1764632353,147,,Aggregated,81.600000,1.000000,290,470,830,1100,2800,4200,5500,6200,7900,8600,9300,346304,3044,290.0,853.737353848633,28.891699999803677,9265.673699999752,2447.4732922518942
1764632354,139,,Aggregated,80.000000,1.000000,290,470,830,1100,2800,4200,5500,6200,7900,8600,9300,346369,3044,290.0,853.6011135465268,28.891699999803677,9265.673699999752,2447.5053887616964
1764632355,130,,Aggregated,74.600000,1.000000,290,470,830,1100,2800,4200,5500,6200,7900,8600,9300,346420,3044,290.0,853.4918666044019,28.891699999803677,9265.673699999752,2447.5866231741816
1764632356,122,,Aggregated,72.900000,0.700000,290,470,830,1100,2800,4200,5500,6200,7900,8600,9300,346470,3044,290.0,853.3861147103554,28.891699999803677,9265.673699999752,2447.630022801397
1764632357,114,,Aggregated,70.000000,0.600000,290,470,830,1100,2800,4200,5500,6200,7900,8600,9300,346523,3044,290.0,853.2750771873641,28.891699999803677,9265.673699999752,2447.7146336606806
1764632358,106,,Aggregated,66.200000,0.400000,290,470,830,1100,2800,4200,5500,6200,7900,8600,9300,346559,3044,290.0,853.1998344281836,28.891699999803677,9265.673699999752,2447.8013325292372
1764632359,98,,Aggregated,64.500000,0.300000,290,470,830,1100,2800,4200,5500,6200,7900,8600,9300,346607,3044,290.0,853.0978654591421,28.891699999803677,9265.673699999752,2447.8341291433812
1764632360,89,,Aggregated,60.300000,0.000000,290,470,830,1100,2800,4200,5500,6200,7900,8600,9300,346639,3044,290.0,853.0318048924003,28.891699999803677,9265.673699999752,2447.8262919059885
1764632361,81,,Aggregated,56.300000,0.000000,290,470,830,1100,2800,4200,5500,6200,7900,8600,9300,346677,3044,290.0,852.948595368013,28.891699999803677,9265.673699999752,2447.8372346593515
1764632362,73,,Aggregated,52.700000,0.000000,290,470,830,1100,2800,4200,5500,6200,7900,8600,9300,346712,3044,290.0,852.8742687876301,28.891699999803677,9265.673699999752,2447.905047993724
1764632363,65,,Aggregated,49.900000,0.000000,290,470,830,1100,2800,4200,5500,6200,7900,8600,9300,346738,3044,290.0,852.8192436874431,28.891699999803677,9265.673699999752,2447.9168103870934
1764632364,56,,Aggregated,46.000000,0.000000,290,470,830,1100,2800,4200,5500,6200,7900,8600,9300,346767,3044,290.0,852.7569671447881,28.891699999803677,9265.673699999752,2447.898854273907
1764632365,48,,Aggregated,42.900000,0.000000,290,470,830,1100,2800,4200,5500,6200,7900,8600,9300,346780,3044,290.0,852.7294892857046,28.891699999803677,9265.673699999752,2447.9284964530825
1764632366,40,,Aggregated,40.000000,0.000000,290,470,830,1100,2800,4200,5500,6200,7900,8600,9300,346798,3044,290.0,852.692372068745,28.891699999803677,9265.673699999752,2447.918736555574
1764632367,32,,Aggregated,36.400000,0.000000,290,470,830,1100,2800,4200,5500,6200,7900,8600,9300,346814,3044,290.0,852.6576729800314,28.891699999803677,9265.673699999752,2447.9312744006875
1764632368,24,,Aggregated,33.300000,0.000000,290,470,830,1100,2800,4200,5500,6200,7900,8600,9300,346821,3044,290.0,852.6426064125201,28.891699999803677,9265.673699999752,2447.912565848089
